evals_bought,evals_passed,funded_accounts,payouts,withdrawn,fees_paid,net_to_trader,avg_payout,largest_payout,first_payout_day,pct_time_funded,days_funded,days_in_eval,start_date,config,firm
3,0,0,0,0.0,105.0,-105.0,0.0,0.0,,0.0,0,504,2010-06-07,fixed N=2 (trailing),apex_50k
3,0,0,0,0.0,105.0,-105.0,0.0,0.0,,0.0,0,504,2010-11-01,fixed N=2 (trailing),apex_50k
3,0,0,0,0.0,105.0,-105.0,0.0,0.0,,0.0,0,504,2011-03-15,fixed N=2 (trailing),apex_50k
3,0,0,0,0.0,105.0,-105.0,0.0,0.0,,0.0,0,504,2011-05-31,fixed N=2 (trailing),apex_50k
3,0,0,0,0.0,105.0,-105.0,0.0,0.0,,0.0,0,504,2011-09-26,fixed N=2 (trailing),apex_50k
3,0,0,0,0.0,105.0,-105.0,0.0,0.0,,0.0,0,504,2012-02-13,fixed N=2 (trailing),apex_50k
3,0,0,0,0.0,105.0,-105.0,0.0,0.0,,0.0,0,504,2012-07-05,fixed N=2 (trailing),apex_50k
3,0,0,0,0.0,105.0,-105.0,0.0,0.0,,0.0,0,504,2012-09-11,fixed N=2 (trailing),apex_50k
3,0,0,0,0.0,105.0,-105.0,0.0,0.0,,0.0,0,504,2012-10-16,fixed N=2 (trailing),apex_50k
3,0,0,0,0.0,105.0,-105.0,0.0,0.0,,0.0,0,504,2012-11-29,fixed N=2 (trailing),apex_50k
3,0,0,0,0.0,105.0,-105.0,0.0,0.0,,0.0,0,504,2013-01-11,fixed N=2 (trailing),apex_50k
3,0,0,0,0.0,105.0,-105.0,0.0,0.0,,0.0,0,504,2013-03-11,fixed N=2 (trailing),apex_50k
3,0,0,0,0.0,105.0,-105.0,0.0,0.0,,0.0,0,504,2013-04-11,fixed N=2 (trailing),apex_50k
3,0,0,0,0.0,105.0,-105.0,0.0,0.0,,0.0,0,504,2013-05-10,fixed N=2 (trailing),apex_50k
3,0,0,0,0.0,105.0,-105.0,0.0,0.0,,0.0,0,504,2013-06-11,fixed N=2 (trailing),apex_50k
3,0,0,0,0.0,105.0,-105.0,0.0,0.0,,0.0,0,504,2013-07-11,fixed N=2 (trailing),apex_50k
3,0,0,0,0.0,105.0,-105.0,0.0,0.0,,0.0,0,504,2013-08-12,fixed N=2 (trailing),apex_50k
3,0,0,0,0.0,105.0,-105.0,0.0,0.0,,0.0,0,504,2013-09-11,fixed N=2 (trailing),apex_50k
3,0,0,0,0.0,105.0,-105.0,0.0,0.0,,0.0,0,504,2013-10-10,fixed N=2 (trailing),apex_50k
3,0,0,0,0.0,105.0,-105.0,0.0,0.0,,0.0,0,504,2013-11-15,fixed N=2 (trailing),apex_50k
3,0,0,0,0.0,105.0,-105.0,0.0,0.0,,0.0,0,504,2014-01-09,fixed N=2 (trailing),apex_50k
3,0,0,0,0.0,105.0,-105.0,0.0,0.0,,0.0,0,504,2014-03-03,fixed N=2 (trailing),apex_50k
3,0,0,0,0.0,105.0,-105.0,0.0,0.0,,0.0,0,504,2014-04-03,fixed N=2 (trailing),apex_50k
3,0,0,0,0.0,105.0,-105.0,0.0,0.0,,0.0,0,504,2014-05-06,fixed N=2 (trailing),apex_50k
3,0,0,0,0.0,105.0,-105.0,0.0,0.0,,0.0,0,504,2014-06-06,fixed N=2 (trailing),apex_50k
3,0,0,0,0.0,105.0,-105.0,0.0,0.0,,0.0,0,504,2014-07-10,fixed N=2 (trailing),apex_50k
3,0,0,0,0.0,105.0,-105.0,0.0,0.0,,0.0,0,504,2014-08-08,fixed N=2 (trailing),apex_50k
3,0,0,0,0.0,105.0,-105.0,0.0,0.0,,0.0,0,504,2014-09-10,fixed N=2 (trailing),apex_50k
2,1,1,1,134.47999999993772,1005.0,-870.5200000000623,134.47999999993772,134.47999999993772,498.0,43.65079365079365,220,284,2014-10-14,fixed N=2 (trailing),apex_50k
2,1,1,1,163.159999999938,1090.0,-926.840000000062,163.159999999938,163.159999999938,473.0,48.41269841269841,244,260,2014-11-24,fixed N=2 (trailing),apex_50k
1,1,1,0,0.0,1140.0,-1140.0,0.0,0.0,,51.58730158730159,260,244,2015-01-14,fixed N=2 (trailing),apex_50k
1,1,1,2,161.15999999992346,1225.0,-1063.8400000000765,80.57999999996173,134.47999999993772,435.0,56.15079365079365,283,221,2015-02-27,fixed N=2 (trailing),apex_50k
1,1,1,0,0.0,1310.0,-1310.0,0.0,0.0,,59.92063492063492,302,202,2015-04-07,fixed N=2 (trailing),apex_50k
1,1,1,0,0.0,1395.0,-1395.0,0.0,0.0,,64.08730158730158,323,181,2015-05-06,fixed N=2 (trailing),apex_50k
1,1,1,4,727.7599999999002,1480.0,-752.2400000000998,181.93999999997504,277.679999999993,368.0,69.24603174603175,349,155,2015-06-05,fixed N=2 (trailing),apex_50k
1,1,1,5,988.8399999998946,1565.0,-576.1600000001054,197.76799999997894,277.679999999993,347.0,73.41269841269842,370,134,2015-07-08,fixed N=2 (trailing),apex_50k
1,1,1,6,1235.199999999888,1650.0,-414.80000000011205,205.866666666648,277.679999999993,326.0,77.57936507936508,391,113,2015-08-06,fixed N=2 (trailing),apex_50k
1,1,1,6,1674.439999999886,1735.0,-60.56000000011409,279.07333333331434,768.6399999999921,295.0,83.13492063492063,419,85,2015-09-04,fixed N=2 (trailing),apex_50k
1,1,1,4,742.8399999998801,1820.0,-1077.16000000012,185.70999999997002,261.07999999999447,414.0,84.92063492063492,428,76,2015-10-07,fixed N=2 (trailing),apex_50k
1,1,1,4,742.8399999998801,1905.0,-1162.16000000012,185.70999999997002,261.07999999999447,393.0,89.08730158730158,449,55,2015-11-11,fixed N=2 (trailing),apex_50k
1,1,1,1,47.399999999877764,1820.0,-1772.6000000001222,47.399999999877764,47.399999999877764,497.0,84.72222222222223,427,77,2015-12-17,fixed N=2 (trailing),apex_50k
1,1,1,0,0.0,1225.0,-1225.0,0.0,0.0,,57.93650793650794,292,212,2016-01-20,fixed N=2 (trailing),apex_50k
3,0,0,0,0.0,105.0,-105.0,0.0,0.0,,0.0,0,504,2016-02-19,fixed N=2 (trailing),apex_50k
3,0,0,0,0.0,105.0,-105.0,0.0,0.0,,0.0,0,504,2016-03-21,fixed N=2 (trailing),apex_50k
2,1,1,0,0.0,240.0,-240.0,0.0,0.0,,6.349206349206349,32,472,2016-04-20,fixed N=2 (trailing),apex_50k
2,1,1,0,0.0,325.0,-325.0,0.0,0.0,,10.515873015873016,53,451,2016-05-19,fixed N=2 (trailing),apex_50k
3,0,0,0,0.0,105.0,-105.0,0.0,0.0,,0.0,0,504,2016-06-20,fixed N=2 (trailing),apex_50k
3,0,0,0,0.0,105.0,-105.0,0.0,0.0,,0.0,0,504,2016-07-20,fixed N=2 (trailing),apex_50k
1,1,1,1,234.99999999991996,1225.0,-990.00000000008,234.99999999991996,234.99999999991996,493.0,56.74603174603175,286,218,2016-08-18,fixed N=2 (trailing),apex_50k
2,1,1,0,0.0,240.0,-240.0,0.0,0.0,,6.349206349206349,32,472,2016-09-19,fixed N=2 (trailing),apex_50k
2,1,1,0,0.0,240.0,-240.0,0.0,0.0,,5.753968253968254,29,475,2016-10-18,fixed N=2 (trailing),apex_50k
2,1,1,1,523.5599999999831,410.0,113.55999999998312,523.5599999999831,523.5599999999831,488.0,14.682539682539682,74,430,2016-11-16,fixed N=2 (trailing),apex_50k
2,1,1,3,2397.839999999982,410.0,1987.839999999982,799.279999999994,1630.1599999999962,470.0,12.698412698412698,64,440,2016-12-16,fixed N=2 (trailing),apex_50k
2,1,1,4,2671.239999999976,495.0,2176.239999999976,667.809999999994,1630.1599999999962,449.0,16.865079365079364,85,419,2017-01-19,fixed N=2 (trailing),apex_50k
2,1,1,4,2564.6799999999785,495.0,2069.6799999999785,641.1699999999946,1328.439999999995,432.0,17.658730158730158,89,415,2017-02-17,fixed N=2 (trailing),apex_50k
2,1,1,4,2248.3599999999788,495.0,1753.3599999999788,562.0899999999947,1030.7599999999948,415.0,20.634920634920636,104,400,2017-03-21,fixed N=2 (trailing),apex_50k
1,1,1,6,5435.039999999928,1225.0,4210.039999999928,905.839999999988,2000.0,373.0,56.94444444444444,287,217,2017-04-20,fixed N=2 (trailing),apex_50k
2,1,1,5,4875.639999999934,1345.0,3530.639999999934,975.1279999999867,2000.0,358.0,58.73015873015873,296,208,2017-05-19,fixed N=2 (trailing),apex_50k
3,1,1,4,2248.3599999999788,700.0,1548.3599999999788,562.0899999999947,1030.7599999999948,352.0,27.77777777777778,140,364,2017-06-20,fixed N=2 (trailing),apex_50k
3,1,1,4,1977.3999999999796,700.0,1277.3999999999796,494.3499999999949,843.439999999995,332.0,27.182539682539684,137,367,2017-07-20,fixed N=2 (trailing),apex_50k
2,1,1,4,4066.439999999966,920.0,3146.439999999966,1016.6099999999915,2000.0,299.0,38.492063492063494,194,310,2017-08-18,fixed N=2 (trailing),apex_50k
2,1,1,4,3948.7999999999665,920.0,3028.7999999999665,987.1999999999916,2000.0,278.0,38.095238095238095,192,312,2017-09-19,fixed N=2 (trailing),apex_50k
2,2,2,5,3768.919999999969,920.0,2848.919999999969,753.7839999999939,1630.1599999999962,260.0,37.1031746031746,187,317,2017-10-18,fixed N=2 (trailing),apex_50k
2,2,2,4,4066.439999999966,1090.0,2976.439999999966,1016.6099999999915,2000.0,236.0,46.03174603174603,232,272,2017-11-16,fixed N=2 (trailing),apex_50k
2,2,2,5,3499.3599999999715,1005.0,2494.3599999999715,699.8719999999943,1630.1599999999962,218.0,43.84920634920635,221,283,2017-12-18,fixed N=2 (trailing),apex_50k
2,2,2,5,3768.919999999969,1175.0,2593.919999999969,753.7839999999939,1630.1599999999962,197.0,49.6031746031746,250,254,2018-01-19,fixed N=2 (trailing),apex_50k
2,2,2,6,3610.679999999942,1175.0,2435.679999999942,601.7799999999903,1630.1599999999962,176.0,52.38095238095238,264,240,2018-02-20,fixed N=2 (trailing),apex_50k
2,2,2,5,1995.3999999999505,1175.0,820.3999999999505,399.0799999999901,843.439999999995,164.0,51.388888888888886,259,245,2018-03-21,fixed N=2 (trailing),apex_50k
2,2,2,7,6118.9199999999255,1515.0,4603.9199999999255,874.1314285714179,2000.0,131.0,66.86507936507937,337,167,2018-04-20,fixed N=2 (trailing),apex_50k
2,2,2,9,5363.959999999926,1345.0,4018.9599999999264,595.9955555555474,1506.9999999999927,117.0,61.904761904761905,312,192,2018-05-21,fixed N=2 (trailing),apex_50k
2,2,2,8,4445.839999999931,1430.0,3015.839999999931,555.7299999999914,1149.3599999999933,100.0,64.48412698412699,325,179,2018-06-20,fixed N=2 (trailing),apex_50k
2,2,2,9,4586.119999999923,1515.0,3071.1199999999226,509.5688888888803,1149.3599999999933,79.0,68.65079365079364,346,158,2018-07-20,fixed N=2 (trailing),apex_50k
2,2,2,10,5463.399999999914,1600.0,3863.399999999914,546.3399999999914,1261.1599999999962,76.0,72.02380952380952,363,141,2018-08-20,fixed N=2 (trailing),apex_50k
2,2,2,9,6227.999999999913,1685.0,4542.999999999913,691.9999999999903,1546.3999999999942,85.0,75.1984126984127,379,125,2018-09-19,fixed N=2 (trailing),apex_50k
2,2,2,9,8548.839999999924,1770.0,6778.839999999924,949.8711111111027,2546.1199999999953,335.0,78.96825396825396,398,106,2018-10-18,fixed N=2 (trailing),apex_50k
3,1,1,9,8548.839999999924,1295.0,7253.839999999924,949.8711111111027,2546.1199999999953,314.0,57.34126984126984,289,215,2018-11-16,fixed N=2 (trailing),apex_50k
4,1,1,9,8548.839999999924,1330.0,7218.839999999924,949.8711111111027,2546.1199999999953,293.0,57.34126984126984,289,215,2018-12-19,fixed N=2 (trailing),apex_50k
4,1,1,9,8548.839999999924,1330.0,7218.839999999924,949.8711111111027,2546.1199999999953,272.0,57.34126984126984,289,215,2019-01-22,fixed N=2 (trailing),apex_50k
4,1,1,9,8934.159999999923,1330.0,7604.1599999999235,992.6844444444359,2546.1199999999953,240.0,57.53968253968254,290,214,2019-02-21,fixed N=2 (trailing),apex_50k
4,2,2,9,8934.159999999923,1415.0,7519.1599999999235,992.6844444444359,2546.1199999999953,219.0,60.317460317460316,304,200,2019-03-22,fixed N=2 (trailing),apex_50k
3,2,2,8,7761.039999999928,1465.0,6296.039999999928,970.129999999991,2214.7599999999948,213.0,61.904761904761905,312,192,2019-04-23,fixed N=2 (trailing),apex_50k
3,2,2,9,8389.919999999911,1550.0,6839.919999999911,932.2133333333235,2214.7599999999948,192.0,67.85714285714286,342,162,2019-05-22,fixed N=2 (trailing),apex_50k
3,2,2,11,10727.83999999991,1635.0,9092.83999999991,975.2581818181735,2546.1199999999953,167.0,72.61904761904762,366,138,2019-06-21,fixed N=2 (trailing),apex_50k
3,2,2,10,10187.639999999912,1720.0,8467.639999999912,1018.7639999999913,2214.7599999999948,150.0,75.39682539682539,380,124,2019-07-23,fixed N=2 (trailing),apex_50k
4,2,2,7,8299.839999999938,1415.0,6884.839999999938,1185.6914285714197,2214.7599999999948,194.0,58.13492063492063,293,211,2019-08-21,fixed N=2 (trailing),apex_50k
5,2,2,9,8771.719999999936,1450.0,7321.719999999936,974.6355555555484,2214.7599999999948,133.0,59.92063492063492,302,202,2019-09-20,fixed N=2 (trailing),apex_50k
5,3,3,3,925.7599999999802,1110.0,-184.2400000000198,308.58666666666005,648.439999999995,231.0,40.476190476190474,204,300,2019-10-21,fixed N=2 (trailing),apex_50k
6,3,3,4,969.7599999999584,1230.0,-260.2400000000416,242.4399999999896,648.439999999995,141.0,43.25396825396825,218,286,2019-11-19,fixed N=2 (trailing),apex_50k
7,2,2,7,7918.199999999939,1435.0,6483.199999999939,1131.17142857142,2546.1199999999953,116.0,57.142857142857146,288,216,2019-12-19,fixed N=2 (trailing),apex_50k
9,3,3,4,3287.1599999999744,1250.0,2037.1599999999744,821.7899999999936,2000.0,171.0,44.04761904761905,222,282,2020-01-22,fixed N=2 (trailing),apex_50k
10,3,3,4,3287.1599999999744,1115.0,2172.1599999999744,821.7899999999936,2000.0,150.0,35.91269841269841,181,323,2020-02-21,fixed N=2 (trailing),apex_50k
9,2,2,3,925.7599999999802,910.0,15.75999999998021,308.58666666666005,648.439999999995,126.0,26.38888888888889,133,371,2020-03-23,fixed N=2 (trailing),apex_50k
10,3,3,4,3287.1599999999744,1030.0,2257.1599999999744,821.7899999999936,2000.0,108.0,32.142857142857146,162,342,2020-04-22,fixed N=2 (trailing),apex_50k
11,3,3,4,3287.1599999999744,1150.0,2137.1599999999744,821.7899999999936,2000.0,87.0,35.714285714285715,180,324,2020-05-21,fixed N=2 (trailing),apex_50k
10,4,4,1,648.439999999995,1030.0,-381.56000000000495,648.439999999995,648.439999999995,231.0,28.373015873015873,143,361,2020-06-22,fixed N=2 (trailing),apex_50k
10,4,4,4,3593.799999999974,1285.0,2308.799999999974,898.4499999999935,2000.0,45.0,43.45238095238095,219,285,2020-07-22,fixed N=2 (trailing),apex_50k
11,4,4,1,648.439999999995,1150.0,-501.56000000000495,648.439999999995,648.439999999995,189.0,31.547619047619047,159,345,2020-08-20,fixed N=2 (trailing),apex_50k
11,4,4,1,648.439999999995,1065.0,-416.56000000000495,648.439999999995,648.439999999995,168.0,25.793650793650794,130,374,2020-09-21,fixed N=2 (trailing),apex_50k
11,4,4,0,0.0,1065.0,-1065.0,0.0,0.0,,25.1984126984127,127,377,2020-10-20,fixed N=2 (trailing),apex_50k
10,5,5,0,0.0,1030.0,-1030.0,0.0,0.0,,25.1984126984127,127,377,2020-11-18,fixed N=2 (trailing),apex_50k
10,5,5,3,2104.9199999999837,1200.0,904.9199999999837,701.6399999999945,1726.479999999996,101.0,32.73809523809524,165,339,2020-12-18,fixed N=2 (trailing),apex_50k
10,5,5,3,1052.9599999999846,1200.0,-147.04000000001543,350.9866666666615,406.43999999999505,84.0,34.92063492063492,176,328,2021-01-21,fixed N=2 (trailing),apex_50k
10,5,5,4,1228.9999999999782,1285.0,-56.00000000002183,307.24999999999454,406.43999999999505,63.0,39.08730158730159,197,307,2021-02-22,fixed N=2 (trailing),apex_50k
11,5,5,4,985.3599999999788,1405.0,-419.64000000002125,246.3399999999947,406.43999999999505,42.0,41.26984126984127,208,296,2021-03-23,fixed N=2 (trailing),apex_50k
11,5,5,3,834.1999999999825,1405.0,-570.8000000000175,278.06666666666086,406.43999999999505,420.0,39.08730158730159,197,307,2021-04-22,fixed N=2 (trailing),apex_50k
12,4,4,3,834.1999999999825,1185.0,-350.80000000001746,278.06666666666086,406.43999999999505,399.0,29.761904761904763,150,354,2021-05-21,fixed N=2 (trailing),apex_50k
12,4,4,3,834.1999999999825,1185.0,-350.80000000001746,278.06666666666086,406.43999999999505,378.0,29.761904761904763,150,354,2021-06-22,fixed N=2 (trailing),apex_50k
12,4,4,3,834.1999999999825,1185.0,-350.80000000001746,278.06666666666086,406.43999999999505,357.0,29.761904761904763,150,354,2021-07-22,fixed N=2 (trailing),apex_50k
13,4,4,3,834.1999999999825,1220.0,-385.80000000001746,278.06666666666086,406.43999999999505,336.0,29.761904761904763,150,354,2021-08-20,fixed N=2 (trailing),apex_50k
12,5,5,3,834.1999999999825,1270.0,-435.80000000001746,278.06666666666086,406.43999999999505,315.0,33.53174603174603,169,335,2021-09-21,fixed N=2 (trailing),apex_50k
11,5,5,3,834.1999999999825,1320.0,-485.80000000001746,278.06666666666086,406.43999999999505,294.0,37.698412698412696,190,314,2021-10-20,fixed N=2 (trailing),apex_50k
11,5,5,3,834.1999999999825,1405.0,-570.8000000000175,278.06666666666086,406.43999999999505,273.0,41.86507936507937,211,293,2021-11-18,fixed N=2 (trailing),apex_50k
10,5,5,4,932.1999999999607,1455.0,-522.8000000000393,233.04999999999018,406.43999999999505,252.0,46.03174603174603,232,272,2021-12-20,fixed N=2 (trailing),apex_50k
9,5,5,5,2371.279999999955,1505.0,866.2799999999552,474.25599999999105,1439.0799999999945,231.0,50.198412698412696,253,251,2022-01-20,fixed N=2 (trailing),apex_50k
10,5,5,5,2371.279999999955,1540.0,831.2799999999552,474.25599999999105,1439.0799999999945,210.0,50.3968253968254,254,250,2022-02-18,fixed N=2 (trailing),apex_50k
11,5,5,5,2371.279999999955,1575.0,796.2799999999552,474.25599999999105,1439.0799999999945,189.0,48.214285714285715,243,261,2022-03-22,fixed N=2 (trailing),apex_50k
12,5,5,5,2371.279999999955,1610.0,761.2799999999552,474.25599999999105,1439.0799999999945,168.0,48.01587301587302,242,262,2022-04-21,fixed N=2 (trailing),apex_50k
11,5,5,5,2371.279999999955,1660.0,711.2799999999552,474.25599999999105,1439.0799999999945,147.0,51.98412698412698,262,242,2022-05-20,fixed N=2 (trailing),apex_50k
11,4,4,6,2986.8399999999456,1490.0,1496.8399999999456,497.8066666666576,1439.0799999999945,126.0,47.42063492063492,239,265,2022-06-22,fixed N=2 (trailing),apex_50k
10,3,3,8,5033.879999999939,1455.0,3578.879999999939,629.2349999999924,2000.0,105.0,49.404761904761905,249,255,2022-07-22,fixed N=2 (trailing),apex_50k
10,3,3,8,5033.879999999939,1540.0,3493.879999999939,629.2349999999924,2000.0,84.0,53.57142857142857,270,234,2022-08-22,fixed N=2 (trailing),apex_50k
11,4,4,6,4616.759999999944,1575.0,3041.759999999944,769.4599999999906,2000.0,308.0,52.77777777777778,266,238,2022-09-21,fixed N=2 (trailing),apex_50k
12,4,4,6,4616.759999999944,1695.0,2921.759999999944,769.4599999999906,2000.0,287.0,56.54761904761905,285,219,2022-10-20,fixed N=2 (trailing),apex_50k
12,5,5,6,4616.759999999944,1695.0,2921.759999999944,769.4599999999906,2000.0,266.0,53.76984126984127,271,233,2022-11-18,fixed N=2 (trailing),apex_50k
12,4,4,7,5230.439999999937,1695.0,3535.439999999937,747.2057142857053,2000.0,245.0,55.15873015873016,278,226,2022-12-20,fixed N=2 (trailing),apex_50k
11,4,4,8,5523.79999999993,1745.0,3778.79999999993,690.4749999999913,2000.0,224.0,59.32539682539682,299,205,2023-01-23,fixed N=2 (trailing),apex_50k
10,3,3,9,6474.599999999926,1710.0,4764.599999999926,719.3999999999918,2000.0,203.0,60.317460317460316,304,200,2023-02-22,fixed N=2 (trailing),apex_50k
9,3,3,10,8226.599999999919,1760.0,6466.5999999999185,822.6599999999919,2000.0,182.0,64.48412698412699,325,179,2023-03-23,fixed N=2 (trailing),apex_50k
9,3,3,11,10117.279999999912,1845.0,8272.279999999912,919.7527272727192,2000.0,161.0,68.65079365079364,346,158,2023-04-24,fixed N=2 (trailing),apex_50k
8,3,3,12,11697.359999999906,1895.0,9802.359999999906,974.7799999999921,2000.0,140.0,72.81746031746032,367,137,2023-05-23,fixed N=2 (trailing),apex_50k
8,3,3,12,11697.359999999906,1895.0,9802.359999999906,974.7799999999921,2000.0,119.0,75.39682539682539,380,124,2023-06-23,fixed N=2 (trailing),apex_50k
8,3,3,12,11697.359999999906,1895.0,9802.359999999906,974.7799999999921,2000.0,98.0,75.39682539682539,380,124,2023-07-25,fixed N=2 (trailing),apex_50k
8,4,4,11,10489.439999999908,1980.0,8509.439999999908,953.5854545454462,2000.0,96.0,76.58730158730158,386,118,2023-08-23,fixed N=2 (trailing),apex_50k
9,5,5,10,10160.279999999933,1760.0,8400.279999999933,1016.0279999999933,2000.0,174.0,60.317460317460316,304,200,2023-09-22,fixed N=2 (trailing),apex_50k
9,5,5,10,10160.279999999933,1845.0,8315.279999999933,1016.0279999999933,2000.0,153.0,64.48412698412699,325,179,2023-10-23,fixed N=2 (trailing),apex_50k
10,4,4,10,10160.279999999933,1795.0,8365.279999999933,1016.0279999999933,2000.0,132.0,66.46825396825396,335,169,2023-11-21,fixed N=2 (trailing),apex_50k
11,5,5,10,10160.279999999933,1915.0,8245.279999999933,1016.0279999999933,2000.0,111.0,67.46031746031746,340,164,2023-12-21,fixed N=2 (trailing),apex_50k
10,5,5,10,10160.279999999933,1965.0,8195.279999999933,1016.0279999999933,2000.0,90.0,71.62698412698413,361,143,2024-01-24,fixed N=2 (trailing),apex_50k
8,5,5,12,12411.239999999925,1980.0,10431.239999999925,1034.2699999999938,2000.0,69.0,75.7936507936508,382,122,2024-02-23,fixed N=2 (trailing),apex_50k
9,5,5,9,10810.359999999935,1930.0,8880.359999999935,1201.151111111104,2000.0,75.0,70.23809523809524,354,150,2024-03-25,fixed N=2 (trailing),apex_50k
10,6,6,6,6845.47999999996,1710.0,5135.47999999996,1140.9133333333266,2000.0,188.0,56.74603174603175,286,218,2024-04-24,fixed N=2 (trailing),apex_50k
10,6,6,6,6845.47999999996,1710.0,5135.47999999996,1140.9133333333266,2000.0,167.0,56.74603174603175,286,218,2024-05-23,fixed N=2 (trailing),apex_50k
11,6,6,6,6845.47999999996,1745.0,5100.47999999996,1140.9133333333266,2000.0,146.0,54.76190476190476,276,228,2024-06-25,fixed N=2 (trailing),apex_50k
12,5,5,6,6845.47999999996,1695.0,5150.47999999996,1140.9133333333266,2000.0,125.0,52.57936507936508,265,239,2024-07-25,fixed N=2 (trailing),apex_50k
10,6,6,6,6845.47999999996,1710.0,5135.47999999996,1140.9133333333266,2000.0,104.0,55.95238095238095,282,222,2024-08-23,fixed N=2 (trailing),apex_50k
4,0,0,0,0.0,196.0,-196.0,0.0,0.0,,0.0,0,504,2010-06-07,fixed N=2 (trailing),topstep_50k
3,0,0,0,0.0,147.0,-147.0,0.0,0.0,,0.0,0,504,2010-11-01,fixed N=2 (trailing),topstep_50k
3,0,0,0,0.0,147.0,-147.0,0.0,0.0,,0.0,0,504,2011-03-15,fixed N=2 (trailing),topstep_50k
3,0,0,0,0.0,147.0,-147.0,0.0,0.0,,0.0,0,504,2011-05-31,fixed N=2 (trailing),topstep_50k
3,0,0,0,0.0,147.0,-147.0,0.0,0.0,,0.0,0,504,2011-09-26,fixed N=2 (trailing),topstep_50k
3,0,0,0,0.0,147.0,-147.0,0.0,0.0,,0.0,0,504,2012-02-13,fixed N=2 (trailing),topstep_50k
4,0,0,0,0.0,196.0,-196.0,0.0,0.0,,0.0,0,504,2012-07-05,fixed N=2 (trailing),topstep_50k
3,0,0,0,0.0,147.0,-147.0,0.0,0.0,,0.0,0,504,2012-09-11,fixed N=2 (trailing),topstep_50k
3,0,0,0,0.0,147.0,-147.0,0.0,0.0,,0.0,0,504,2012-10-16,fixed N=2 (trailing),topstep_50k
3,0,0,0,0.0,147.0,-147.0,0.0,0.0,,0.0,0,504,2012-11-29,fixed N=2 (trailing),topstep_50k
3,0,0,0,0.0,147.0,-147.0,0.0,0.0,,0.0,0,504,2013-01-11,fixed N=2 (trailing),topstep_50k
3,0,0,0,0.0,147.0,-147.0,0.0,0.0,,0.0,0,504,2013-03-11,fixed N=2 (trailing),topstep_50k
3,0,0,0,0.0,147.0,-147.0,0.0,0.0,,0.0,0,504,2013-04-11,fixed N=2 (trailing),topstep_50k
4,0,0,0,0.0,196.0,-196.0,0.0,0.0,,0.0,0,504,2013-05-10,fixed N=2 (trailing),topstep_50k
4,0,0,0,0.0,196.0,-196.0,0.0,0.0,,0.0,0,504,2013-06-11,fixed N=2 (trailing),topstep_50k
4,0,0,0,0.0,196.0,-196.0,0.0,0.0,,0.0,0,504,2013-07-11,fixed N=2 (trailing),topstep_50k
3,0,0,0,0.0,147.0,-147.0,0.0,0.0,,0.0,0,504,2013-08-12,fixed N=2 (trailing),topstep_50k
3,0,0,0,0.0,147.0,-147.0,0.0,0.0,,0.0,0,504,2013-09-11,fixed N=2 (trailing),topstep_50k
3,1,1,0,0.0,196.0,-196.0,0.0,0.0,,2.9761904761904763,15,489,2013-10-10,fixed N=2 (trailing),topstep_50k
3,1,1,0,0.0,245.0,-245.0,0.0,0.0,,7.142857142857143,36,468,2013-11-15,fixed N=2 (trailing),topstep_50k
4,1,1,1,1792.4399999999878,343.0,1449.4399999999878,1792.4399999999878,1792.4399999999878,489.0,8.928571428571429,45,459,2014-01-09,fixed N=2 (trailing),topstep_50k
4,1,1,1,1792.4399999999878,343.0,1449.4399999999878,1792.4399999999878,1792.4399999999878,468.0,8.928571428571429,45,459,2014-03-03,fixed N=2 (trailing),topstep_50k
4,1,1,1,1792.4399999999878,343.0,1449.4399999999878,1792.4399999999878,1792.4399999999878,447.0,8.928571428571429,45,459,2014-04-03,fixed N=2 (trailing),topstep_50k
4,1,1,1,1792.4399999999878,343.0,1449.4399999999878,1792.4399999999878,1792.4399999999878,426.0,8.928571428571429,45,459,2014-05-06,fixed N=2 (trailing),topstep_50k
4,1,1,1,1792.4399999999878,343.0,1449.4399999999878,1792.4399999999878,1792.4399999999878,405.0,8.928571428571429,45,459,2014-06-06,fixed N=2 (trailing),topstep_50k
4,1,1,1,1792.4399999999878,343.0,1449.4399999999878,1792.4399999999878,1792.4399999999878,384.0,8.928571428571429,45,459,2014-07-10,fixed N=2 (trailing),topstep_50k
4,1,1,1,1792.4399999999878,343.0,1449.4399999999878,1792.4399999999878,1792.4399999999878,363.0,8.928571428571429,45,459,2014-08-08,fixed N=2 (trailing),topstep_50k
4,1,1,1,1792.4399999999878,343.0,1449.4399999999878,1792.4399999999878,1792.4399999999878,342.0,8.928571428571429,45,459,2014-09-10,fixed N=2 (trailing),topstep_50k
3,1,1,1,1346.9999999999782,392.0,954.9999999999782,1346.9999999999782,1346.9999999999782,361.0,19.246031746031747,97,407,2014-10-14,fixed N=2 (trailing),topstep_50k
3,1,1,1,1346.9999999999782,392.0,954.9999999999782,1346.9999999999782,1346.9999999999782,340.0,19.246031746031747,97,407,2014-11-24,fixed N=2 (trailing),topstep_50k
2,1,1,1,1346.9999999999782,343.0,1003.9999999999782,1346.9999999999782,1346.9999999999782,319.0,19.246031746031747,97,407,2015-01-14,fixed N=2 (trailing),topstep_50k
2,1,1,1,1672.8799999999828,343.0,1329.8799999999828,1672.8799999999828,1672.8799999999828,280.0,18.055555555555557,91,413,2015-02-27,fixed N=2 (trailing),topstep_50k
2,1,1,1,1346.9999999999782,343.0,1003.9999999999782,1346.9999999999782,1346.9999999999782,277.0,19.246031746031747,97,407,2015-04-07,fixed N=2 (trailing),topstep_50k
2,1,1,1,1346.9999999999782,343.0,1003.9999999999782,1346.9999999999782,1346.9999999999782,256.0,19.246031746031747,97,407,2015-05-06,fixed N=2 (trailing),topstep_50k
2,1,1,1,1488.7199999999866,392.0,1096.7199999999866,1488.7199999999866,1488.7199999999866,201.0,23.41269841269841,118,386,2015-06-05,fixed N=2 (trailing),topstep_50k
3,1,1,1,1488.7199999999866,441.0,1047.7199999999866,1488.7199999999866,1488.7199999999866,180.0,23.41269841269841,118,386,2015-07-08,fixed N=2 (trailing),topstep_50k
3,1,1,1,1488.7199999999866,441.0,1047.7199999999866,1488.7199999999866,1488.7199999999866,159.0,23.41269841269841,118,386,2015-08-06,fixed N=2 (trailing),topstep_50k
2,1,1,3,3346.679999999935,637.0,2709.679999999935,1115.5599999999783,2004.5199999999822,113.0,44.642857142857146,225,279,2015-09-04,fixed N=2 (trailing),topstep_50k
3,1,1,1,1346.9999999999782,392.0,954.9999999999782,1346.9999999999782,1346.9999999999782,151.0,19.246031746031747,97,407,2015-10-07,fixed N=2 (trailing),topstep_50k
3,1,1,1,1346.9999999999782,392.0,954.9999999999782,1346.9999999999782,1346.9999999999782,130.0,19.246031746031747,97,407,2015-11-11,fixed N=2 (trailing),topstep_50k
2,1,1,3,2130.9599999999045,931.0,1199.9599999999045,710.3199999999682,1439.6799999999857,221.0,67.26190476190476,339,165,2015-12-17,fixed N=2 (trailing),topstep_50k
1,1,1,2,1291.3999999999432,735.0,556.3999999999432,645.6999999999716,977.4799999999595,351.0,57.93650793650794,292,212,2016-01-20,fixed N=2 (trailing),topstep_50k
3,0,0,0,0.0,147.0,-147.0,0.0,0.0,,0.0,0,504,2016-02-19,fixed N=2 (trailing),topstep_50k
3,0,0,0,0.0,147.0,-147.0,0.0,0.0,,0.0,0,504,2016-03-21,fixed N=2 (trailing),topstep_50k
3,1,1,0,0.0,245.0,-245.0,0.0,0.0,,5.9523809523809526,30,474,2016-04-20,fixed N=2 (trailing),topstep_50k
3,1,1,0,0.0,245.0,-245.0,0.0,0.0,,5.9523809523809526,30,474,2016-05-19,fixed N=2 (trailing),topstep_50k
3,0,0,0,0.0,147.0,-147.0,0.0,0.0,,0.0,0,504,2016-06-20,fixed N=2 (trailing),topstep_50k
3,0,0,0,0.0,147.0,-147.0,0.0,0.0,,0.0,0,504,2016-07-20,fixed N=2 (trailing),topstep_50k
2,2,2,1,617.7599999999657,539.0,78.75999999996566,617.7599999999657,617.7599999999657,336.0,32.53968253968254,164,340,2016-08-18,fixed N=2 (trailing),topstep_50k
3,1,1,0,0.0,245.0,-245.0,0.0,0.0,,6.349206349206349,32,472,2016-09-19,fixed N=2 (trailing),topstep_50k
3,1,1,1,71.0799999999872,294.0,-222.9200000000128,71.0799999999872,71.0799999999872,495.0,10.515873015873016,53,451,2016-10-18,fixed N=2 (trailing),topstep_50k
4,1,1,2,2153.2399999999834,343.0,1810.2399999999834,1076.6199999999917,2082.159999999996,474.0,11.507936507936508,58,446,2016-11-16,fixed N=2 (trailing),topstep_50k
4,1,1,2,2153.2399999999834,343.0,1810.2399999999834,1076.6199999999917,2082.159999999996,453.0,11.507936507936508,58,446,2016-12-16,fixed N=2 (trailing),topstep_50k
4,2,2,3,3157.319999999978,441.0,2716.319999999978,1052.4399999999926,2721.159999999996,433.0,17.063492063492063,86,418,2017-01-19,fixed N=2 (trailing),topstep_50k
3,2,2,3,2207.039999999979,392.0,1815.039999999979,735.679999999993,2082.159999999996,411.0,18.849206349206348,95,409,2017-02-17,fixed N=2 (trailing),topstep_50k
3,2,2,4,2273.239999999969,441.0,1832.2399999999689,568.3099999999922,2082.159999999996,390.0,23.015873015873016,116,388,2017-03-21,fixed N=2 (trailing),topstep_50k
3,2,2,2,2934.5999999999913,294.0,2640.5999999999913,1467.2999999999956,2461.519999999997,236.0,7.142857142857143,36,468,2017-04-20,fixed N=2 (trailing),topstep_50k
5,3,3,4,3634.439999999973,686.0,2948.439999999973,908.6099999999933,2721.159999999996,349.0,32.34126984126984,163,341,2017-05-19,fixed N=2 (trailing),topstep_50k
5,2,2,4,2273.239999999969,588.0,1685.2399999999689,568.3099999999922,2082.159999999996,327.0,25.396825396825395,128,376,2017-06-20,fixed N=2 (trailing),topstep_50k
5,2,2,4,2273.239999999969,588.0,1685.2399999999689,568.3099999999922,2082.159999999996,306.0,25.396825396825395,128,376,2017-07-20,fixed N=2 (trailing),topstep_50k
5,2,2,4,2273.239999999969,588.0,1685.2399999999689,568.3099999999922,2082.159999999996,285.0,25.396825396825395,128,376,2017-08-18,fixed N=2 (trailing),topstep_50k
5,2,2,4,2273.239999999969,588.0,1685.2399999999689,568.3099999999922,2082.159999999996,264.0,25.396825396825395,128,376,2017-09-19,fixed N=2 (trailing),topstep_50k
5,3,3,5,3824.0399999999645,637.0,3187.0399999999645,764.807999999993,2082.159999999996,243.0,28.96825396825397,146,358,2017-10-18,fixed N=2 (trailing),topstep_50k
6,3,3,5,3824.0399999999645,686.0,3138.0399999999645,764.807999999993,2082.159999999996,222.0,28.96825396825397,146,358,2017-11-16,fixed N=2 (trailing),topstep_50k
6,3,3,5,3824.0399999999645,686.0,3138.0399999999645,764.807999999993,2082.159999999996,201.0,28.96825396825397,146,358,2017-12-18,fixed N=2 (trailing),topstep_50k
6,3,3,5,5185.239999999969,686.0,4499.239999999969,1037.0479999999939,2721.159999999996,181.0,30.753968253968253,155,349,2018-01-19,fixed N=2 (trailing),topstep_50k
6,3,3,5,5185.239999999969,686.0,4499.239999999969,1037.0479999999939,2721.159999999996,160.0,30.753968253968253,155,349,2018-02-20,fixed N=2 (trailing),topstep_50k
6,4,4,5,3824.0399999999645,735.0,3089.0399999999645,764.807999999993,2082.159999999996,138.0,29.761904761904763,150,354,2018-03-21,fixed N=2 (trailing),topstep_50k
5,4,4,6,4083.4799999999595,735.0,3348.4799999999595,680.5799999999932,2082.159999999996,117.0,33.92857142857143,171,333,2018-04-20,fixed N=2 (trailing),topstep_50k
5,4,4,4,4760.4399999999805,637.0,4123.4399999999805,1190.1099999999951,2529.159999999996,113.0,26.19047619047619,132,372,2018-05-21,fixed N=2 (trailing),topstep_50k
5,3,3,4,4064.7199999999793,588.0,3476.7199999999793,1016.1799999999948,2205.199999999997,95.0,21.626984126984127,109,395,2018-06-20,fixed N=2 (trailing),topstep_50k
7,3,3,4,4064.7199999999793,686.0,3378.7199999999793,1016.1799999999948,2205.199999999997,74.0,21.626984126984127,109,395,2018-07-20,fixed N=2 (trailing),topstep_50k
8,4,4,6,5826.519999999975,686.0,5140.519999999975,971.0866666666625,1765.199999999997,57.0,19.841269841269842,100,404,2018-08-20,fixed N=2 (trailing),topstep_50k
8,4,4,8,7539.879999999968,735.0,6804.879999999968,942.484999999996,1550.7999999999956,42.0,23.214285714285715,117,387,2018-09-19,fixed N=2 (trailing),topstep_50k
8,4,4,9,8725.359999999957,980.0,7745.359999999957,969.4844444444396,2614.159999999996,33.0,41.86507936507937,211,293,2018-10-18,fixed N=2 (trailing),topstep_50k
9,3,3,8,8709.519999999968,735.0,7974.519999999968,1088.689999999996,2614.159999999996,228.0,23.214285714285715,117,387,2018-11-16,fixed N=2 (trailing),topstep_50k
11,3,3,8,8709.519999999968,833.0,7876.519999999968,1088.689999999996,2614.159999999996,207.0,23.214285714285715,117,387,2018-12-19,fixed N=2 (trailing),topstep_50k
11,3,3,8,8709.519999999968,833.0,7876.519999999968,1088.689999999996,2614.159999999996,186.0,23.214285714285715,117,387,2019-01-22,fixed N=2 (trailing),topstep_50k
10,3,3,6,6507.719999999972,882.0,5625.719999999972,1084.6199999999953,2614.159999999996,173.0,26.58730158730159,134,370,2019-02-21,fixed N=2 (trailing),topstep_50k
10,3,3,6,6507.719999999972,882.0,5625.719999999972,1084.6199999999953,2614.159999999996,152.0,26.58730158730159,134,370,2019-03-22,fixed N=2 (trailing),topstep_50k
10,4,4,8,8709.519999999968,833.0,7876.519999999968,1088.689999999996,2614.159999999996,123.0,24.206349206349206,122,382,2019-04-23,fixed N=2 (trailing),topstep_50k
8,4,4,8,8978.119999999952,980.0,7998.119999999952,1122.264999999994,2614.159999999996,156.0,39.08730158730159,197,307,2019-05-22,fixed N=2 (trailing),topstep_50k
10,4,4,9,11167.999999999964,980.0,10187.999999999964,1240.8888888888848,2614.159999999996,89.0,32.53968253968254,164,340,2019-06-21,fixed N=2 (trailing),topstep_50k
10,4,4,9,11243.03999999995,1029.0,10214.03999999995,1249.226666666661,2614.159999999996,116.0,38.492063492063494,194,310,2019-07-23,fixed N=2 (trailing),topstep_50k
10,3,3,7,10799.199999999975,784.0,10015.199999999975,1542.7428571428536,2614.159999999996,143.0,17.658730158730158,89,415,2019-08-21,fixed N=2 (trailing),topstep_50k
11,3,3,7,11137.599999999977,784.0,10353.599999999977,1591.085714285711,2614.159999999996,108.0,16.666666666666668,84,420,2019-09-20,fixed N=2 (trailing),topstep_50k
11,3,3,10,11818.999999999964,882.0,10936.999999999964,1181.8999999999965,2614.159999999996,118.0,25.595238095238095,129,375,2019-10-21,fixed N=2 (trailing),topstep_50k
12,3,3,8,10474.95999999997,931.0,9543.95999999997,1309.3699999999963,2614.159999999996,89.0,21.626984126984127,109,395,2019-11-19,fixed N=2 (trailing),topstep_50k
14,3,3,11,12996.119999999959,1078.0,11918.119999999959,1181.4654545454507,2614.159999999996,61.0,28.76984126984127,145,359,2019-12-19,fixed N=2 (trailing),topstep_50k
14,3,3,9,10264.519999999968,1029.0,9235.519999999968,1140.5022222222187,2614.159999999996,68.0,25.0,126,378,2020-01-22,fixed N=2 (trailing),topstep_50k
15,3,3,6,9308.479999999981,980.0,8328.479999999981,1551.4133333333302,2614.159999999996,131.0,16.865079365079364,85,419,2020-02-21,fixed N=2 (trailing),topstep_50k
15,2,2,6,9308.479999999981,931.0,8377.479999999981,1551.4133333333302,2614.159999999996,110.0,13.095238095238095,66,438,2020-03-23,fixed N=2 (trailing),topstep_50k
15,3,3,6,9308.479999999981,931.0,8377.479999999981,1551.4133333333302,2614.159999999996,89.0,13.095238095238095,66,438,2020-04-22,fixed N=2 (trailing),topstep_50k
16,3,3,6,9308.479999999981,1029.0,8279.479999999981,1551.4133333333302,2614.159999999996,68.0,16.666666666666668,84,420,2020-05-21,fixed N=2 (trailing),topstep_50k
15,4,4,6,8472.75999999998,1029.0,7443.75999999998,1412.1266666666634,2157.8799999999974,50.0,17.46031746031746,88,416,2020-06-22,fixed N=2 (trailing),topstep_50k
14,4,4,7,9206.479999999974,1029.0,8177.479999999974,1315.211428571425,2755.479999999996,31.0,22.023809523809526,111,393,2020-07-22,fixed N=2 (trailing),topstep_50k
14,4,4,6,6832.319999999978,1029.0,5803.319999999978,1138.7199999999964,2157.8799999999974,36.0,22.023809523809526,111,393,2020-08-20,fixed N=2 (trailing),topstep_50k
14,3,3,5,5825.479999999981,980.0,4845.479999999981,1165.0959999999964,2157.8799999999974,151.0,18.253968253968253,92,412,2020-09-21,fixed N=2 (trailing),topstep_50k
14,3,3,5,5825.479999999981,980.0,4845.479999999981,1165.0959999999964,2157.8799999999974,130.0,18.253968253968253,92,412,2020-10-20,fixed N=2 (trailing),topstep_50k
13,4,4,6,6082.959999999977,980.0,5102.959999999977,1013.8266666666628,2157.8799999999974,109.0,21.03174603174603,106,398,2020-11-18,fixed N=2 (trailing),topstep_50k
13,4,4,7,7943.839999999975,1029.0,6914.839999999975,1134.834285714282,2157.8799999999974,88.0,23.015873015873016,116,388,2020-12-18,fixed N=2 (trailing),topstep_50k
13,4,4,6,6674.879999999976,1029.0,5645.879999999976,1112.479999999996,2037.199999999997,80.0,22.42063492063492,113,391,2021-01-21,fixed N=2 (trailing),topstep_50k
14,4,4,6,6674.879999999976,1078.0,5596.879999999976,1112.479999999996,2037.199999999997,59.0,22.42063492063492,113,391,2021-02-22,fixed N=2 (trailing),topstep_50k
16,4,4,5,5487.719999999979,1127.0,4360.719999999979,1097.5439999999958,2037.199999999997,41.0,19.841269841269842,100,404,2021-03-23,fixed N=2 (trailing),topstep_50k
16,4,4,5,5617.75999999998,1127.0,4490.75999999998,1123.551999999996,2157.8799999999974,24.0,19.246031746031747,97,407,2021-04-22,fixed N=2 (trailing),topstep_50k
16,3,3,4,3459.879999999983,1078.0,2381.879999999983,864.9699999999957,2037.199999999997,273.0,17.261904761904763,87,417,2021-05-21,fixed N=2 (trailing),topstep_50k
17,3,3,4,3459.879999999983,1127.0,2332.879999999983,864.9699999999957,2037.199999999997,252.0,17.261904761904763,87,417,2021-06-22,fixed N=2 (trailing),topstep_50k
16,3,3,4,3459.879999999983,1078.0,2381.879999999983,864.9699999999957,2037.199999999997,231.0,17.261904761904763,87,417,2021-07-22,fixed N=2 (trailing),topstep_50k
17,3,3,4,3459.879999999983,1127.0,2332.879999999983,864.9699999999957,2037.199999999997,210.0,17.261904761904763,87,417,2021-08-20,fixed N=2 (trailing),topstep_50k
16,4,4,5,4201.39999999998,1127.0,3074.3999999999796,840.2799999999959,2037.199999999997,189.0,21.03174603174603,106,398,2021-09-21,fixed N=2 (trailing),topstep_50k
15,4,4,6,4617.839999999975,1127.0,3490.8399999999747,769.6399999999958,2037.199999999997,168.0,25.1984126984127,127,377,2021-10-20,fixed N=2 (trailing),topstep_50k
15,4,4,7,5008.63999999997,1176.0,3832.6399999999703,715.5199999999958,2037.199999999997,147.0,26.38888888888889,133,371,2021-11-18,fixed N=2 (trailing),topstep_50k
14,4,4,7,5008.63999999997,1127.0,3881.6399999999703,715.5199999999958,2037.199999999997,126.0,26.38888888888889,133,371,2021-12-20,fixed N=2 (trailing),topstep_50k
14,5,5,8,5298.439999999966,1225.0,4073.439999999966,662.3049999999957,2037.199999999997,69.0,29.761904761904763,150,354,2022-01-20,fixed N=2 (trailing),topstep_50k
14,5,5,7,5008.63999999997,1176.0,3832.6399999999703,715.5199999999958,2037.199999999997,84.0,27.976190476190474,141,363,2022-02-18,fixed N=2 (trailing),topstep_50k
15,5,5,7,5008.63999999997,1225.0,3783.6399999999703,715.5199999999958,2037.199999999997,63.0,25.793650793650794,130,374,2022-03-22,fixed N=2 (trailing),topstep_50k
16,5,5,7,5008.63999999997,1274.0,3734.6399999999703,715.5199999999958,2037.199999999997,42.0,25.595238095238095,129,375,2022-04-21,fixed N=2 (trailing),topstep_50k
17,6,6,6,5394.199999999975,1274.0,4120.199999999975,899.0333333333292,2328.519999999997,22.0,23.80952380952381,120,384,2022-05-20,fixed N=2 (trailing),topstep_50k
16,6,6,5,4734.07999999998,1176.0,3558.07999999998,946.8159999999959,2328.519999999997,117.0,20.238095238095237,102,402,2022-06-22,fixed N=2 (trailing),topstep_50k
17,6,6,7,8095.079999999973,1274.0,6821.079999999973,1156.4399999999962,2934.199999999997,96.0,24.00793650793651,121,383,2022-07-22,fixed N=2 (trailing),topstep_50k
17,5,5,7,7803.759999999973,1225.0,6578.759999999973,1114.8228571428533,2934.199999999997,73.0,21.825396825396826,110,394,2022-08-22,fixed N=2 (trailing),topstep_50k
18,5,5,8,8061.239999999969,1323.0,6738.239999999969,1007.6549999999961,2934.199999999997,42.0,24.603174603174605,124,380,2022-09-21,fixed N=2 (trailing),topstep_50k
17,5,5,8,7118.159999999967,1274.0,5844.159999999967,889.7699999999959,2934.199999999997,42.0,26.38888888888889,133,371,2022-10-20,fixed N=2 (trailing),topstep_50k
17,6,6,6,5766.559999999976,1225.0,4541.559999999976,961.0933333333293,2934.199999999997,202.0,22.42063492063492,113,391,2022-11-18,fixed N=2 (trailing),topstep_50k
17,5,5,7,6513.399999999972,1225.0,5288.399999999972,930.4857142857103,2934.199999999997,181.0,23.80952380952381,120,384,2022-12-20,fixed N=2 (trailing),topstep_50k
16,5,5,9,9002.999999999964,1225.0,7777.999999999964,1000.3333333333293,2934.199999999997,160.0,27.976190476190474,141,363,2023-01-23,fixed N=2 (trailing),topstep_50k
15,5,5,11,13208.719999999958,1225.0,11983.719999999958,1200.7927272727234,3778.9199999999983,139.0,32.142857142857146,162,342,2023-02-22,fixed N=2 (trailing),topstep_50k
16,5,5,11,13208.719999999958,1323.0,11885.719999999958,1200.7927272727234,3778.9199999999983,118.0,32.34126984126984,163,341,2023-03-23,fixed N=2 (trailing),topstep_50k
16,5,5,11,13208.719999999958,1323.0,11885.719999999958,1200.7927272727234,3778.9199999999983,97.0,32.34126984126984,163,341,2023-04-24,fixed N=2 (trailing),topstep_50k
15,6,6,11,13208.719999999958,1323.0,11885.719999999958,1200.7927272727234,3778.9199999999983,76.0,33.333333333333336,168,336,2023-05-23,fixed N=2 (trailing),topstep_50k
15,6,6,11,13208.719999999958,1323.0,11885.719999999958,1200.7927272727234,3778.9199999999983,55.0,35.317460317460316,178,326,2023-06-23,fixed N=2 (trailing),topstep_50k
15,6,6,11,13208.719999999958,1323.0,11885.719999999958,1200.7927272727234,3778.9199999999983,34.0,35.317460317460316,178,326,2023-07-25,fixed N=2 (trailing),topstep_50k
15,7,7,9,12651.639999999963,1323.0,11328.639999999963,1405.7377777777738,3778.9199999999983,32.0,34.92063492063492,176,328,2023-08-23,fixed N=2 (trailing),topstep_50k
15,7,7,8,11659.95999999997,1274.0,10385.95999999997,1457.4949999999963,3778.9199999999983,156.0,29.96031746031746,151,353,2023-09-22,fixed N=2 (trailing),topstep_50k
15,7,7,9,12085.999999999964,1323.0,10762.999999999964,1342.8888888888848,3778.9199999999983,135.0,34.12698412698413,172,332,2023-10-23,fixed N=2 (trailing),topstep_50k
16,6,6,9,12085.999999999964,1323.0,10762.999999999964,1342.8888888888848,3778.9199999999983,114.0,36.30952380952381,183,321,2023-11-21,fixed N=2 (trailing),topstep_50k
17,7,7,9,12085.999999999964,1421.0,10664.999999999964,1342.8888888888848,3778.9199999999983,93.0,37.301587301587304,188,316,2023-12-21,fixed N=2 (trailing),topstep_50k
16,7,7,10,12688.679999999957,1421.0,11267.679999999957,1268.8679999999956,3778.9199999999983,72.0,41.46825396825397,209,295,2024-01-24,fixed N=2 (trailing),topstep_50k
15,7,7,11,16490.919999999955,1372.0,15118.919999999955,1499.1745454545414,3802.239999999998,51.0,42.65873015873016,215,289,2024-02-23,fixed N=2 (trailing),topstep_50k
16,7,7,11,16490.919999999955,1421.0,15069.919999999955,1499.1745454545414,3802.239999999998,30.0,42.65873015873016,215,289,2024-03-25,fixed N=2 (trailing),topstep_50k
16,6,6,9,15324.999999999964,1323.0,14001.999999999964,1702.7777777777737,3802.239999999998,63.0,35.714285714285715,180,324,2024-04-24,fixed N=2 (trailing),topstep_50k
16,6,6,9,15324.999999999964,1323.0,14001.999999999964,1702.7777777777737,3802.239999999998,42.0,35.714285714285715,180,324,2024-05-23,fixed N=2 (trailing),topstep_50k
17,6,6,8,12273.119999999966,1372.0,10901.119999999966,1534.1399999999958,3802.239999999998,117.0,35.91269841269841,181,323,2024-06-25,fixed N=2 (trailing),topstep_50k
18,5,5,8,12273.119999999966,1372.0,10901.119999999966,1534.1399999999958,3802.239999999998,96.0,33.73015873015873,170,334,2024-07-25,fixed N=2 (trailing),topstep_50k
18,7,7,5,6820.279999999977,1372.0,5448.279999999977,1364.0559999999955,3802.239999999998,74.0,28.571428571428573,144,360,2024-08-23,fixed N=2 (trailing),topstep_50k
3,0,0,0,0.0,105.0,-105.0,0.0,0.0,,0.0,0,504,2010-06-07,fixed N=2 (fixed stop),apex_50k
3,0,0,0,0.0,105.0,-105.0,0.0,0.0,,0.0,0,504,2010-11-01,fixed N=2 (fixed stop),apex_50k
3,0,0,0,0.0,105.0,-105.0,0.0,0.0,,0.0,0,504,2011-03-15,fixed N=2 (fixed stop),apex_50k
3,0,0,0,0.0,105.0,-105.0,0.0,0.0,,0.0,0,504,2011-05-31,fixed N=2 (fixed stop),apex_50k
3,0,0,0,0.0,105.0,-105.0,0.0,0.0,,0.0,0,504,2011-09-26,fixed N=2 (fixed stop),apex_50k
3,0,0,0,0.0,105.0,-105.0,0.0,0.0,,0.0,0,504,2012-02-13,fixed N=2 (fixed stop),apex_50k
3,0,0,0,0.0,105.0,-105.0,0.0,0.0,,0.0,0,504,2012-07-05,fixed N=2 (fixed stop),apex_50k
3,0,0,0,0.0,105.0,-105.0,0.0,0.0,,0.0,0,504,2012-09-11,fixed N=2 (fixed stop),apex_50k
3,0,0,0,0.0,105.0,-105.0,0.0,0.0,,0.0,0,504,2012-10-16,fixed N=2 (fixed stop),apex_50k
3,0,0,0,0.0,105.0,-105.0,0.0,0.0,,0.0,0,504,2012-11-29,fixed N=2 (fixed stop),apex_50k
3,0,0,0,0.0,105.0,-105.0,0.0,0.0,,0.0,0,504,2013-01-11,fixed N=2 (fixed stop),apex_50k
3,0,0,0,0.0,105.0,-105.0,0.0,0.0,,0.0,0,504,2013-03-11,fixed N=2 (fixed stop),apex_50k
3,0,0,0,0.0,105.0,-105.0,0.0,0.0,,0.0,0,504,2013-04-11,fixed N=2 (fixed stop),apex_50k
3,0,0,0,0.0,105.0,-105.0,0.0,0.0,,0.0,0,504,2013-05-10,fixed N=2 (fixed stop),apex_50k
3,0,0,0,0.0,105.0,-105.0,0.0,0.0,,0.0,0,504,2013-06-11,fixed N=2 (fixed stop),apex_50k
3,0,0,0,0.0,105.0,-105.0,0.0,0.0,,0.0,0,504,2013-07-11,fixed N=2 (fixed stop),apex_50k
3,0,0,0,0.0,105.0,-105.0,0.0,0.0,,0.0,0,504,2013-08-12,fixed N=2 (fixed stop),apex_50k
3,0,0,0,0.0,105.0,-105.0,0.0,0.0,,0.0,0,504,2013-09-11,fixed N=2 (fixed stop),apex_50k
3,0,0,0,0.0,105.0,-105.0,0.0,0.0,,0.0,0,504,2013-10-10,fixed N=2 (fixed stop),apex_50k
3,0,0,0,0.0,105.0,-105.0,0.0,0.0,,0.0,0,504,2013-11-15,fixed N=2 (fixed stop),apex_50k
3,0,0,0,0.0,105.0,-105.0,0.0,0.0,,0.0,0,504,2014-01-09,fixed N=2 (fixed stop),apex_50k
3,0,0,0,0.0,105.0,-105.0,0.0,0.0,,0.0,0,504,2014-03-03,fixed N=2 (fixed stop),apex_50k
3,0,0,0,0.0,105.0,-105.0,0.0,0.0,,0.0,0,504,2014-04-03,fixed N=2 (fixed stop),apex_50k
3,0,0,0,0.0,105.0,-105.0,0.0,0.0,,0.0,0,504,2014-05-06,fixed N=2 (fixed stop),apex_50k
3,0,0,0,0.0,105.0,-105.0,0.0,0.0,,0.0,0,504,2014-06-06,fixed N=2 (fixed stop),apex_50k
3,0,0,0,0.0,105.0,-105.0,0.0,0.0,,0.0,0,504,2014-07-10,fixed N=2 (fixed stop),apex_50k
3,0,0,0,0.0,105.0,-105.0,0.0,0.0,,0.0,0,504,2014-08-08,fixed N=2 (fixed stop),apex_50k
3,0,0,0,0.0,105.0,-105.0,0.0,0.0,,0.0,0,504,2014-09-10,fixed N=2 (fixed stop),apex_50k
2,1,1,1,134.47999999993772,1005.0,-870.5200000000623,134.47999999993772,134.47999999993772,498.0,43.65079365079365,220,284,2014-10-14,fixed N=2 (fixed stop),apex_50k
2,1,1,1,163.159999999938,1090.0,-926.840000000062,163.159999999938,163.159999999938,473.0,48.41269841269841,244,260,2014-11-24,fixed N=2 (fixed stop),apex_50k
3,0,0,0,0.0,105.0,-105.0,0.0,0.0,,0.0,0,504,2015-01-14,fixed N=2 (fixed stop),apex_50k
1,1,1,2,161.15999999992346,1225.0,-1063.8400000000765,80.57999999996173,134.47999999993772,435.0,56.15079365079365,283,221,2015-02-27,fixed N=2 (fixed stop),apex_50k
1,1,1,0,0.0,1310.0,-1310.0,0.0,0.0,,59.92063492063492,302,202,2015-04-07,fixed N=2 (fixed stop),apex_50k
1,1,1,0,0.0,1395.0,-1395.0,0.0,0.0,,64.08730158730158,323,181,2015-05-06,fixed N=2 (fixed stop),apex_50k
1,1,1,4,727.7599999999002,1480.0,-752.2400000000998,181.93999999997504,277.679999999993,368.0,69.24603174603175,349,155,2015-06-05,fixed N=2 (fixed stop),apex_50k
1,1,1,4,815.8799999998955,1565.0,-749.1200000001045,203.96999999997388,393.6399999999776,351.0,72.81746031746032,367,137,2015-07-08,fixed N=2 (fixed stop),apex_50k
1,1,1,5,1062.2399999998888,1650.0,-587.7600000001112,212.44799999997775,393.6399999999776,330.0,76.98412698412699,388,116,2015-08-06,fixed N=2 (fixed stop),apex_50k
1,1,1,6,1674.439999999886,1735.0,-60.56000000011409,279.07333333331434,768.6399999999921,295.0,83.13492063492063,419,85,2015-09-04,fixed N=2 (fixed stop),apex_50k
1,1,1,3,352.639999999883,1820.0,-1467.360000000117,117.54666666662767,173.8799999999028,417.0,83.53174603174604,421,83,2015-10-07,fixed N=2 (fixed stop),apex_50k
1,1,1,4,742.8399999998801,1905.0,-1162.16000000012,185.70999999997002,261.07999999999447,393.0,89.08730158730158,449,55,2015-11-11,fixed N=2 (fixed stop),apex_50k
1,1,1,0,0.0,1820.0,-1820.0,0.0,0.0,,84.52380952380952,426,78,2015-12-17,fixed N=2 (fixed stop),apex_50k
1,1,1,0,0.0,1225.0,-1225.0,0.0,0.0,,57.93650793650794,292,212,2016-01-20,fixed N=2 (fixed stop),apex_50k
3,0,0,0,0.0,105.0,-105.0,0.0,0.0,,0.0,0,504,2016-02-19,fixed N=2 (fixed stop),apex_50k
2,1,1,0,0.0,155.0,-155.0,0.0,0.0,,2.7777777777777777,14,490,2016-03-21,fixed N=2 (fixed stop),apex_50k
2,1,1,0,0.0,325.0,-325.0,0.0,0.0,,8.73015873015873,44,460,2016-04-20,fixed N=2 (fixed stop),apex_50k
2,1,1,0,0.0,410.0,-410.0,0.0,0.0,,12.896825396825397,65,439,2016-05-19,fixed N=2 (fixed stop),apex_50k
2,1,1,0,0.0,410.0,-410.0,0.0,0.0,,13.88888888888889,70,434,2016-06-20,fixed N=2 (fixed stop),apex_50k
2,1,1,0,0.0,410.0,-410.0,0.0,0.0,,15.674603174603174,79,425,2016-07-20,fixed N=2 (fixed stop),apex_50k
1,1,1,4,414.15999999992346,1225.0,-810.8400000000765,103.53999999998086,275.31999999999243,392.0,56.74603174603175,286,218,2016-08-18,fixed N=2 (fixed stop),apex_50k
2,1,1,0,0.0,580.0,-580.0,0.0,0.0,,24.00793650793651,121,383,2016-09-19,fixed N=2 (fixed stop),apex_50k
2,1,1,0,0.0,325.0,-325.0,0.0,0.0,,11.30952380952381,57,447,2016-10-18,fixed N=2 (fixed stop),apex_50k
2,1,1,2,2289.7199999999575,750.0,1539.7199999999575,1144.8599999999788,2000.0,487.0,32.34126984126984,163,341,2016-11-16,fixed N=2 (fixed stop),apex_50k
2,1,1,3,4246.719999999972,495.0,3751.719999999972,1415.573333333324,2000.0,467.0,19.444444444444443,98,406,2016-12-16,fixed N=2 (fixed stop),apex_50k
2,1,1,4,5225.839999999967,580.0,4645.839999999967,1306.4599999999919,2000.0,446.0,23.61111111111111,119,385,2017-01-19,fixed N=2 (fixed stop),apex_50k
2,1,1,5,4777.679999999971,580.0,4197.679999999971,955.5359999999943,2000.0,428.0,22.42063492063492,113,391,2017-02-17,fixed N=2 (fixed stop),apex_50k
1,1,1,7,7040.079999999929,1140.0,5900.079999999929,1005.7257142857042,2043.8399999999965,370.0,52.77777777777778,266,238,2017-03-21,fixed N=2 (fixed stop),apex_50k
1,1,1,8,7492.959999999926,1310.0,6182.959999999926,936.6199999999908,3721.159999999996,327.0,58.73015873015873,296,208,2017-04-20,fixed N=2 (fixed stop),apex_50k
2,1,1,7,7196.399999999929,1345.0,5851.399999999929,1028.0571428571327,2043.8399999999965,328.0,60.317460317460316,304,200,2017-05-19,fixed N=2 (fixed stop),apex_50k
2,1,1,6,6485.79999999993,1345.0,5140.79999999993,1080.966666666655,2000.0,337.0,58.73015873015873,296,208,2017-06-20,fixed N=2 (fixed stop),apex_50k
2,1,1,5,6323.839999999938,1260.0,5063.839999999938,1264.7679999999878,2000.0,319.0,56.15079365079365,283,221,2017-07-20,fixed N=2 (fixed stop),apex_50k
2,1,1,6,6485.79999999993,1345.0,5140.79999999993,1080.966666666655,2000.0,295.0,58.73015873015873,296,208,2017-08-18,fixed N=2 (fixed stop),apex_50k
2,1,1,5,6323.839999999938,1260.0,5063.839999999938,1264.7679999999878,2000.0,277.0,56.15079365079365,283,221,2017-09-19,fixed N=2 (fixed stop),apex_50k
2,2,2,5,6098.639999999963,1005.0,5093.639999999963,1219.7279999999926,2000.0,256.0,41.26984126984127,208,296,2017-10-18,fixed N=2 (fixed stop),apex_50k
2,2,2,6,6485.79999999993,1515.0,4970.79999999993,1080.966666666655,2000.0,232.0,65.87301587301587,332,172,2017-11-16,fixed N=2 (fixed stop),apex_50k
2,2,2,5,5490.2799999999625,1175.0,4315.2799999999625,1098.0559999999925,2000.0,215.0,48.80952380952381,246,258,2017-12-18,fixed N=2 (fixed stop),apex_50k
2,2,2,5,6098.639999999963,1260.0,4838.639999999963,1219.7279999999926,2000.0,193.0,53.76984126984127,271,233,2018-01-19,fixed N=2 (fixed stop),apex_50k
2,2,2,5,5017.999999999971,1260.0,3757.999999999971,1003.5999999999942,2000.0,176.0,52.57936507936508,265,239,2018-02-20,fixed N=2 (fixed stop),apex_50k
4,2,2,6,4495.839999999946,1245.0,3250.8399999999456,749.3066666666576,1497.479999999996,162.0,50.79365079365079,256,248,2018-03-21,fixed N=2 (fixed stop),apex_50k
4,2,2,6,6236.319999999934,1500.0,4736.319999999934,1039.3866666666556,2000.0,131.0,60.317460317460316,304,200,2018-04-20,fixed N=2 (fixed stop),apex_50k
4,2,2,6,4687.03999999995,1160.0,3527.03999999995,781.173333333325,1616.1599999999962,116.0,49.20634920634921,248,256,2018-05-21,fixed N=2 (fixed stop),apex_50k
4,2,2,5,4180.159999999953,1245.0,2935.1599999999526,836.0319999999905,1112.0799999999945,100.0,49.007936507936506,247,257,2018-06-20,fixed N=2 (fixed stop),apex_50k
6,2,2,5,4180.159999999953,1315.0,2865.1599999999526,836.0319999999905,1112.0799999999945,79.0,49.007936507936506,247,257,2018-07-20,fixed N=2 (fixed stop),apex_50k
6,3,3,5,2954.839999999953,1315.0,1639.8399999999529,590.9679999999905,1154.439999999995,65.0,47.42063492063492,239,265,2018-08-20,fixed N=2 (fixed stop),apex_50k
6,3,3,4,1963.559999999954,1400.0,563.559999999954,490.8899999999885,1154.439999999995,62.0,50.79365079365079,256,248,2018-09-19,fixed N=2 (fixed stop),apex_50k
6,3,3,6,3175.679999999942,1485.0,1690.679999999942,529.2799999999903,1154.439999999995,41.0,54.76190476190476,276,228,2018-10-18,fixed N=2 (fixed stop),apex_50k
7,2,2,3,2251.4799999999595,1010.0,1241.4799999999595,750.4933333333198,994.0799999999945,318.0,33.53174603174603,169,335,2018-11-16,fixed N=2 (fixed stop),apex_50k
8,2,2,3,1694.2399999999616,960.0,734.2399999999616,564.7466666666538,994.0799999999945,297.0,32.142857142857146,162,342,2018-12-19,fixed N=2 (fixed stop),apex_50k
8,2,2,3,1694.2399999999616,960.0,734.2399999999616,564.7466666666538,994.0799999999945,276.0,32.142857142857146,162,342,2019-01-22,fixed N=2 (fixed stop),apex_50k
8,2,2,3,2251.4799999999595,1045.0,1206.4799999999595,750.4933333333198,994.0799999999945,255.0,33.53174603174603,169,335,2019-02-21,fixed N=2 (fixed stop),apex_50k
9,2,2,3,2453.079999999958,1080.0,1373.079999999958,817.6933333333194,994.0799999999945,234.0,34.523809523809526,174,330,2019-03-22,fixed N=2 (fixed stop),apex_50k
8,2,2,2,1505.4399999999878,705.0,800.4399999999878,752.7199999999939,994.0799999999945,358.0,17.261904761904763,87,417,2019-04-23,fixed N=2 (fixed stop),apex_50k
8,3,3,3,2085.2399999999834,790.0,1295.2399999999834,695.0799999999945,994.0799999999945,337.0,22.817460317460316,115,389,2019-05-22,fixed N=2 (fixed stop),apex_50k
8,3,3,4,2583.6799999999566,1130.0,1453.6799999999566,645.9199999999892,994.0799999999945,171.0,39.682539682539684,200,304,2019-06-21,fixed N=2 (fixed stop),apex_50k
8,3,3,3,2085.2399999999834,960.0,1125.2399999999834,695.0799999999945,994.0799999999945,295.0,31.150793650793652,157,347,2019-07-23,fixed N=2 (fixed stop),apex_50k
9,3,3,3,2085.2399999999834,995.0,1090.2399999999834,695.0799999999945,994.0799999999945,274.0,29.563492063492063,149,355,2019-08-21,fixed N=2 (fixed stop),apex_50k
10,3,3,3,2085.2399999999834,1115.0,970.2399999999834,695.0799999999945,994.0799999999945,253.0,32.34126984126984,163,341,2019-09-20,fixed N=2 (fixed stop),apex_50k
10,3,3,3,2085.2399999999834,1030.0,1055.2399999999834,695.0799999999945,994.0799999999945,232.0,29.166666666666668,147,357,2019-10-21,fixed N=2 (fixed stop),apex_50k
11,3,3,3,2085.2399999999834,1065.0,1020.2399999999834,695.0799999999945,994.0799999999945,211.0,29.166666666666668,147,357,2019-11-19,fixed N=2 (fixed stop),apex_50k
13,3,3,3,2085.2399999999834,1135.0,950.2399999999834,695.0799999999945,994.0799999999945,190.0,29.563492063492063,149,355,2019-12-19,fixed N=2 (fixed stop),apex_50k
15,2,2,3,2085.2399999999834,1120.0,965.2399999999834,695.0799999999945,994.0799999999945,169.0,26.785714285714285,135,369,2020-01-22,fixed N=2 (fixed stop),apex_50k
18,2,2,3,2085.2399999999834,1225.0,860.2399999999834,695.0799999999945,994.0799999999945,148.0,26.785714285714285,135,369,2020-02-21,fixed N=2 (fixed stop),apex_50k
17,3,3,3,2085.2399999999834,1275.0,810.2399999999834,695.0799999999945,994.0799999999945,127.0,28.373015873015873,143,361,2020-03-23,fixed N=2 (fixed stop),apex_50k
17,4,4,4,3103.039999999979,1360.0,1743.039999999979,775.7599999999948,1017.7999999999956,106.0,32.34126984126984,163,341,2020-04-22,fixed N=2 (fixed stop),apex_50k
18,4,4,4,3103.039999999979,1480.0,1623.039999999979,775.7599999999948,1017.7999999999956,85.0,35.91269841269841,181,323,2020-05-21,fixed N=2 (fixed stop),apex_50k
17,5,5,4,3103.039999999979,1530.0,1573.039999999979,775.7599999999948,1017.7999999999956,64.0,39.08730158730159,197,307,2020-06-22,fixed N=2 (fixed stop),apex_50k
18,6,6,4,3135.039999999979,1735.0,1400.039999999979,783.7599999999948,1104.0799999999945,42.0,42.65873015873016,215,289,2020-07-22,fixed N=2 (fixed stop),apex_50k
19,6,6,2,1597.5999999999913,1685.0,-87.40000000000873,798.7999999999956,1017.7999999999956,189.0,37.5,189,315,2020-08-20,fixed N=2 (fixed stop),apex_50k
19,6,6,3,1971.7599999999875,1600.0,371.7599999999875,657.2533333333291,1017.7999999999956,168.0,35.11904761904762,177,327,2020-09-21,fixed N=2 (fixed stop),apex_50k
20,6,6,3,1971.7599999999875,1635.0,336.7599999999875,657.2533333333291,1017.7999999999956,147.0,34.12698412698413,172,332,2020-10-20,fixed N=2 (fixed stop),apex_50k
20,6,6,3,1971.7599999999875,1635.0,336.7599999999875,657.2533333333291,1017.7999999999956,126.0,36.30952380952381,183,321,2020-11-18,fixed N=2 (fixed stop),apex_50k
19,7,7,3,1971.7599999999875,1685.0,286.7599999999875,657.2533333333291,1017.7999999999956,105.0,36.70634920634921,185,319,2020-12-18,fixed N=2 (fixed stop),apex_50k
19,6,6,3,1971.7599999999875,1685.0,286.7599999999875,657.2533333333291,1017.7999999999956,84.0,39.88095238095238,201,303,2021-01-21,fixed N=2 (fixed stop),apex_50k
20,6,6,3,1971.7599999999875,1720.0,251.75999999998749,657.2533333333291,1017.7999999999956,63.0,40.07936507936508,202,302,2021-02-22,fixed N=2 (fixed stop),apex_50k
19,6,6,4,2227.119999999981,1770.0,457.1199999999808,556.7799999999952,1017.7999999999956,41.0,44.44444444444444,224,280,2021-03-23,fixed N=2 (fixed stop),apex_50k
20,6,6,2,1391.9599999999919,1635.0,-243.04000000000815,695.9799999999959,1017.7999999999956,247.0,35.11904761904762,177,327,2021-04-22,fixed N=2 (fixed stop),apex_50k
20,5,5,2,1391.9599999999919,1380.0,11.959999999991851,695.9799999999959,1017.7999999999956,226.0,25.0,126,378,2021-05-21,fixed N=2 (fixed stop),apex_50k
21,5,5,2,1391.9599999999919,1415.0,-23.04000000000815,695.9799999999959,1017.7999999999956,205.0,25.0,126,378,2021-06-22,fixed N=2 (fixed stop),apex_50k
20,5,5,2,1391.9599999999919,1380.0,11.959999999991851,695.9799999999959,1017.7999999999956,184.0,25.0,126,378,2021-07-22,fixed N=2 (fixed stop),apex_50k
21,5,5,2,1391.9599999999919,1415.0,-23.04000000000815,695.9799999999959,1017.7999999999956,163.0,25.0,126,378,2021-08-20,fixed N=2 (fixed stop),apex_50k
20,6,6,2,1391.9599999999919,1465.0,-73.04000000000815,695.9799999999959,1017.7999999999956,142.0,28.76984126984127,145,359,2021-09-21,fixed N=2 (fixed stop),apex_50k
19,6,6,2,1391.9599999999919,1515.0,-123.04000000000815,695.9799999999959,1017.7999999999956,121.0,32.93650793650794,166,338,2021-10-20,fixed N=2 (fixed stop),apex_50k
19,6,6,3,1926.5599999999758,1600.0,326.55999999997584,642.1866666666587,1017.7999999999956,100.0,37.1031746031746,187,317,2021-11-18,fixed N=2 (fixed stop),apex_50k
17,6,6,4,2054.95999999997,1615.0,439.95999999997,513.7399999999925,1017.7999999999956,79.0,41.26984126984127,208,296,2021-12-20,fixed N=2 (fixed stop),apex_50k
15,6,6,5,3016.0399999999645,1630.0,1386.0399999999645,603.2079999999929,1017.7999999999956,58.0,45.43650793650794,229,275,2022-01-20,fixed N=2 (fixed stop),apex_50k
13,5,5,6,4088.7999999999593,1560.0,2528.7999999999593,681.4666666666599,1786.3999999999942,33.0,45.43650793650794,229,275,2022-02-18,fixed N=2 (fixed stop),apex_50k
14,5,5,4,1998.2399999999689,1510.0,488.23999999996886,499.5599999999922,961.0799999999945,125.0,41.666666666666664,210,294,2022-03-22,fixed N=2 (fixed stop),apex_50k
15,5,5,4,1998.2399999999689,1545.0,453.23999999996886,499.5599999999922,961.0799999999945,104.0,38.69047619047619,195,309,2022-04-21,fixed N=2 (fixed stop),apex_50k
14,5,5,4,1998.2399999999689,1510.0,488.23999999996886,499.5599999999922,961.0799999999945,83.0,40.07936507936508,202,302,2022-05-20,fixed N=2 (fixed stop),apex_50k
14,5,5,4,1998.2399999999689,1425.0,573.2399999999689,499.5599999999922,961.0799999999945,62.0,38.29365079365079,193,311,2022-06-22,fixed N=2 (fixed stop),apex_50k
15,6,6,3,1624.0799999999726,1545.0,79.07999999997264,541.3599999999909,961.0799999999945,330.0,38.888888888888886,196,308,2022-07-22,fixed N=2 (fixed stop),apex_50k
14,6,6,4,2071.1199999999662,1595.0,476.11999999996624,517.7799999999916,961.0799999999945,309.0,43.84920634920635,221,283,2022-08-22,fixed N=2 (fixed stop),apex_50k
16,5,5,4,2071.1199999999662,1580.0,491.11999999996624,517.7799999999916,961.0799999999945,288.0,42.06349206349206,212,292,2022-09-21,fixed N=2 (fixed stop),apex_50k
15,5,5,4,2071.1199999999662,1545.0,526.1199999999662,517.7799999999916,961.0799999999945,267.0,42.06349206349206,212,292,2022-10-20,fixed N=2 (fixed stop),apex_50k
14,5,5,4,2071.1199999999662,1425.0,646.1199999999662,517.7799999999916,961.0799999999945,246.0,35.317460317460316,178,326,2022-11-18,fixed N=2 (fixed stop),apex_50k
14,5,5,5,3917.15999999996,1510.0,2407.15999999996,783.431999999992,1846.0399999999936,225.0,39.48412698412698,199,305,2022-12-20,fixed N=2 (fixed stop),apex_50k
13,5,5,6,5917.15999999996,1560.0,4357.15999999996,986.1933333333267,2000.0,204.0,43.65079365079365,220,284,2023-01-23,fixed N=2 (fixed stop),apex_50k
12,5,5,7,7917.15999999996,1610.0,6307.15999999996,1131.0228571428513,2000.0,183.0,47.817460317460316,241,263,2023-02-22,fixed N=2 (fixed stop),apex_50k
11,6,6,8,9713.479999999945,1745.0,7968.479999999945,1214.1849999999931,2000.0,162.0,53.37301587301587,269,235,2023-03-23,fixed N=2 (fixed stop),apex_50k
11,5,5,8,9713.479999999945,1745.0,7968.479999999945,1214.1849999999931,2000.0,141.0,56.15079365079365,283,221,2023-04-24,fixed N=2 (fixed stop),apex_50k
11,5,5,9,23559.479999999974,1830.0,21729.479999999974,2617.719999999997,13846.00000000003,120.0,60.317460317460316,304,200,2023-05-23,fixed N=2 (fixed stop),apex_50k
12,5,5,9,23559.479999999974,1865.0,21694.479999999974,2617.719999999997,13846.00000000003,99.0,62.301587301587304,314,190,2023-06-23,fixed N=2 (fixed stop),apex_50k
12,5,5,11,24901.799999999974,1865.0,23036.799999999974,2263.7999999999975,13846.00000000003,41.0,62.5,315,189,2023-07-25,fixed N=2 (fixed stop),apex_50k
12,6,6,7,22177.559999999976,1950.0,20227.559999999976,3168.2228571428536,13846.00000000003,95.0,64.88095238095238,327,177,2023-08-23,fixed N=2 (fixed stop),apex_50k
14,6,6,6,21935.4,1595.0,20340.4,3655.9,13846.00000000003,224.0,45.03968253968254,227,277,2023-09-22,fixed N=2 (fixed stop),apex_50k
15,5,5,6,21935.4,1545.0,20390.4,3655.9,13846.00000000003,203.0,43.25396825396825,218,286,2023-10-23,fixed N=2 (fixed stop),apex_50k
16,6,6,6,21935.4,1665.0,20270.4,3655.9,13846.00000000003,182.0,44.24603174603175,223,281,2023-11-21,fixed N=2 (fixed stop),apex_50k
17,7,7,6,21935.4,1785.0,20150.4,3655.9,13846.00000000003,161.0,45.23809523809524,228,276,2023-12-21,fixed N=2 (fixed stop),apex_50k
16,7,7,7,22004.759999999995,1835.0,20169.759999999995,3143.537142857142,13846.00000000003,140.0,49.404761904761905,249,255,2024-01-24,fixed N=2 (fixed stop),apex_50k
14,7,7,8,24004.759999999995,1850.0,22154.759999999995,3000.5949999999993,13846.00000000003,119.0,53.57142857142857,270,234,2024-02-23,fixed N=2 (fixed stop),apex_50k
14,7,7,9,25997.559999999983,1935.0,24062.559999999983,2888.6177777777757,13846.00000000003,98.0,57.73809523809524,291,213,2024-03-25,fixed N=2 (fixed stop),apex_50k
13,6,6,10,32136.35999999998,1900.0,30236.35999999998,3213.6359999999977,13846.00000000003,77.0,59.72222222222222,301,203,2024-04-24,fixed N=2 (fixed stop),apex_50k
13,6,6,10,32636.03999999998,1900.0,30736.03999999998,3263.603999999998,13846.00000000003,54.0,57.53968253968254,290,214,2024-05-23,fixed N=2 (fixed stop),apex_50k
16,7,7,9,31689.319999999985,2005.0,29684.319999999985,3521.035555555554,13846.00000000003,126.0,52.77777777777778,266,238,2024-06-25,fixed N=2 (fixed stop),apex_50k
17,6,6,9,31689.319999999985,1955.0,29734.319999999985,3521.035555555554,13846.00000000003,105.0,51.388888888888886,259,245,2024-07-25,fixed N=2 (fixed stop),apex_50k
17,7,7,9,31689.319999999985,2040.0,29649.319999999985,3521.035555555554,13846.00000000003,84.0,52.77777777777778,266,238,2024-08-23,fixed N=2 (fixed stop),apex_50k
4,0,0,0,0.0,196.0,-196.0,0.0,0.0,,0.0,0,504,2010-06-07,fixed N=2 (fixed stop),topstep_50k
3,0,0,0,0.0,147.0,-147.0,0.0,0.0,,0.0,0,504,2010-11-01,fixed N=2 (fixed stop),topstep_50k
3,0,0,0,0.0,147.0,-147.0,0.0,0.0,,0.0,0,504,2011-03-15,fixed N=2 (fixed stop),topstep_50k
3,0,0,0,0.0,147.0,-147.0,0.0,0.0,,0.0,0,504,2011-05-31,fixed N=2 (fixed stop),topstep_50k
3,0,0,0,0.0,147.0,-147.0,0.0,0.0,,0.0,0,504,2011-09-26,fixed N=2 (fixed stop),topstep_50k
3,0,0,0,0.0,147.0,-147.0,0.0,0.0,,0.0,0,504,2012-02-13,fixed N=2 (fixed stop),topstep_50k
4,0,0,0,0.0,196.0,-196.0,0.0,0.0,,0.0,0,504,2012-07-05,fixed N=2 (fixed stop),topstep_50k
3,0,0,0,0.0,147.0,-147.0,0.0,0.0,,0.0,0,504,2012-09-11,fixed N=2 (fixed stop),topstep_50k
3,0,0,0,0.0,147.0,-147.0,0.0,0.0,,0.0,0,504,2012-10-16,fixed N=2 (fixed stop),topstep_50k
3,0,0,0,0.0,147.0,-147.0,0.0,0.0,,0.0,0,504,2012-11-29,fixed N=2 (fixed stop),topstep_50k
3,0,0,0,0.0,147.0,-147.0,0.0,0.0,,0.0,0,504,2013-01-11,fixed N=2 (fixed stop),topstep_50k
3,0,0,0,0.0,147.0,-147.0,0.0,0.0,,0.0,0,504,2013-03-11,fixed N=2 (fixed stop),topstep_50k
3,0,0,0,0.0,147.0,-147.0,0.0,0.0,,0.0,0,504,2013-04-11,fixed N=2 (fixed stop),topstep_50k
4,0,0,0,0.0,196.0,-196.0,0.0,0.0,,0.0,0,504,2013-05-10,fixed N=2 (fixed stop),topstep_50k
4,0,0,0,0.0,196.0,-196.0,0.0,0.0,,0.0,0,504,2013-06-11,fixed N=2 (fixed stop),topstep_50k
4,0,0,0,0.0,196.0,-196.0,0.0,0.0,,0.0,0,504,2013-07-11,fixed N=2 (fixed stop),topstep_50k
3,0,0,0,0.0,147.0,-147.0,0.0,0.0,,0.0,0,504,2013-08-12,fixed N=2 (fixed stop),topstep_50k
3,0,0,0,0.0,147.0,-147.0,0.0,0.0,,0.0,0,504,2013-09-11,fixed N=2 (fixed stop),topstep_50k
3,1,1,0,0.0,196.0,-196.0,0.0,0.0,,2.5793650793650795,13,491,2013-10-10,fixed N=2 (fixed stop),topstep_50k
3,1,1,0,0.0,245.0,-245.0,0.0,0.0,,6.746031746031746,34,470,2013-11-15,fixed N=2 (fixed stop),topstep_50k
3,1,1,1,1488.7199999999866,294.0,1194.7199999999866,1488.7199999999866,1488.7199999999866,495.0,10.912698412698413,55,449,2014-01-09,fixed N=2 (fixed stop),topstep_50k
3,1,1,1,1488.7199999999866,343.0,1145.7199999999866,1488.7199999999866,1488.7199999999866,474.0,15.079365079365079,76,428,2014-03-03,fixed N=2 (fixed stop),topstep_50k
3,1,1,1,1488.7199999999866,392.0,1096.7199999999866,1488.7199999999866,1488.7199999999866,453.0,19.246031746031747,97,407,2014-04-03,fixed N=2 (fixed stop),topstep_50k
3,1,1,1,1488.7199999999866,441.0,1047.7199999999866,1488.7199999999866,1488.7199999999866,432.0,23.41269841269841,118,386,2014-05-06,fixed N=2 (fixed stop),topstep_50k
4,1,1,1,1488.7199999999866,490.0,998.7199999999866,1488.7199999999866,1488.7199999999866,411.0,23.41269841269841,118,386,2014-06-06,fixed N=2 (fixed stop),topstep_50k
4,1,1,1,1488.7199999999866,490.0,998.7199999999866,1488.7199999999866,1488.7199999999866,390.0,23.41269841269841,118,386,2014-07-10,fixed N=2 (fixed stop),topstep_50k
4,1,1,1,1488.7199999999866,490.0,998.7199999999866,1488.7199999999866,1488.7199999999866,369.0,23.41269841269841,118,386,2014-08-08,fixed N=2 (fixed stop),topstep_50k
4,1,1,1,1488.7199999999866,490.0,998.7199999999866,1488.7199999999866,1488.7199999999866,348.0,23.41269841269841,118,386,2014-09-10,fixed N=2 (fixed stop),topstep_50k
3,0,0,0,0.0,147.0,-147.0,0.0,0.0,,0.0,0,504,2014-10-14,fixed N=2 (fixed stop),topstep_50k
3,1,1,1,1346.9999999999782,392.0,954.9999999999782,1346.9999999999782,1346.9999999999782,340.0,19.246031746031747,97,407,2014-11-24,fixed N=2 (fixed stop),topstep_50k
3,0,0,0,0.0,147.0,-147.0,0.0,0.0,,0.0,0,504,2015-01-14,fixed N=2 (fixed stop),topstep_50k
2,1,1,1,1672.8799999999828,343.0,1329.8799999999828,1672.8799999999828,1672.8799999999828,280.0,18.055555555555557,91,413,2015-02-27,fixed N=2 (fixed stop),topstep_50k
2,1,1,1,1346.9999999999782,343.0,1003.9999999999782,1346.9999999999782,1346.9999999999782,277.0,19.246031746031747,97,407,2015-04-07,fixed N=2 (fixed stop),topstep_50k
2,1,1,1,1346.9999999999782,343.0,1003.9999999999782,1346.9999999999782,1346.9999999999782,256.0,19.246031746031747,97,407,2015-05-06,fixed N=2 (fixed stop),topstep_50k
2,1,1,1,1488.7199999999866,392.0,1096.7199999999866,1488.7199999999866,1488.7199999999866,201.0,23.41269841269841,118,386,2015-06-05,fixed N=2 (fixed stop),topstep_50k
3,1,1,1,1672.8799999999828,392.0,1280.8799999999828,1672.8799999999828,1672.8799999999828,196.0,18.055555555555557,91,413,2015-07-08,fixed N=2 (fixed stop),topstep_50k
3,1,1,1,1672.8799999999828,392.0,1280.8799999999828,1672.8799999999828,1672.8799999999828,175.0,18.055555555555557,91,413,2015-08-06,fixed N=2 (fixed stop),topstep_50k
2,1,1,3,3346.679999999935,637.0,2709.679999999935,1115.5599999999783,2004.5199999999822,113.0,44.642857142857146,225,279,2015-09-04,fixed N=2 (fixed stop),topstep_50k
3,1,1,1,1149.7599999999802,392.0,757.7599999999802,1149.7599999999802,1149.7599999999802,151.0,18.055555555555557,91,413,2015-10-07,fixed N=2 (fixed stop),topstep_50k
3,1,1,1,1346.9999999999782,392.0,954.9999999999782,1346.9999999999782,1346.9999999999782,130.0,19.246031746031747,97,407,2015-11-11,fixed N=2 (fixed stop),topstep_50k
2,1,1,3,2050.639999999905,931.0,1119.6399999999048,683.5466666666349,1439.6799999999857,222.0,67.06349206349206,338,166,2015-12-17,fixed N=2 (fixed stop),topstep_50k
1,1,1,2,1291.3999999999432,735.0,556.3999999999432,645.6999999999716,977.4799999999595,351.0,57.93650793650794,292,212,2016-01-20,fixed N=2 (fixed stop),topstep_50k
3,0,0,0,0.0,147.0,-147.0,0.0,0.0,,0.0,0,504,2016-02-19,fixed N=2 (fixed stop),topstep_50k
3,1,1,0,0.0,196.0,-196.0,0.0,0.0,,1.3888888888888888,7,497,2016-03-21,fixed N=2 (fixed stop),topstep_50k
4,1,1,1,1147.1199999999953,294.0,853.1199999999953,1147.1199999999953,1147.1199999999953,476.0,5.158730158730159,26,478,2016-04-20,fixed N=2 (fixed stop),topstep_50k
4,1,1,1,1147.1199999999953,294.0,853.1199999999953,1147.1199999999953,1147.1199999999953,455.0,5.158730158730159,26,478,2016-05-19,fixed N=2 (fixed stop),topstep_50k
4,1,1,0,0.0,294.0,-294.0,0.0,0.0,,5.357142857142857,27,477,2016-06-20,fixed N=2 (fixed stop),topstep_50k
4,1,1,0,0.0,294.0,-294.0,0.0,0.0,,5.357142857142857,27,477,2016-07-20,fixed N=2 (fixed stop),topstep_50k
3,2,2,2,903.4799999999595,637.0,266.47999999995955,451.7399999999798,617.7599999999657,336.0,35.51587301587302,179,325,2016-08-18,fixed N=2 (fixed stop),topstep_50k
4,2,2,0,0.0,392.0,-392.0,0.0,0.0,,11.706349206349206,59,445,2016-09-19,fixed N=2 (fixed stop),topstep_50k
4,2,2,1,71.0799999999872,441.0,-369.9200000000128,71.0799999999872,71.0799999999872,495.0,15.873015873015873,80,424,2016-10-18,fixed N=2 (fixed stop),topstep_50k
5,2,2,3,4389.479999999981,539.0,3850.4799999999814,1463.1599999999937,2501.239999999998,474.0,18.253968253968253,92,412,2016-11-16,fixed N=2 (fixed stop),topstep_50k
5,2,2,3,4389.479999999981,539.0,3850.4799999999814,1463.1599999999937,2501.239999999998,453.0,18.253968253968253,92,412,2016-12-16,fixed N=2 (fixed stop),topstep_50k
4,2,2,2,2935.119999999988,343.0,2592.119999999988,1467.559999999994,1703.239999999998,419.0,10.317460317460318,52,452,2017-01-19,fixed N=2 (fixed stop),topstep_50k
4,3,3,3,4389.479999999981,539.0,3850.4799999999814,1463.1599999999937,2501.239999999998,411.0,21.03174603174603,106,398,2017-02-17,fixed N=2 (fixed stop),topstep_50k
4,3,3,3,4389.479999999981,588.0,3801.4799999999814,1463.1599999999937,2501.239999999998,390.0,25.1984126984127,127,377,2017-03-21,fixed N=2 (fixed stop),topstep_50k
5,3,3,4,5536.599999999977,686.0,4850.599999999977,1384.1499999999942,2501.239999999998,224.0,27.38095238095238,138,366,2017-04-20,fixed N=2 (fixed stop),topstep_50k
5,3,3,4,4571.559999999976,686.0,3885.559999999976,1142.889999999994,2501.239999999998,214.0,29.166666666666668,147,357,2017-05-19,fixed N=2 (fixed stop),topstep_50k
6,3,3,3,4389.479999999981,735.0,3654.4799999999814,1463.1599999999937,2501.239999999998,327.0,27.57936507936508,139,365,2017-06-20,fixed N=2 (fixed stop),topstep_50k
6,3,3,3,4389.479999999981,735.0,3654.4799999999814,1463.1599999999937,2501.239999999998,306.0,27.57936507936508,139,365,2017-07-20,fixed N=2 (fixed stop),topstep_50k
6,3,3,3,4389.479999999981,735.0,3654.4799999999814,1463.1599999999937,2501.239999999998,285.0,27.57936507936508,139,365,2017-08-18,fixed N=2 (fixed stop),topstep_50k
6,3,3,3,4389.479999999981,735.0,3654.4799999999814,1463.1599999999937,2501.239999999998,264.0,27.57936507936508,139,365,2017-09-19,fixed N=2 (fixed stop),topstep_50k
6,4,4,3,4389.479999999981,784.0,3605.4799999999814,1463.1599999999937,2501.239999999998,243.0,30.555555555555557,154,350,2017-10-18,fixed N=2 (fixed stop),topstep_50k
6,4,4,3,4389.479999999981,833.0,3556.4799999999814,1463.1599999999937,2501.239999999998,222.0,34.72222222222222,175,329,2017-11-16,fixed N=2 (fixed stop),topstep_50k
6,4,4,3,4389.479999999981,882.0,3507.4799999999814,1463.1599999999937,2501.239999999998,201.0,38.888888888888886,196,308,2017-12-18,fixed N=2 (fixed stop),topstep_50k
4,3,3,3,3158.3599999999715,539.0,2619.3599999999715,1052.786666666657,1703.239999999998,160.0,25.0,126,378,2018-01-19,fixed N=2 (fixed stop),topstep_50k
6,3,3,5,6006.999999999956,882.0,5124.999999999956,1201.3999999999912,2501.239999999998,159.0,40.27777777777778,203,301,2018-02-20,fixed N=2 (fixed stop),topstep_50k
8,3,3,5,6006.999999999956,980.0,5026.999999999956,1201.3999999999912,2501.239999999998,138.0,40.27777777777778,203,301,2018-03-21,fixed N=2 (fixed stop),topstep_50k
7,3,3,5,6006.999999999956,931.0,5075.999999999956,1201.3999999999912,2501.239999999998,117.0,40.27777777777778,203,301,2018-04-20,fixed N=2 (fixed stop),topstep_50k
7,3,3,5,4982.959999999963,833.0,4149.959999999963,996.5919999999926,2361.159999999996,113.0,34.32539682539682,173,331,2018-05-21,fixed N=2 (fixed stop),topstep_50k
7,4,4,3,4118.759999999973,833.0,3285.759999999973,1372.919999999991,2501.239999999998,95.0,30.158730158730158,152,352,2018-06-20,fixed N=2 (fixed stop),topstep_50k
9,4,4,3,4118.759999999973,931.0,3187.759999999973,1372.919999999991,2501.239999999998,74.0,30.555555555555557,154,350,2018-07-20,fixed N=2 (fixed stop),topstep_50k
9,5,5,3,3509.759999999973,980.0,2529.759999999973,1169.919999999991,1892.239999999998,54.0,30.952380952380953,156,348,2018-08-20,fixed N=2 (fixed stop),topstep_50k
9,4,4,4,6082.95999999997,784.0,5298.95999999997,1520.7399999999925,2353.8399999999965,39.0,22.61904761904762,114,390,2018-09-19,fixed N=2 (fixed stop),topstep_50k
10,5,5,4,5233.879999999968,980.0,4253.879999999968,1308.469999999992,2353.8399999999965,21.0,32.53968253968254,164,340,2018-10-18,fixed N=2 (fixed stop),topstep_50k
9,3,3,3,4079.0799999999726,735.0,3344.0799999999726,1359.6933333333243,2353.8399999999965,284.0,20.634920634920636,104,400,2018-11-16,fixed N=2 (fixed stop),topstep_50k
12,3,3,3,3971.3599999999715,931.0,3040.3599999999715,1323.786666666657,2353.8399999999965,261.0,22.22222222222222,112,392,2018-12-19,fixed N=2 (fixed stop),topstep_50k
12,3,3,3,3971.3599999999715,931.0,3040.3599999999715,1323.786666666657,2353.8399999999965,240.0,22.22222222222222,112,392,2019-01-22,fixed N=2 (fixed stop),topstep_50k
11,4,4,3,4079.0799999999726,882.0,3197.0799999999726,1359.6933333333243,2353.8399999999965,221.0,22.817460317460316,115,389,2019-02-21,fixed N=2 (fixed stop),topstep_50k
14,4,4,4,4853.919999999969,1029.0,3824.919999999969,1213.4799999999923,2353.8399999999965,200.0,23.61111111111111,119,385,2019-03-22,fixed N=2 (fixed stop),topstep_50k
14,5,5,4,4746.199999999968,1127.0,3619.199999999968,1186.549999999992,2353.8399999999965,177.0,26.19047619047619,132,372,2019-04-23,fixed N=2 (fixed stop),topstep_50k
12,5,5,5,5973.839999999982,931.0,5042.839999999982,1194.7679999999964,2353.8399999999965,182.0,20.436507936507937,103,401,2019-05-22,fixed N=2 (fixed stop),topstep_50k
14,5,5,8,10214.999999999956,1176.0,9038.999999999956,1276.8749999999945,2353.8399999999965,139.0,32.53968253968254,164,340,2019-06-21,fixed N=2 (fixed stop),topstep_50k
14,5,5,6,8192.71999999998,1029.0,7163.719999999979,1365.45333333333,2353.8399999999965,140.0,21.03174603174603,106,398,2019-07-23,fixed N=2 (fixed stop),topstep_50k
14,5,5,5,7471.639999999985,980.0,6491.639999999985,1494.327999999997,2353.8399999999965,263.0,15.674603174603174,79,425,2019-08-21,fixed N=2 (fixed stop),topstep_50k
16,5,5,6,9401.75999999998,1078.0,8323.75999999998,1566.9599999999966,2353.8399999999965,108.0,16.26984126984127,82,422,2019-09-20,fixed N=2 (fixed stop),topstep_50k
16,5,5,5,7471.639999999985,1078.0,6393.639999999985,1494.327999999997,2353.8399999999965,221.0,15.277777777777779,77,427,2019-10-21,fixed N=2 (fixed stop),topstep_50k
17,5,5,5,7471.639999999985,1127.0,6344.639999999985,1494.327999999997,2353.8399999999965,200.0,15.277777777777779,77,427,2019-11-19,fixed N=2 (fixed stop),topstep_50k
20,5,5,5,7471.639999999985,1274.0,6197.639999999985,1494.327999999997,2353.8399999999965,179.0,15.674603174603174,79,425,2019-12-19,fixed N=2 (fixed stop),topstep_50k
22,4,4,5,7471.639999999985,1323.0,6148.639999999985,1494.327999999997,2353.8399999999965,158.0,12.896825396825397,65,439,2020-01-22,fixed N=2 (fixed stop),topstep_50k
25,4,4,5,7471.639999999985,1470.0,6001.639999999985,1494.327999999997,2353.8399999999965,137.0,12.896825396825397,65,439,2020-02-21,fixed N=2 (fixed stop),topstep_50k
23,4,4,5,7471.639999999985,1372.0,6099.639999999985,1494.327999999997,2353.8399999999965,116.0,11.507936507936508,58,446,2020-03-23,fixed N=2 (fixed stop),topstep_50k
24,4,4,7,11516.07999999998,1421.0,10095.07999999998,1645.1542857142829,3789.239999999998,95.0,14.880952380952381,75,429,2020-04-22,fixed N=2 (fixed stop),topstep_50k
27,4,4,7,11516.07999999998,1568.0,9948.07999999998,1645.1542857142829,3789.239999999998,74.0,14.880952380952381,75,429,2020-05-21,fixed N=2 (fixed stop),topstep_50k
27,5,5,8,12652.599999999977,1617.0,11035.599999999977,1581.574999999997,3789.239999999998,53.0,17.261904761904763,87,417,2020-06-22,fixed N=2 (fixed stop),topstep_50k
28,5,5,9,13332.119999999974,1715.0,11617.119999999974,1481.3466666666636,3789.239999999998,29.0,19.444444444444443,98,406,2020-07-22,fixed N=2 (fixed stop),topstep_50k
29,5,5,8,11136.239999999976,1715.0,9421.239999999976,1392.029999999997,3789.239999999998,36.0,18.055555555555557,91,413,2020-08-20,fixed N=2 (fixed stop),topstep_50k
28,5,5,7,10298.75999999998,1666.0,8632.75999999998,1471.2514285714258,3789.239999999998,106.0,16.46825396825397,83,421,2020-09-21,fixed N=2 (fixed stop),topstep_50k
30,5,5,7,10298.75999999998,1764.0,8534.75999999998,1471.2514285714258,3789.239999999998,85.0,17.658730158730158,89,415,2020-10-20,fixed N=2 (fixed stop),topstep_50k
29,5,5,6,9523.919999999984,1715.0,7808.919999999984,1587.3199999999972,3789.239999999998,109.0,15.674603174603174,79,425,2020-11-18,fixed N=2 (fixed stop),topstep_50k
29,6,6,6,9523.919999999984,1764.0,7759.919999999984,1587.3199999999972,3789.239999999998,88.0,17.46031746031746,88,416,2020-12-18,fixed N=2 (fixed stop),topstep_50k
29,5,5,6,9523.919999999984,1715.0,7808.919999999984,1587.3199999999972,3789.239999999998,67.0,16.46825396825397,83,421,2021-01-21,fixed N=2 (fixed stop),topstep_50k
31,5,5,6,9523.919999999984,1813.0,7710.919999999984,1587.3199999999972,3789.239999999998,46.0,16.46825396825397,83,421,2021-02-22,fixed N=2 (fixed stop),topstep_50k
29,6,6,4,6858.19999999999,1764.0,5094.19999999999,1714.5499999999975,3789.239999999998,30.0,19.047619047619047,96,408,2021-03-23,fixed N=2 (fixed stop),topstep_50k
30,6,6,4,6991.839999999989,1764.0,5227.839999999989,1747.9599999999973,3789.239999999998,24.0,13.293650793650794,67,437,2021-04-22,fixed N=2 (fixed stop),topstep_50k
30,5,5,3,5180.959999999992,1715.0,3465.959999999992,1726.986666666664,3789.239999999998,219.0,14.285714285714286,72,432,2021-05-21,fixed N=2 (fixed stop),topstep_50k
31,5,5,3,5180.959999999992,1764.0,3416.959999999992,1726.986666666664,3789.239999999998,198.0,14.285714285714286,72,432,2021-06-22,fixed N=2 (fixed stop),topstep_50k
30,5,5,3,5180.959999999992,1715.0,3465.959999999992,1726.986666666664,3789.239999999998,177.0,14.285714285714286,72,432,2021-07-22,fixed N=2 (fixed stop),topstep_50k
32,5,5,3,5180.959999999992,1813.0,3367.959999999992,1726.986666666664,3789.239999999998,156.0,14.285714285714286,72,432,2021-08-20,fixed N=2 (fixed stop),topstep_50k
31,6,6,4,7890.19999999999,1813.0,6077.19999999999,1972.5499999999975,3789.239999999998,135.0,15.873015873015873,80,424,2021-09-21,fixed N=2 (fixed stop),topstep_50k
30,6,6,4,7890.19999999999,1764.0,6126.19999999999,1972.5499999999975,3789.239999999998,114.0,15.873015873015873,80,424,2021-10-20,fixed N=2 (fixed stop),topstep_50k
30,6,6,4,7890.19999999999,1764.0,6126.19999999999,1972.5499999999975,3789.239999999998,93.0,15.873015873015873,80,424,2021-11-18,fixed N=2 (fixed stop),topstep_50k
27,6,6,4,7890.19999999999,1617.0,6273.19999999999,1972.5499999999975,3789.239999999998,72.0,15.873015873015873,80,424,2021-12-20,fixed N=2 (fixed stop),topstep_50k
25,7,7,4,7890.19999999999,1568.0,6322.19999999999,1972.5499999999975,3789.239999999998,51.0,17.658730158730158,89,415,2022-01-20,fixed N=2 (fixed stop),topstep_50k
25,7,7,4,7890.19999999999,1568.0,6322.19999999999,1972.5499999999975,3789.239999999998,30.0,17.857142857142858,90,414,2022-02-18,fixed N=2 (fixed stop),topstep_50k
25,7,7,3,5249.599999999991,1568.0,3681.5999999999913,1749.8666666666638,2709.239999999998,24.0,17.46031746031746,88,416,2022-03-22,fixed N=2 (fixed stop),topstep_50k
26,7,7,2,3845.7599999999948,1617.0,2228.7599999999948,1922.8799999999974,2709.239999999998,36.0,15.476190476190476,78,426,2022-04-21,fixed N=2 (fixed stop),topstep_50k
23,7,7,4,6410.19999999999,1470.0,4940.19999999999,1602.5499999999975,2709.239999999998,18.0,18.055555555555557,91,413,2022-05-20,fixed N=2 (fixed stop),topstep_50k
23,6,6,2,4964.119999999995,1421.0,3543.1199999999953,2482.0599999999977,2709.239999999998,302.0,13.88888888888889,70,434,2022-06-22,fixed N=2 (fixed stop),topstep_50k
22,7,7,2,4964.119999999995,1421.0,3543.1199999999953,2482.0599999999977,2709.239999999998,281.0,15.476190476190476,78,426,2022-07-22,fixed N=2 (fixed stop),topstep_50k
22,7,7,3,8051.599999999991,1421.0,6630.599999999991,2683.8666666666636,3087.479999999996,260.0,16.865079365079364,85,419,2022-08-22,fixed N=2 (fixed stop),topstep_50k
25,6,6,3,8051.599999999991,1519.0,6532.599999999991,2683.8666666666636,3087.479999999996,239.0,13.88888888888889,70,434,2022-09-21,fixed N=2 (fixed stop),topstep_50k
24,6,6,3,8051.599999999991,1470.0,6581.599999999991,2683.8666666666636,3087.479999999996,218.0,13.88888888888889,70,434,2022-10-20,fixed N=2 (fixed stop),topstep_50k
22,6,6,3,8051.599999999991,1372.0,6679.599999999991,2683.8666666666636,3087.479999999996,197.0,12.301587301587302,62,442,2022-11-18,fixed N=2 (fixed stop),topstep_50k
22,6,6,4,8674.759999999987,1421.0,7253.7599999999875,2168.689999999997,3087.479999999996,176.0,16.46825396825397,83,421,2022-12-20,fixed N=2 (fixed stop),topstep_50k
22,7,7,5,12877.279999999984,1470.0,11407.279999999984,2575.455999999997,4202.519999999997,155.0,17.261904761904763,87,417,2023-01-23,fixed N=2 (fixed stop),topstep_50k
22,8,8,6,16352.199999999983,1519.0,14833.199999999983,2725.3666666666636,4202.519999999997,134.0,19.444444444444443,98,406,2023-02-22,fixed N=2 (fixed stop),topstep_50k
22,8,8,6,16352.199999999983,1519.0,14833.199999999983,2725.3666666666636,4202.519999999997,113.0,17.261904761904763,87,417,2023-03-23,fixed N=2 (fixed stop),topstep_50k
23,8,8,7,25900.35999999998,1568.0,24332.35999999998,3700.0514285714257,9548.159999999996,92.0,18.849206349206348,95,409,2023-04-24,fixed N=2 (fixed stop),topstep_50k
23,8,8,7,25900.35999999998,1568.0,24332.35999999998,3700.0514285714257,9548.159999999996,71.0,18.849206349206348,95,409,2023-05-23,fixed N=2 (fixed stop),topstep_50k
24,8,8,7,25900.35999999998,1617.0,24283.35999999998,3700.0514285714257,9548.159999999996,50.0,18.849206349206348,95,409,2023-06-23,fixed N=2 (fixed stop),topstep_50k
23,8,8,7,25900.35999999998,1568.0,24332.35999999998,3700.0514285714257,9548.159999999996,29.0,18.849206349206348,95,409,2023-07-25,fixed N=2 (fixed stop),topstep_50k
23,9,9,7,23947.279999999977,1666.0,22281.279999999977,3421.039999999997,9548.159999999996,20.0,24.603174603174605,124,380,2023-08-23,fixed N=2 (fixed stop),topstep_50k
23,9,9,6,23191.11999999998,1617.0,21574.11999999998,3865.1866666666633,9548.159999999996,150.0,21.428571428571427,108,396,2023-09-22,fixed N=2 (fixed stop),topstep_50k
24,8,8,6,23191.11999999998,1617.0,21574.11999999998,3865.1866666666633,9548.159999999996,129.0,22.22222222222222,112,392,2023-10-23,fixed N=2 (fixed stop),topstep_50k
25,9,9,6,23191.11999999998,1715.0,21476.11999999998,3865.1866666666633,9548.159999999996,108.0,22.61904761904762,114,390,2023-11-21,fixed N=2 (fixed stop),topstep_50k
27,10,10,7,24776.35999999998,1862.0,22914.35999999998,3539.479999999997,9548.159999999996,87.0,24.8015873015873,125,379,2023-12-21,fixed N=2 (fixed stop),topstep_50k
27,10,10,8,27142.479999999974,1862.0,25280.479999999974,3392.8099999999968,9548.159999999996,66.0,27.182539682539684,137,367,2024-01-24,fixed N=2 (fixed stop),topstep_50k
26,11,11,9,31096.719999999972,1862.0,29234.719999999972,3455.191111111108,9548.159999999996,45.0,28.76984126984127,145,359,2024-02-23,fixed N=2 (fixed stop),topstep_50k
27,11,11,9,31096.719999999972,1911.0,29185.719999999972,3455.191111111108,9548.159999999996,24.0,28.76984126984127,145,359,2024-03-25,fixed N=2 (fixed stop),topstep_50k
28,12,12,9,31999.719999999972,2009.0,29990.719999999972,3555.5244444444415,9548.159999999996,69.0,32.73809523809524,165,339,2024-04-24,fixed N=2 (fixed stop),topstep_50k
26,11,11,9,32433.119999999974,1862.0,30571.119999999974,3603.679999999997,9548.159999999996,42.0,27.77777777777778,140,364,2024-05-23,fixed N=2 (fixed stop),topstep_50k
30,12,12,8,28912.239999999976,2107.0,26805.239999999976,3614.029999999997,9548.159999999996,117.0,28.571428571428573,144,360,2024-06-25,fixed N=2 (fixed stop),topstep_50k
31,11,11,8,28912.239999999976,2107.0,26805.239999999976,3614.029999999997,9548.159999999996,96.0,26.58730158730159,134,370,2024-07-25,fixed N=2 (fixed stop),topstep_50k
30,12,12,8,28912.239999999976,2107.0,26805.239999999976,3614.029999999997,9548.159999999996,75.0,27.976190476190474,141,363,2024-08-23,fixed N=2 (fixed stop),topstep_50k
9,1,1,0,0.0,400.0,-400.0,0.0,0.0,,2.5793650793650795,13,491,2010-06-07,pct 0.5% (trailing),apex_50k
8,2,2,0,0.0,450.0,-450.0,0.0,0.0,,2.7777777777777777,14,490,2010-11-01,pct 0.5% (trailing),apex_50k
8,2,2,0,0.0,535.0,-535.0,0.0,0.0,,6.944444444444445,35,469,2011-03-15,pct 0.5% (trailing),apex_50k
8,2,2,0,0.0,620.0,-620.0,0.0,0.0,,11.11111111111111,56,448,2011-05-31,pct 0.5% (trailing),apex_50k
9,2,2,0,0.0,655.0,-655.0,0.0,0.0,,14.682539682539682,74,430,2011-09-26,pct 0.5% (trailing),apex_50k
9,2,2,0,0.0,655.0,-655.0,0.0,0.0,,14.682539682539682,74,430,2012-02-13,pct 0.5% (trailing),apex_50k
10,2,2,0,0.0,690.0,-690.0,0.0,0.0,,14.682539682539682,74,430,2012-07-05,pct 0.5% (trailing),apex_50k
9,2,2,0,0.0,655.0,-655.0,0.0,0.0,,14.682539682539682,74,430,2012-09-11,pct 0.5% (trailing),apex_50k
9,2,2,0,0.0,655.0,-655.0,0.0,0.0,,14.682539682539682,74,430,2012-10-16,pct 0.5% (trailing),apex_50k
9,3,3,0,0.0,740.0,-740.0,0.0,0.0,,15.674603174603174,79,425,2012-11-29,pct 0.5% (trailing),apex_50k
10,3,3,0,0.0,775.0,-775.0,0.0,0.0,,17.063492063492063,86,418,2013-01-11,pct 0.5% (trailing),apex_50k
9,3,3,0,0.0,740.0,-740.0,0.0,0.0,,17.063492063492063,86,418,2013-03-11,pct 0.5% (trailing),apex_50k
9,3,3,0,0.0,740.0,-740.0,0.0,0.0,,17.063492063492063,86,418,2013-04-11,pct 0.5% (trailing),apex_50k
10,3,3,0,0.0,775.0,-775.0,0.0,0.0,,17.063492063492063,86,418,2013-05-10,pct 0.5% (trailing),apex_50k
11,3,3,0,0.0,810.0,-810.0,0.0,0.0,,17.063492063492063,86,418,2013-06-11,pct 0.5% (trailing),apex_50k
11,3,3,0,0.0,810.0,-810.0,0.0,0.0,,17.063492063492063,86,418,2013-07-11,pct 0.5% (trailing),apex_50k
11,2,2,0,0.0,725.0,-725.0,0.0,0.0,,14.484126984126984,73,431,2013-08-12,pct 0.5% (trailing),apex_50k
12,2,2,0,0.0,760.0,-760.0,0.0,0.0,,14.484126984126984,73,431,2013-09-11,pct 0.5% (trailing),apex_50k
12,3,3,0,0.0,845.0,-845.0,0.0,0.0,,16.46825396825397,83,421,2013-10-10,pct 0.5% (trailing),apex_50k
12,4,4,0,0.0,1015.0,-1015.0,0.0,0.0,,21.626984126984127,109,395,2013-11-15,pct 0.5% (trailing),apex_50k
11,4,4,0,0.0,895.0,-895.0,0.0,0.0,,19.246031746031747,97,407,2014-01-09,pct 0.5% (trailing),apex_50k
13,5,5,0,0.0,1135.0,-1135.0,0.0,0.0,,25.595238095238095,129,375,2014-03-03,pct 0.5% (trailing),apex_50k
14,4,4,0,0.0,1000.0,-1000.0,0.0,0.0,,21.23015873015873,107,397,2014-04-03,pct 0.5% (trailing),apex_50k
13,3,3,0,0.0,710.0,-710.0,0.0,0.0,,9.126984126984127,46,458,2014-05-06,pct 0.5% (trailing),apex_50k
14,3,3,0,0.0,745.0,-745.0,0.0,0.0,,9.126984126984127,46,458,2014-06-06,pct 0.5% (trailing),apex_50k
15,3,3,0,0.0,780.0,-780.0,0.0,0.0,,9.126984126984127,46,458,2014-07-10,pct 0.5% (trailing),apex_50k
15,4,4,0,0.0,865.0,-865.0,0.0,0.0,,11.904761904761905,60,444,2014-08-08,pct 0.5% (trailing),apex_50k
16,4,4,0,0.0,985.0,-985.0,0.0,0.0,,15.476190476190476,78,426,2014-09-10,pct 0.5% (trailing),apex_50k
15,4,4,0,0.0,950.0,-950.0,0.0,0.0,,15.476190476190476,78,426,2014-10-14,pct 0.5% (trailing),apex_50k
15,4,4,0,0.0,950.0,-950.0,0.0,0.0,,15.476190476190476,78,426,2014-11-24,pct 0.5% (trailing),apex_50k
14,4,4,0,0.0,915.0,-915.0,0.0,0.0,,15.476190476190476,78,426,2015-01-14,pct 0.5% (trailing),apex_50k
13,4,4,0,0.0,880.0,-880.0,0.0,0.0,,15.476190476190476,78,426,2015-02-27,pct 0.5% (trailing),apex_50k
14,3,3,0,0.0,830.0,-830.0,0.0,0.0,,13.095238095238095,66,438,2015-04-07,pct 0.5% (trailing),apex_50k
13,3,3,0,0.0,795.0,-795.0,0.0,0.0,,13.095238095238095,66,438,2015-05-06,pct 0.5% (trailing),apex_50k
13,4,4,0,0.0,880.0,-880.0,0.0,0.0,,14.285714285714286,72,432,2015-06-05,pct 0.5% (trailing),apex_50k
13,4,4,0,0.0,965.0,-965.0,0.0,0.0,,18.452380952380953,93,411,2015-07-08,pct 0.5% (trailing),apex_50k
12,4,4,0,0.0,1015.0,-1015.0,0.0,0.0,,22.61904761904762,114,390,2015-08-06,pct 0.5% (trailing),apex_50k
11,4,4,0,0.0,1065.0,-1065.0,0.0,0.0,,26.785714285714285,135,369,2015-09-04,pct 0.5% (trailing),apex_50k
10,4,4,0,0.0,1115.0,-1115.0,0.0,0.0,,30.952380952380953,156,348,2015-10-07,pct 0.5% (trailing),apex_50k
10,4,4,0,0.0,1115.0,-1115.0,0.0,0.0,,33.73015873015873,170,334,2015-11-11,pct 0.5% (trailing),apex_50k
9,5,5,0,0.0,1165.0,-1165.0,0.0,0.0,,35.11904761904762,177,327,2015-12-17,pct 0.5% (trailing),apex_50k
8,4,4,0,0.0,1215.0,-1215.0,0.0,0.0,,37.1031746031746,187,317,2016-01-20,pct 0.5% (trailing),apex_50k
9,3,3,0,0.0,1080.0,-1080.0,0.0,0.0,,34.523809523809526,174,330,2016-02-19,pct 0.5% (trailing),apex_50k
10,4,4,0,0.0,1200.0,-1200.0,0.0,0.0,,38.492063492063494,194,310,2016-03-21,pct 0.5% (trailing),apex_50k
9,3,3,0,0.0,1080.0,-1080.0,0.0,0.0,,34.523809523809526,174,330,2016-04-20,pct 0.5% (trailing),apex_50k
10,4,4,0,0.0,1200.0,-1200.0,0.0,0.0,,36.30952380952381,183,321,2016-05-19,pct 0.5% (trailing),apex_50k
10,4,4,0,0.0,1200.0,-1200.0,0.0,0.0,,34.32539682539682,173,331,2016-06-20,pct 0.5% (trailing),apex_50k
10,5,5,0,0.0,1285.0,-1285.0,0.0,0.0,,36.70634920634921,185,319,2016-07-20,pct 0.5% (trailing),apex_50k
10,5,5,0,0.0,1370.0,-1370.0,0.0,0.0,,42.06349206349206,212,292,2016-08-18,pct 0.5% (trailing),apex_50k
8,5,5,3,2307.1599999999453,1640.0,667.1599999999453,769.0533333333151,2000.0,61.0,57.93650793650794,292,212,2016-09-19,pct 0.5% (trailing),apex_50k
9,4,4,2,2031.9599999999773,1335.0,696.9599999999773,1015.9799999999886,2000.0,465.0,42.857142857142854,216,288,2016-10-18,pct 0.5% (trailing),apex_50k
8,4,4,4,6627.739999999983,1385.0,5242.739999999983,1656.9349999999959,3802.600000000035,444.0,47.023809523809526,237,267,2016-11-16,pct 0.5% (trailing),apex_50k
9,4,4,4,6627.739999999983,1420.0,5207.739999999983,1656.9349999999959,3802.600000000035,423.0,50.79365079365079,256,248,2016-12-16,pct 0.5% (trailing),apex_50k
9,4,4,4,6627.739999999983,1420.0,5207.739999999983,1656.9349999999959,3802.600000000035,402.0,50.79365079365079,256,248,2017-01-19,pct 0.5% (trailing),apex_50k
10,4,4,4,6627.739999999983,1455.0,5172.739999999983,1656.9349999999959,3802.600000000035,381.0,50.79365079365079,256,248,2017-02-17,pct 0.5% (trailing),apex_50k
10,4,4,4,6627.739999999983,1455.0,5172.739999999983,1656.9349999999959,3802.600000000035,360.0,50.79365079365079,256,248,2017-03-21,pct 0.5% (trailing),apex_50k
10,4,4,4,6627.739999999983,1455.0,5172.739999999983,1656.9349999999959,3802.600000000035,339.0,50.79365079365079,256,248,2017-04-20,pct 0.5% (trailing),apex_50k
11,4,4,4,6627.739999999983,1490.0,5137.739999999983,1656.9349999999959,3802.600000000035,318.0,48.214285714285715,243,261,2017-05-19,pct 0.5% (trailing),apex_50k
12,3,3,4,6627.739999999983,1100.0,5527.739999999983,1656.9349999999959,3802.600000000035,297.0,28.174603174603174,142,362,2017-06-20,pct 0.5% (trailing),apex_50k
12,3,3,4,6627.739999999983,1100.0,5527.739999999983,1656.9349999999959,3802.600000000035,276.0,28.174603174603174,142,362,2017-07-20,pct 0.5% (trailing),apex_50k
12,4,4,4,6627.739999999983,1185.0,5442.739999999983,1656.9349999999959,3802.600000000035,255.0,31.944444444444443,161,343,2017-08-18,pct 0.5% (trailing),apex_50k
12,4,4,4,6627.739999999983,1270.0,5357.739999999983,1656.9349999999959,3802.600000000035,234.0,36.111111111111114,182,322,2017-09-19,pct 0.5% (trailing),apex_50k
11,3,3,5,6646.859999999942,1150.0,5496.859999999942,1329.3719999999885,3802.600000000035,213.0,34.72222222222222,175,329,2017-10-18,pct 0.5% (trailing),apex_50k
12,4,4,6,6785.099999999926,1440.0,5345.099999999926,1130.8499999999876,3802.600000000035,192.0,43.45238095238095,219,285,2017-11-16,pct 0.5% (trailing),apex_50k
12,3,3,6,6785.099999999926,1270.0,5515.099999999926,1130.8499999999876,3802.600000000035,171.0,37.8968253968254,191,313,2017-12-18,pct 0.5% (trailing),apex_50k
12,3,3,6,6785.099999999926,1270.0,5515.099999999926,1130.8499999999876,3802.600000000035,150.0,37.8968253968254,191,313,2018-01-19,pct 0.5% (trailing),apex_50k
11,4,4,6,6785.099999999926,1320.0,5465.099999999926,1130.8499999999876,3802.600000000035,129.0,39.285714285714285,198,306,2018-02-20,pct 0.5% (trailing),apex_50k
11,4,4,6,6785.099999999926,1320.0,5465.099999999926,1130.8499999999876,3802.600000000035,108.0,40.67460317460318,205,299,2018-03-21,pct 0.5% (trailing),apex_50k
12,5,5,6,6785.099999999926,1440.0,5345.099999999926,1130.8499999999876,3802.600000000035,87.0,45.23809523809524,228,276,2018-04-20,pct 0.5% (trailing),apex_50k
11,5,5,6,6785.099999999926,1320.0,5465.099999999926,1130.8499999999876,3802.600000000035,66.0,43.45238095238095,219,285,2018-05-21,pct 0.5% (trailing),apex_50k
8,5,5,6,3463.060000000005,1470.0,1993.060000000005,577.1766666666675,2000.0,54.0,55.55555555555556,280,224,2018-06-20,pct 0.5% (trailing),apex_50k
9,5,5,6,3493.000000000051,1590.0,1903.000000000051,582.1666666666752,1592.6600000000544,41.0,54.166666666666664,273,231,2018-07-20,pct 0.5% (trailing),apex_50k
11,6,6,2,157.35999999994237,1320.0,-1162.6400000000576,78.67999999997119,138.2399999999834,280.0,33.92857142857143,171,333,2018-08-20,pct 0.5% (trailing),apex_50k
11,6,6,2,157.35999999994237,1235.0,-1077.6400000000576,78.67999999997119,138.2399999999834,259.0,34.12698412698413,172,332,2018-09-19,pct 0.5% (trailing),apex_50k
11,6,6,2,157.35999999994237,1235.0,-1077.6400000000576,78.67999999997119,138.2399999999834,238.0,34.12698412698413,172,332,2018-10-18,pct 0.5% (trailing),apex_50k
12,5,5,2,157.35999999994237,1185.0,-1027.6400000000576,78.67999999997119,138.2399999999834,217.0,31.150793650793652,157,347,2018-11-16,pct 0.5% (trailing),apex_50k
13,5,5,2,157.35999999994237,1220.0,-1062.6400000000576,78.67999999997119,138.2399999999834,196.0,31.150793650793652,157,347,2018-12-19,pct 0.5% (trailing),apex_50k
13,5,5,2,157.35999999994237,1220.0,-1062.6400000000576,78.67999999997119,138.2399999999834,175.0,31.150793650793652,157,347,2019-01-22,pct 0.5% (trailing),apex_50k
13,5,5,2,157.35999999994237,1220.0,-1062.6400000000576,78.67999999997119,138.2399999999834,154.0,31.150793650793652,157,347,2019-02-21,pct 0.5% (trailing),apex_50k
14,5,5,2,157.35999999994237,1255.0,-1097.6400000000576,78.67999999997119,138.2399999999834,133.0,31.150793650793652,157,347,2019-03-22,pct 0.5% (trailing),apex_50k
13,5,5,2,157.35999999994237,1220.0,-1062.6400000000576,78.67999999997119,138.2399999999834,112.0,31.150793650793652,157,347,2019-04-23,pct 0.5% (trailing),apex_50k
12,6,6,2,157.35999999994237,1270.0,-1112.6400000000576,78.67999999997119,138.2399999999834,91.0,34.523809523809526,174,330,2019-05-22,pct 0.5% (trailing),apex_50k
11,5,5,2,371.5400000000154,1150.0,-778.4599999999846,185.7700000000077,356.9199999999546,81.0,31.349206349206348,158,346,2019-06-21,pct 0.5% (trailing),apex_50k
11,5,5,2,125.62000000014086,1150.0,-1024.3799999998591,62.81000000007043,111.00000000008004,464.0,28.174603174603174,142,362,2019-07-23,pct 0.5% (trailing),apex_50k
11,5,5,3,694.5400000002337,1150.0,-455.4599999997663,231.51333333341123,568.9200000000928,443.0,29.365079365079364,148,356,2019-08-21,pct 0.5% (trailing),apex_50k
11,5,5,3,694.5400000002337,1235.0,-540.4599999997663,231.51333333341123,568.9200000000928,422.0,33.92857142857143,171,333,2019-09-20,pct 0.5% (trailing),apex_50k
13,5,5,3,694.5400000002337,1390.0,-695.4599999997663,231.51333333341123,568.9200000000928,401.0,40.87301587301587,206,298,2019-10-21,pct 0.5% (trailing),apex_50k
12,5,5,3,694.5400000002337,1355.0,-660.4599999997663,231.51333333341123,568.9200000000928,380.0,38.69047619047619,195,309,2019-11-19,pct 0.5% (trailing),apex_50k
13,5,5,3,694.5400000002337,1390.0,-695.4599999997663,231.51333333341123,568.9200000000928,359.0,40.27777777777778,203,301,2019-12-19,pct 0.5% (trailing),apex_50k
13,4,4,3,694.5400000002337,1220.0,-525.4599999997663,231.51333333341123,568.9200000000928,338.0,32.73809523809524,165,339,2020-01-22,pct 0.5% (trailing),apex_50k
13,4,4,3,694.5400000002337,1220.0,-525.4599999997663,231.51333333341123,568.9200000000928,317.0,32.73809523809524,165,339,2020-02-21,pct 0.5% (trailing),apex_50k
13,3,3,4,1427.240000000289,1135.0,292.240000000289,356.81000000007225,732.7000000000553,55.0,30.158730158730158,152,352,2020-03-23,pct 0.5% (trailing),apex_50k
12,3,3,3,694.5400000002337,1015.0,-320.4599999997663,231.51333333341123,568.9200000000928,275.0,28.174603174603174,142,362,2020-04-22,pct 0.5% (trailing),apex_50k
12,3,3,3,694.5400000002337,1015.0,-320.4599999997663,231.51333333341123,568.9200000000928,254.0,26.38888888888889,133,371,2020-05-21,pct 0.5% (trailing),apex_50k
11,3,3,4,1421.6800000002477,1065.0,356.6800000002477,355.4200000000619,727.140000000014,233.0,29.761904761904763,150,354,2020-06-22,pct 0.5% (trailing),apex_50k
10,2,2,5,3421.6800000002477,1030.0,2391.6800000002477,684.3360000000496,2000.0,212.0,31.150793650793652,157,347,2020-07-22,pct 0.5% (trailing),apex_50k
11,2,2,5,3421.6800000002477,1150.0,2271.6800000002477,684.3360000000496,2000.0,191.0,35.317460317460316,178,326,2020-08-20,pct 0.5% (trailing),apex_50k
11,2,2,5,3421.6800000002477,1150.0,2271.6800000002477,684.3360000000496,2000.0,170.0,35.317460317460316,178,326,2020-09-21,pct 0.5% (trailing),apex_50k
11,2,2,5,3421.6800000002477,1150.0,2271.6800000002477,684.3360000000496,2000.0,149.0,35.317460317460316,178,326,2020-10-20,pct 0.5% (trailing),apex_50k
9,2,2,5,3421.6800000002477,1080.0,2341.6800000002477,684.3360000000496,2000.0,128.0,35.317460317460316,178,326,2020-11-18,pct 0.5% (trailing),apex_50k
8,3,3,5,3421.6800000002477,1130.0,2291.6800000002477,684.3360000000496,2000.0,107.0,35.714285714285715,180,324,2020-12-18,pct 0.5% (trailing),apex_50k
7,3,3,6,4083.240000000398,1350.0,2733.240000000398,680.5400000000664,2000.0,84.0,45.23809523809524,228,276,2021-01-21,pct 0.5% (trailing),apex_50k
8,3,3,6,4083.240000000398,1385.0,2698.240000000398,680.5400000000664,2000.0,63.0,45.43650793650794,229,275,2021-02-22,pct 0.5% (trailing),apex_50k
8,3,3,5,3421.6800000002477,1215.0,2206.6800000002477,684.3360000000496,2000.0,44.0,40.07936507936508,202,302,2021-03-23,pct 0.5% (trailing),apex_50k
8,4,4,2,2727.140000000014,1300.0,1427.140000000014,1363.570000000007,2000.0,290.0,37.698412698412696,190,314,2021-04-22,pct 0.5% (trailing),apex_50k
8,3,3,2,2727.140000000014,960.0,1767.140000000014,1363.570000000007,2000.0,269.0,24.8015873015873,125,379,2021-05-21,pct 0.5% (trailing),apex_50k
9,3,3,3,3130.020000000113,995.0,2135.020000000113,1043.3400000000377,2000.0,248.0,27.77777777777778,140,364,2021-06-22,pct 0.5% (trailing),apex_50k
9,3,3,3,3130.020000000113,995.0,2135.020000000113,1043.3400000000377,2000.0,227.0,27.77777777777778,140,364,2021-07-22,pct 0.5% (trailing),apex_50k
9,3,3,3,3130.020000000113,995.0,2135.020000000113,1043.3400000000377,2000.0,206.0,27.77777777777778,140,364,2021-08-20,pct 0.5% (trailing),apex_50k
8,4,4,3,3130.020000000113,1045.0,2085.020000000113,1043.3400000000377,2000.0,185.0,31.547619047619047,159,345,2021-09-21,pct 0.5% (trailing),apex_50k
8,4,4,3,3130.020000000113,1130.0,2000.0200000001132,1043.3400000000377,2000.0,164.0,33.73015873015873,170,334,2021-10-20,pct 0.5% (trailing),apex_50k
9,4,4,3,3130.020000000113,1165.0,1965.0200000001132,1043.3400000000377,2000.0,143.0,33.73015873015873,170,334,2021-11-18,pct 0.5% (trailing),apex_50k
8,4,4,3,3130.020000000113,1130.0,2000.0200000001132,1043.3400000000377,2000.0,122.0,33.73015873015873,170,334,2021-12-20,pct 0.5% (trailing),apex_50k
8,4,4,3,3130.020000000113,1130.0,2000.0200000001132,1043.3400000000377,2000.0,101.0,33.73015873015873,170,334,2022-01-20,pct 0.5% (trailing),apex_50k
8,4,4,3,3130.020000000113,1130.0,2000.0200000001132,1043.3400000000377,2000.0,80.0,33.73015873015873,170,334,2022-02-18,pct 0.5% (trailing),apex_50k
9,4,4,2,1149.520000000106,1165.0,-15.479999999894062,574.760000000053,746.6400000000067,66.0,33.53174603174603,169,335,2022-03-22,pct 0.5% (trailing),apex_50k
9,5,5,2,1149.520000000106,1250.0,-100.47999999989406,574.760000000053,746.6400000000067,45.0,33.73015873015873,170,334,2022-04-21,pct 0.5% (trailing),apex_50k
10,5,5,1,402.88000000009924,1115.0,-712.1199999999008,402.88000000009924,402.88000000009924,256.0,27.38095238095238,138,366,2022-05-20,pct 0.5% (trailing),apex_50k
11,5,5,2,1036.840000000091,1150.0,-113.1599999999089,518.4200000000455,633.9599999999919,235.0,28.76984126984127,145,359,2022-06-22,pct 0.5% (trailing),apex_50k
10,4,4,3,1861.2000000000844,1115.0,746.2000000000844,620.4000000000282,824.3599999999933,214.0,30.555555555555557,154,350,2022-07-22,pct 0.5% (trailing),apex_50k
8,4,4,4,2855.8400000000765,1215.0,1640.8400000000765,713.9600000000191,994.6399999999921,193.0,35.91269841269841,181,323,2022-08-22,pct 0.5% (trailing),apex_50k
9,4,4,4,2855.8400000000765,1250.0,1605.8400000000765,713.9600000000191,994.6399999999921,172.0,38.888888888888886,196,308,2022-09-21,pct 0.5% (trailing),apex_50k
9,4,4,5,3771.7600000000675,1335.0,2436.7600000000675,754.3520000000135,994.6399999999921,151.0,43.05555555555556,217,287,2022-10-20,pct 0.5% (trailing),apex_50k
8,4,4,6,4440.76000000006,1385.0,3055.7600000000602,740.1266666666767,994.6399999999921,130.0,46.82539682539682,236,268,2022-11-18,pct 0.5% (trailing),apex_50k
8,3,3,7,7706.560000000056,1385.0,6321.560000000056,1100.9371428571508,3265.7999999999956,109.0,47.817460317460316,241,263,2022-12-20,pct 0.5% (trailing),apex_50k
7,3,3,9,10425.040000000045,1435.0,8990.040000000045,1158.3377777777828,3265.7999999999956,88.0,51.98412698412698,262,242,2023-01-23,pct 0.5% (trailing),apex_50k
5,3,3,13,15274.400000000285,1790.0,13484.400000000285,1174.9538461538682,3526.9800000000832,62.0,70.43650793650794,355,149,2023-02-22,pct 0.5% (trailing),apex_50k
6,3,3,10,13777.239999999932,1570.0,12207.239999999932,1377.7239999999933,3265.7999999999956,300.0,58.92857142857143,297,207,2023-03-23,pct 0.5% (trailing),apex_50k
6,2,2,10,13777.239999999932,1485.0,12292.239999999932,1377.7239999999933,3265.7999999999956,279.0,56.15079365079365,283,221,2023-04-24,pct 0.5% (trailing),apex_50k
6,2,2,11,16451.559999999925,1570.0,14881.559999999925,1495.5963636363567,3265.7999999999956,258.0,60.317460317460316,304,200,2023-05-23,pct 0.5% (trailing),apex_50k
5,2,2,11,16451.559999999925,1620.0,14831.559999999925,1495.5963636363567,3265.7999999999956,237.0,63.888888888888886,322,182,2023-06-23,pct 0.5% (trailing),apex_50k
6,2,2,11,16451.559999999925,1655.0,14796.559999999925,1495.5963636363567,3265.7999999999956,216.0,65.07936507936508,328,176,2023-07-25,pct 0.5% (trailing),apex_50k
6,2,2,11,16451.559999999925,1655.0,14796.559999999925,1495.5963636363567,3265.7999999999956,195.0,64.48412698412699,325,179,2023-08-23,pct 0.5% (trailing),apex_50k
7,2,2,11,16451.559999999925,1605.0,14846.559999999925,1495.5963636363567,3265.7999999999956,174.0,62.1031746031746,313,191,2023-09-22,pct 0.5% (trailing),apex_50k
5,1,1,11,16451.559999999925,1450.0,15001.559999999925,1495.5963636363567,3265.7999999999956,153.0,59.12698412698413,298,206,2023-10-23,pct 0.5% (trailing),apex_50k
6,1,1,11,16451.559999999925,1485.0,14966.559999999925,1495.5963636363567,3265.7999999999956,132.0,59.12698412698413,298,206,2023-11-21,pct 0.5% (trailing),apex_50k
6,1,1,11,16451.559999999925,1485.0,14966.559999999925,1495.5963636363567,3265.7999999999956,111.0,59.12698412698413,298,206,2023-12-21,pct 0.5% (trailing),apex_50k
5,1,1,11,16632.879999999925,1365.0,15267.879999999925,1512.079999999993,2862.7599999999948,97.0,55.75396825396825,281,223,2024-01-24,pct 0.5% (trailing),apex_50k
4,2,2,11,16632.879999999925,1415.0,15217.879999999925,1512.079999999993,2862.7599999999948,76.0,58.92857142857143,297,207,2024-02-23,pct 0.5% (trailing),apex_50k
6,2,2,11,16835.759999999922,1570.0,15265.759999999922,1530.5236363636293,2862.7599999999948,51.0,62.8968253968254,317,187,2024-03-25,pct 0.5% (trailing),apex_50k
8,3,3,6,9391.319999999956,1385.0,8006.319999999956,1565.2199999999928,3916.0399999999936,150.0,46.82539682539682,236,268,2024-04-24,pct 0.5% (trailing),apex_50k
8,3,3,6,9391.319999999956,1300.0,8091.319999999956,1565.2199999999928,3916.0399999999936,129.0,45.63492063492063,230,274,2024-05-23,pct 0.5% (trailing),apex_50k
9,3,3,6,9391.319999999956,1335.0,8056.319999999956,1565.2199999999928,3916.0399999999936,108.0,44.84126984126984,226,278,2024-06-25,pct 0.5% (trailing),apex_50k
9,2,2,6,9391.319999999956,1250.0,8141.319999999956,1565.2199999999928,3916.0399999999936,87.0,41.46825396825397,209,295,2024-07-25,pct 0.5% (trailing),apex_50k
8,2,2,5,7947.159999999967,1130.0,6817.159999999967,1589.4319999999934,3282.3199999999924,80.0,35.714285714285715,180,324,2024-08-23,pct 0.5% (trailing),apex_50k
11,1,1,0,0.0,588.0,-588.0,0.0,0.0,,1.7857142857142858,9,495,2010-06-07,pct 0.5% (trailing),topstep_50k
10,2,2,0,0.0,588.0,-588.0,0.0,0.0,,1.9841269841269842,10,494,2010-11-01,pct 0.5% (trailing),topstep_50k
10,2,2,0,0.0,637.0,-637.0,0.0,0.0,,6.150793650793651,31,473,2011-03-15,pct 0.5% (trailing),topstep_50k
10,2,2,1,46.599999999962165,686.0,-639.4000000000378,46.599999999962165,46.599999999962165,487.0,10.317460317460318,52,452,2011-05-31,pct 0.5% (trailing),topstep_50k
11,2,2,1,46.599999999962165,735.0,-688.4000000000378,46.599999999962165,46.599999999962165,466.0,13.095238095238095,66,438,2011-09-26,pct 0.5% (trailing),topstep_50k
12,2,2,1,46.599999999962165,784.0,-737.4000000000378,46.599999999962165,46.599999999962165,445.0,13.095238095238095,66,438,2012-02-13,pct 0.5% (trailing),topstep_50k
14,2,2,1,46.599999999962165,882.0,-835.4000000000378,46.599999999962165,46.599999999962165,424.0,13.095238095238095,66,438,2012-07-05,pct 0.5% (trailing),topstep_50k
12,2,2,1,46.599999999962165,784.0,-737.4000000000378,46.599999999962165,46.599999999962165,403.0,13.095238095238095,66,438,2012-09-11,pct 0.5% (trailing),topstep_50k
12,2,2,1,46.599999999962165,784.0,-737.4000000000378,46.599999999962165,46.599999999962165,382.0,13.095238095238095,66,438,2012-10-16,pct 0.5% (trailing),topstep_50k
12,3,3,1,46.599999999962165,833.0,-786.4000000000378,46.599999999962165,46.599999999962165,361.0,14.087301587301587,71,433,2012-11-29,pct 0.5% (trailing),topstep_50k
12,3,3,1,46.599999999962165,833.0,-786.4000000000378,46.599999999962165,46.599999999962165,340.0,15.476190476190476,78,426,2013-01-11,pct 0.5% (trailing),topstep_50k
12,3,3,1,46.599999999962165,833.0,-786.4000000000378,46.599999999962165,46.599999999962165,319.0,15.476190476190476,78,426,2013-03-11,pct 0.5% (trailing),topstep_50k
11,3,3,1,46.599999999962165,784.0,-737.4000000000378,46.599999999962165,46.599999999962165,298.0,15.476190476190476,78,426,2013-04-11,pct 0.5% (trailing),topstep_50k
13,3,3,1,46.599999999962165,882.0,-835.4000000000378,46.599999999962165,46.599999999962165,277.0,15.476190476190476,78,426,2013-05-10,pct 0.5% (trailing),topstep_50k
14,3,3,1,46.599999999962165,931.0,-884.4000000000378,46.599999999962165,46.599999999962165,256.0,15.476190476190476,78,426,2013-06-11,pct 0.5% (trailing),topstep_50k
15,3,3,1,46.599999999962165,980.0,-933.4000000000378,46.599999999962165,46.599999999962165,235.0,15.476190476190476,78,426,2013-07-11,pct 0.5% (trailing),topstep_50k
15,3,3,1,46.599999999962165,980.0,-933.4000000000378,46.599999999962165,46.599999999962165,214.0,15.476190476190476,78,426,2013-08-12,pct 0.5% (trailing),topstep_50k
16,3,3,1,46.599999999962165,1029.0,-982.4000000000378,46.599999999962165,46.599999999962165,193.0,15.476190476190476,78,426,2013-09-11,pct 0.5% (trailing),topstep_50k
16,4,4,1,46.599999999962165,1078.0,-1031.4000000000378,46.599999999962165,46.599999999962165,172.0,17.46031746031746,88,416,2013-10-10,pct 0.5% (trailing),topstep_50k
16,4,4,1,46.599999999962165,1078.0,-1031.4000000000378,46.599999999962165,46.599999999962165,151.0,18.055555555555557,91,413,2013-11-15,pct 0.5% (trailing),topstep_50k
14,4,4,2,381.19999999995343,980.0,-598.8000000000466,190.59999999997672,355.7999999999811,121.0,17.46031746031746,88,416,2014-01-09,pct 0.5% (trailing),topstep_50k
17,5,5,1,46.599999999962165,1176.0,-1129.4000000000378,46.599999999962165,46.599999999962165,109.0,20.634920634920636,104,400,2014-03-03,pct 0.5% (trailing),topstep_50k
17,4,4,1,46.599999999962165,1127.0,-1080.4000000000378,46.599999999962165,46.599999999962165,88.0,18.849206349206348,95,409,2014-04-03,pct 0.5% (trailing),topstep_50k
16,3,3,0,0.0,931.0,-931.0,0.0,0.0,,7.5396825396825395,38,466,2014-05-06,pct 0.5% (trailing),topstep_50k
17,3,3,0,0.0,980.0,-980.0,0.0,0.0,,7.5396825396825395,38,466,2014-06-06,pct 0.5% (trailing),topstep_50k
19,3,3,0,0.0,1078.0,-1078.0,0.0,0.0,,7.5396825396825395,38,466,2014-07-10,pct 0.5% (trailing),topstep_50k
19,4,4,1,1180.5999999999767,1127.0,53.59999999997672,1180.5999999999767,1180.5999999999767,500.0,11.507936507936508,58,446,2014-08-08,pct 0.5% (trailing),topstep_50k
20,4,4,1,1180.5999999999767,1176.0,4.599999999976717,1180.5999999999767,1180.5999999999767,479.0,11.507936507936508,58,446,2014-09-10,pct 0.5% (trailing),topstep_50k
19,4,4,1,1180.5999999999767,1127.0,53.59999999997672,1180.5999999999767,1180.5999999999767,458.0,11.507936507936508,58,446,2014-10-14,pct 0.5% (trailing),topstep_50k
18,4,4,1,1180.5999999999767,1078.0,102.59999999997672,1180.5999999999767,1180.5999999999767,437.0,11.706349206349206,59,445,2014-11-24,pct 0.5% (trailing),topstep_50k
17,4,4,1,1180.5999999999767,1029.0,151.59999999997672,1180.5999999999767,1180.5999999999767,416.0,11.507936507936508,58,446,2015-01-14,pct 0.5% (trailing),topstep_50k
16,4,4,1,1180.5999999999767,980.0,200.59999999997672,1180.5999999999767,1180.5999999999767,395.0,11.507936507936508,58,446,2015-02-27,pct 0.5% (trailing),topstep_50k
17,3,3,1,1180.5999999999767,980.0,200.59999999997672,1180.5999999999767,1180.5999999999767,374.0,9.126984126984127,46,458,2015-04-07,pct 0.5% (trailing),topstep_50k
16,3,3,1,1180.5999999999767,931.0,249.59999999997672,1180.5999999999767,1180.5999999999767,353.0,9.126984126984127,46,458,2015-05-06,pct 0.5% (trailing),topstep_50k
16,4,4,1,1180.5999999999767,980.0,200.59999999997672,1180.5999999999767,1180.5999999999767,332.0,10.317460317460318,52,452,2015-06-05,pct 0.5% (trailing),topstep_50k
17,4,4,2,2775.9599999999627,1029.0,1746.9599999999627,1387.9799999999814,1595.359999999986,311.0,11.706349206349206,59,445,2015-07-08,pct 0.5% (trailing),topstep_50k
16,4,4,2,2775.9599999999627,980.0,1795.9599999999627,1387.9799999999814,1595.359999999986,290.0,11.706349206349206,59,445,2015-08-06,pct 0.5% (trailing),topstep_50k
14,4,4,2,2775.9599999999627,882.0,1893.9599999999627,1387.9799999999814,1595.359999999986,269.0,11.706349206349206,59,445,2015-09-04,pct 0.5% (trailing),topstep_50k
13,4,4,2,2775.9599999999627,833.0,1942.9599999999627,1387.9799999999814,1595.359999999986,248.0,11.706349206349206,59,445,2015-10-07,pct 0.5% (trailing),topstep_50k
14,4,4,2,2775.9599999999627,882.0,1893.9599999999627,1387.9799999999814,1595.359999999986,227.0,11.706349206349206,59,445,2015-11-11,pct 0.5% (trailing),topstep_50k
12,5,5,2,2775.9599999999627,833.0,1942.9599999999627,1387.9799999999814,1595.359999999986,206.0,13.095238095238095,66,438,2015-12-17,pct 0.5% (trailing),topstep_50k
11,4,4,3,2890.760000000002,784.0,2106.760000000002,963.5866666666674,1595.359999999986,185.0,16.071428571428573,81,423,2016-01-20,pct 0.5% (trailing),topstep_50k
12,3,3,3,2890.760000000002,784.0,2106.760000000002,963.5866666666674,1595.359999999986,164.0,13.88888888888889,70,434,2016-02-19,pct 0.5% (trailing),topstep_50k
13,4,4,3,2890.760000000002,882.0,2008.760000000002,963.5866666666674,1595.359999999986,143.0,16.46825396825397,83,421,2016-03-21,pct 0.5% (trailing),topstep_50k
13,3,3,3,2890.760000000002,833.0,2057.760000000002,963.5866666666674,1595.359999999986,122.0,13.88888888888889,70,434,2016-04-20,pct 0.5% (trailing),topstep_50k
13,4,4,3,2890.760000000002,882.0,2008.760000000002,963.5866666666674,1595.359999999986,101.0,15.277777777777779,77,427,2016-05-19,pct 0.5% (trailing),topstep_50k
13,4,4,3,2890.760000000002,882.0,2008.760000000002,963.5866666666674,1595.359999999986,80.0,15.277777777777779,77,427,2016-06-20,pct 0.5% (trailing),topstep_50k
13,4,4,3,2890.760000000002,882.0,2008.760000000002,963.5866666666674,1595.359999999986,59.0,15.277777777777779,77,427,2016-07-20,pct 0.5% (trailing),topstep_50k
11,5,5,3,1925.3599999999933,882.0,1043.3599999999933,641.7866666666645,1595.359999999986,50.0,20.634920634920636,104,400,2016-08-18,pct 0.5% (trailing),topstep_50k
12,5,5,5,6870.799999999981,931.0,5939.799999999981,1374.1599999999962,2401.5599999999904,52.0,20.436507936507937,103,401,2016-09-19,pct 0.5% (trailing),topstep_50k
12,4,4,4,5530.0,882.0,4648.0,1382.5,2401.5599999999904,174.0,17.261904761904763,87,417,2016-10-18,pct 0.5% (trailing),topstep_50k
11,5,5,4,5530.0,882.0,4648.0,1382.5,2401.5599999999904,153.0,18.452380952380953,93,411,2016-11-16,pct 0.5% (trailing),topstep_50k
13,5,5,4,5530.0,1029.0,4501.0,1382.5,2401.5599999999904,132.0,22.023809523809526,111,393,2016-12-16,pct 0.5% (trailing),topstep_50k
13,5,5,4,5530.0,1029.0,4501.0,1382.5,2401.5599999999904,111.0,22.023809523809526,111,393,2017-01-19,pct 0.5% (trailing),topstep_50k
14,5,5,4,5530.0,1078.0,4452.0,1382.5,2401.5599999999904,90.0,22.023809523809526,111,393,2017-02-17,pct 0.5% (trailing),topstep_50k
14,5,5,4,5530.0,1078.0,4452.0,1382.5,2401.5599999999904,69.0,22.023809523809526,111,393,2017-03-21,pct 0.5% (trailing),topstep_50k
15,5,5,4,5530.0,1127.0,4403.0,1382.5,2401.5599999999904,48.0,22.023809523809526,111,393,2017-04-20,pct 0.5% (trailing),topstep_50k
16,5,5,4,5567.279999999999,1176.0,4391.279999999999,1391.8199999999997,2401.5599999999904,29.0,22.42063492063492,113,391,2017-05-19,pct 0.5% (trailing),topstep_50k
16,4,4,3,3934.640000000014,1127.0,2807.640000000014,1311.5466666666714,2401.5599999999904,134.0,19.444444444444443,98,406,2017-06-20,pct 0.5% (trailing),topstep_50k
16,4,4,3,3934.640000000014,1127.0,2807.640000000014,1311.5466666666714,2401.5599999999904,113.0,19.444444444444443,98,406,2017-07-20,pct 0.5% (trailing),topstep_50k
16,5,5,4,5394.080000000002,1176.0,4218.080000000002,1348.5200000000004,2401.5599999999904,92.0,23.214285714285715,117,387,2017-08-18,pct 0.5% (trailing),topstep_50k
17,5,5,4,5394.080000000002,1225.0,4169.080000000002,1348.5200000000004,2401.5599999999904,71.0,23.41269841269841,118,386,2017-09-19,pct 0.5% (trailing),topstep_50k
17,6,6,4,5394.080000000002,1274.0,4120.080000000002,1348.5200000000004,2401.5599999999904,50.0,24.00793650793651,121,383,2017-10-18,pct 0.5% (trailing),topstep_50k
18,6,6,3,5279.2799999999625,1323.0,3956.2799999999625,1759.7599999999875,2401.5599999999904,192.0,22.61904761904762,114,390,2017-11-16,pct 0.5% (trailing),topstep_50k
19,5,5,3,5279.2799999999625,1274.0,4005.2799999999625,1759.7599999999875,2401.5599999999904,171.0,17.261904761904763,87,417,2017-12-18,pct 0.5% (trailing),topstep_50k
19,6,6,3,5279.2799999999625,1323.0,3956.2799999999625,1759.7599999999875,2401.5599999999904,150.0,18.849206349206348,95,409,2018-01-19,pct 0.5% (trailing),topstep_50k
18,6,6,4,6515.380000000012,1323.0,5192.380000000012,1628.845000000003,2401.5599999999904,129.0,23.015873015873016,116,388,2018-02-20,pct 0.5% (trailing),topstep_50k
18,6,6,5,6768.28000000005,1323.0,5445.28000000005,1353.65600000001,2401.5599999999904,108.0,23.015873015873016,116,388,2018-03-21,pct 0.5% (trailing),topstep_50k
19,7,7,5,6768.28000000005,1421.0,5347.28000000005,1353.65600000001,2401.5599999999904,87.0,26.38888888888889,133,371,2018-04-20,pct 0.5% (trailing),topstep_50k
18,6,6,5,6768.28000000005,1323.0,5445.28000000005,1353.65600000001,2401.5599999999904,66.0,25.0,126,378,2018-05-21,pct 0.5% (trailing),topstep_50k
16,7,7,5,6413.200000000048,1274.0,5139.200000000048,1282.6400000000096,2078.5199999999895,47.0,28.571428571428573,144,360,2018-06-20,pct 0.5% (trailing),topstep_50k
16,7,7,5,5386.240000000049,1225.0,4161.240000000049,1077.2480000000098,1899.4799999999886,27.0,27.38095238095238,138,366,2018-07-20,pct 0.5% (trailing),topstep_50k
16,7,7,3,2948.440000000075,1225.0,1723.440000000075,982.8133333333584,1459.4399999999878,247.0,23.80952380952381,120,384,2018-08-20,pct 0.5% (trailing),topstep_50k
16,7,7,3,2948.440000000075,1225.0,1723.440000000075,982.8133333333584,1459.4399999999878,226.0,25.595238095238095,129,375,2018-09-19,pct 0.5% (trailing),topstep_50k
15,7,7,3,2948.440000000075,1176.0,1772.440000000075,982.8133333333584,1459.4399999999878,205.0,27.976190476190474,141,363,2018-10-18,pct 0.5% (trailing),topstep_50k
17,6,6,3,2948.440000000075,1225.0,1723.440000000075,982.8133333333584,1459.4399999999878,184.0,25.1984126984127,127,377,2018-11-16,pct 0.5% (trailing),topstep_50k
18,6,6,3,2948.440000000075,1274.0,1674.440000000075,982.8133333333584,1459.4399999999878,163.0,25.1984126984127,127,377,2018-12-19,pct 0.5% (trailing),topstep_50k
18,6,6,3,2948.440000000075,1274.0,1674.440000000075,982.8133333333584,1459.4399999999878,142.0,25.1984126984127,127,377,2019-01-22,pct 0.5% (trailing),topstep_50k
17,6,6,3,2948.440000000075,1225.0,1723.440000000075,982.8133333333584,1459.4399999999878,121.0,25.1984126984127,127,377,2019-02-21,pct 0.5% (trailing),topstep_50k
18,6,6,3,2948.440000000075,1274.0,1674.440000000075,982.8133333333584,1459.4399999999878,100.0,25.1984126984127,127,377,2019-03-22,pct 0.5% (trailing),topstep_50k
16,6,6,3,2948.440000000075,1176.0,1772.440000000075,982.8133333333584,1459.4399999999878,79.0,25.1984126984127,127,377,2019-04-23,pct 0.5% (trailing),topstep_50k
16,7,7,4,4717.180000000117,1225.0,3492.1800000001167,1179.2950000000292,1768.7400000000416,58.0,27.976190476190474,141,363,2019-05-22,pct 0.5% (trailing),topstep_50k
15,7,7,4,3423.7000000001062,1225.0,2198.7000000001062,855.9250000000266,1768.7400000000416,55.0,30.753968253968253,155,349,2019-06-21,pct 0.5% (trailing),topstep_50k
15,6,6,4,4128.220000000118,1127.0,3001.2200000001176,1032.0550000000294,1768.7400000000416,58.0,26.984126984126984,136,368,2019-07-23,pct 0.5% (trailing),topstep_50k
15,6,6,3,3257.740000000129,1127.0,2130.740000000129,1085.9133333333764,1768.7400000000416,114.0,24.00793650793651,121,383,2019-08-21,pct 0.5% (trailing),topstep_50k
16,7,7,3,3257.740000000129,1225.0,2032.740000000129,1085.9133333333764,1768.7400000000416,93.0,26.984126984126984,136,368,2019-09-20,pct 0.5% (trailing),topstep_50k
16,6,6,2,2517.4400000000824,1176.0,1341.4400000000824,1258.7200000000412,1768.7400000000416,80.0,25.0,126,378,2019-10-21,pct 0.5% (trailing),topstep_50k
14,6,6,2,2517.4400000000824,1078.0,1439.4400000000824,1258.7200000000412,1768.7400000000416,59.0,25.0,126,378,2019-11-19,pct 0.5% (trailing),topstep_50k
15,6,6,2,2916.440000000097,1127.0,1789.440000000097,1458.2200000000485,1768.7400000000416,35.0,24.8015873015873,125,379,2019-12-19,pct 0.5% (trailing),topstep_50k
15,5,5,1,1768.7400000000416,1029.0,739.7400000000416,1768.7400000000416,1768.7400000000416,332.0,19.047619047619047,96,408,2020-01-22,pct 0.5% (trailing),topstep_50k
15,5,5,1,1768.7400000000416,1029.0,739.7400000000416,1768.7400000000416,1768.7400000000416,311.0,19.047619047619047,96,408,2020-02-21,pct 0.5% (trailing),topstep_50k
15,4,4,2,3061.7400000000707,1029.0,2032.7400000000707,1530.8700000000354,1768.7400000000416,46.0,18.452380952380953,93,411,2020-03-23,pct 0.5% (trailing),topstep_50k
14,4,4,2,2104.6600000000253,931.0,1173.6600000000253,1052.3300000000127,1768.7400000000416,113.0,17.46031746031746,88,416,2020-04-22,pct 0.5% (trailing),topstep_50k
14,4,4,2,2104.6600000000253,931.0,1173.6600000000253,1052.3300000000127,1768.7400000000416,92.0,15.476190476190476,78,426,2020-05-21,pct 0.5% (trailing),topstep_50k
14,4,4,2,5227.500000000051,980.0,4247.500000000051,2613.7500000000255,3458.7600000000093,227.0,17.658730158730158,89,415,2020-06-22,pct 0.5% (trailing),topstep_50k
13,4,4,2,5227.500000000051,882.0,4345.500000000051,2613.7500000000255,3458.7600000000093,206.0,11.706349206349206,59,445,2020-07-22,pct 0.5% (trailing),topstep_50k
15,4,4,2,5227.500000000051,980.0,4247.500000000051,2613.7500000000255,3458.7600000000093,185.0,12.5,63,441,2020-08-20,pct 0.5% (trailing),topstep_50k
16,4,4,2,5227.500000000051,1029.0,4198.500000000051,2613.7500000000255,3458.7600000000093,164.0,12.5,63,441,2020-09-21,pct 0.5% (trailing),topstep_50k
15,4,4,2,5227.500000000051,980.0,4247.500000000051,2613.7500000000255,3458.7600000000093,143.0,12.5,63,441,2020-10-20,pct 0.5% (trailing),topstep_50k
13,4,4,2,5227.500000000051,882.0,4345.500000000051,2613.7500000000255,3458.7600000000093,122.0,12.5,63,441,2020-11-18,pct 0.5% (trailing),topstep_50k
12,5,5,2,5227.500000000051,882.0,4345.500000000051,2613.7500000000255,3458.7600000000093,101.0,12.896825396825397,65,439,2020-12-18,pct 0.5% (trailing),topstep_50k
13,5,5,3,7076.02000000004,931.0,6145.02000000004,2358.673333333347,3458.7600000000093,72.0,16.26984126984127,82,422,2021-01-21,pct 0.5% (trailing),topstep_50k
14,5,5,3,7076.02000000004,980.0,6096.02000000004,2358.673333333347,3458.7600000000093,51.0,16.26984126984127,82,422,2021-02-22,pct 0.5% (trailing),topstep_50k
13,5,5,3,6983.02000000004,931.0,6052.02000000004,2327.673333333347,3458.7600000000093,38.0,16.26984126984127,82,422,2021-03-23,pct 0.5% (trailing),topstep_50k
12,5,5,3,5855.3200000000725,980.0,4875.3200000000725,1951.7733333333574,3458.7600000000093,40.0,20.634920634920636,104,400,2021-04-22,pct 0.5% (trailing),topstep_50k
13,5,5,3,6394.96000000005,931.0,5463.96000000005,2131.65333333335,3458.7600000000093,264.0,17.063492063492063,86,418,2021-05-21,pct 0.5% (trailing),topstep_50k
14,4,4,3,6394.96000000005,931.0,5463.96000000005,2131.65333333335,3458.7600000000093,243.0,14.484126984126984,73,431,2021-06-22,pct 0.5% (trailing),topstep_50k
13,4,4,3,6394.96000000005,882.0,5512.96000000005,2131.65333333335,3458.7600000000093,222.0,14.484126984126984,73,431,2021-07-22,pct 0.5% (trailing),topstep_50k
13,4,4,3,6394.96000000005,882.0,5512.96000000005,2131.65333333335,3458.7600000000093,201.0,14.484126984126984,73,431,2021-08-20,pct 0.5% (trailing),topstep_50k
12,5,5,3,6394.96000000005,882.0,5512.96000000005,2131.65333333335,3458.7600000000093,180.0,18.253968253968253,92,412,2021-09-21,pct 0.5% (trailing),topstep_50k
12,5,5,3,6394.96000000005,931.0,5463.96000000005,2131.65333333335,3458.7600000000093,159.0,20.436507936507937,103,401,2021-10-20,pct 0.5% (trailing),topstep_50k
13,5,5,3,6394.96000000005,980.0,5414.96000000005,2131.65333333335,3458.7600000000093,138.0,20.436507936507937,103,401,2021-11-18,pct 0.5% (trailing),topstep_50k
13,5,5,3,6394.96000000005,980.0,5414.96000000005,2131.65333333335,3458.7600000000093,117.0,20.436507936507937,103,401,2021-12-20,pct 0.5% (trailing),topstep_50k
13,6,6,3,6394.96000000005,1029.0,5365.96000000005,2131.65333333335,3458.7600000000093,96.0,22.22222222222222,112,392,2022-01-20,pct 0.5% (trailing),topstep_50k
14,6,6,3,6394.96000000005,1078.0,5316.96000000005,2131.65333333335,3458.7600000000093,75.0,22.61904761904762,114,390,2022-02-18,pct 0.5% (trailing),topstep_50k
15,6,6,3,4896.46000000005,1127.0,3769.46000000005,1632.15333333335,1960.2600000000093,55.0,22.61904761904762,114,390,2022-03-22,pct 0.5% (trailing),topstep_50k
16,7,7,3,4896.46000000005,1176.0,3720.46000000005,1632.15333333335,1960.2600000000093,34.0,22.61904761904762,114,390,2022-04-21,pct 0.5% (trailing),topstep_50k
16,6,6,4,6778.000000000029,1127.0,5651.000000000029,1694.5000000000073,2767.679999999993,34.0,22.22222222222222,112,392,2022-05-20,pct 0.5% (trailing),topstep_50k
16,6,6,4,5302.760000000031,1176.0,4126.760000000031,1325.6900000000078,1755.5199999999895,142.0,24.603174603174605,124,380,2022-06-22,pct 0.5% (trailing),topstep_50k
16,6,6,4,5586.120000000039,1176.0,4410.120000000039,1396.5300000000097,2038.8799999999974,199.0,23.80952380952381,120,384,2022-07-22,pct 0.5% (trailing),topstep_50k
17,6,6,5,7341.6400000000285,1225.0,6116.6400000000285,1468.3280000000057,2038.8799999999974,100.0,24.206349206349206,122,382,2022-08-22,pct 0.5% (trailing),topstep_50k
18,6,6,4,5586.120000000039,1274.0,4312.120000000039,1396.5300000000097,2038.8799999999974,157.0,24.00793650793651,121,383,2022-09-21,pct 0.5% (trailing),topstep_50k
19,7,7,4,5586.120000000039,1372.0,4214.120000000039,1396.5300000000097,2038.8799999999974,136.0,26.19047619047619,132,372,2022-10-20,pct 0.5% (trailing),topstep_50k
18,8,8,4,5586.120000000039,1372.0,4214.120000000039,1396.5300000000097,2038.8799999999974,115.0,26.38888888888889,133,371,2022-11-18,pct 0.5% (trailing),topstep_50k
19,7,7,5,7347.680000000037,1372.0,5975.680000000037,1469.5360000000073,2038.8799999999974,94.0,24.404761904761905,123,381,2022-12-20,pct 0.5% (trailing),topstep_50k
18,8,8,5,7347.680000000037,1323.0,6024.680000000037,1469.5360000000073,2038.8799999999974,73.0,24.404761904761905,123,381,2023-01-23,pct 0.5% (trailing),topstep_50k
17,8,8,6,10548.900000000009,1323.0,9225.900000000009,1758.1500000000015,2660.820000000029,44.0,26.984126984126984,136,368,2023-02-22,pct 0.5% (trailing),topstep_50k
17,8,8,6,8471.160000000047,1421.0,7050.160000000047,1411.8600000000079,2038.8799999999974,40.0,33.13492063492063,167,337,2023-03-23,pct 0.5% (trailing),topstep_50k
17,8,8,6,8670.839999999975,1372.0,7298.839999999975,1445.1399999999958,2038.8799999999974,268.0,30.158730158730158,152,352,2023-04-24,pct 0.5% (trailing),topstep_50k
17,8,8,7,9298.63999999997,1421.0,7877.63999999997,1328.3771428571386,2038.8799999999974,247.0,34.32539682539682,173,331,2023-05-23,pct 0.5% (trailing),topstep_50k
17,8,8,7,9298.63999999997,1470.0,7828.63999999997,1328.3771428571386,2038.8799999999974,226.0,35.714285714285715,180,324,2023-06-23,pct 0.5% (trailing),topstep_50k
18,8,8,7,9298.63999999997,1519.0,7779.63999999997,1328.3771428571386,2038.8799999999974,205.0,36.30952380952381,183,321,2023-07-25,pct 0.5% (trailing),topstep_50k
18,8,8,7,9298.63999999997,1519.0,7779.63999999997,1328.3771428571386,2038.8799999999974,184.0,35.714285714285715,180,324,2023-08-23,pct 0.5% (trailing),topstep_50k
19,7,7,7,9298.63999999997,1470.0,7828.63999999997,1328.3771428571386,2038.8799999999974,163.0,30.357142857142858,153,351,2023-09-22,pct 0.5% (trailing),topstep_50k
17,7,7,7,9298.63999999997,1372.0,7926.63999999997,1328.3771428571386,2038.8799999999974,142.0,30.357142857142858,153,351,2023-10-23,pct 0.5% (trailing),topstep_50k
17,6,6,7,9298.63999999997,1323.0,7975.63999999997,1328.3771428571386,2038.8799999999974,121.0,28.174603174603174,142,362,2023-11-21,pct 0.5% (trailing),topstep_50k
17,6,6,7,9298.63999999997,1323.0,7975.63999999997,1328.3771428571386,2038.8799999999974,100.0,28.174603174603174,142,362,2023-12-21,pct 0.5% (trailing),topstep_50k
16,6,6,7,9298.63999999997,1274.0,8024.63999999997,1328.3771428571386,2038.8799999999974,79.0,28.174603174603174,142,362,2024-01-24,pct 0.5% (trailing),topstep_50k
14,7,7,8,10040.639999999992,1225.0,8815.639999999992,1255.079999999999,2038.8799999999974,58.0,31.349206349206348,158,346,2024-02-23,pct 0.5% (trailing),topstep_50k
15,7,7,8,10040.639999999992,1323.0,8717.639999999992,1255.079999999999,2038.8799999999974,37.0,32.53968253968254,164,340,2024-03-25,pct 0.5% (trailing),topstep_50k
14,6,6,6,8204.080000000002,1176.0,7028.080000000002,1367.346666666667,2568.8799999999974,59.0,25.793650793650794,130,374,2024-04-24,pct 0.5% (trailing),topstep_50k
14,6,6,6,7674.080000000002,1176.0,6498.080000000002,1279.0133333333335,2038.8799999999974,42.0,25.793650793650794,130,374,2024-05-23,pct 0.5% (trailing),topstep_50k
14,6,6,5,5635.200000000004,1176.0,4459.200000000004,1127.0400000000009,1761.5599999999977,110.0,26.38888888888889,133,371,2024-06-25,pct 0.5% (trailing),topstep_50k
14,5,5,5,5635.200000000004,1127.0,4508.200000000004,1127.0400000000009,1761.5599999999977,89.0,23.80952380952381,120,384,2024-07-25,pct 0.5% (trailing),topstep_50k
12,4,4,5,5635.200000000004,980.0,4655.200000000004,1127.0400000000009,1761.5599999999977,68.0,21.626984126984127,109,395,2024-08-23,pct 0.5% (trailing),topstep_50k
14,2,2,0,0.0,660.0,-660.0,0.0,0.0,,2.9761904761904763,15,489,2010-06-07,pct 0.5% (fixed stop),apex_50k
13,2,2,0,0.0,625.0,-625.0,0.0,0.0,,2.9761904761904763,15,489,2010-11-01,pct 0.5% (fixed stop),apex_50k
12,2,2,0,0.0,590.0,-590.0,0.0,0.0,,2.9761904761904763,15,489,2011-03-15,pct 0.5% (fixed stop),apex_50k
12,2,2,0,0.0,590.0,-590.0,0.0,0.0,,2.9761904761904763,15,489,2011-05-31,pct 0.5% (fixed stop),apex_50k
14,2,2,0,0.0,660.0,-660.0,0.0,0.0,,2.9761904761904763,15,489,2011-09-26,pct 0.5% (fixed stop),apex_50k
14,2,2,0,0.0,660.0,-660.0,0.0,0.0,,2.9761904761904763,15,489,2012-02-13,pct 0.5% (fixed stop),apex_50k
16,2,2,0,0.0,730.0,-730.0,0.0,0.0,,2.9761904761904763,15,489,2012-07-05,pct 0.5% (fixed stop),apex_50k
16,2,2,0,0.0,730.0,-730.0,0.0,0.0,,2.9761904761904763,15,489,2012-09-11,pct 0.5% (fixed stop),apex_50k
15,2,2,0,0.0,695.0,-695.0,0.0,0.0,,2.9761904761904763,15,489,2012-10-16,pct 0.5% (fixed stop),apex_50k
16,2,2,0,0.0,730.0,-730.0,0.0,0.0,,2.9761904761904763,15,489,2012-11-29,pct 0.5% (fixed stop),apex_50k
15,2,2,0,0.0,695.0,-695.0,0.0,0.0,,2.9761904761904763,15,489,2013-01-11,pct 0.5% (fixed stop),apex_50k
16,2,2,0,0.0,730.0,-730.0,0.0,0.0,,2.9761904761904763,15,489,2013-03-11,pct 0.5% (fixed stop),apex_50k
16,2,2,0,0.0,730.0,-730.0,0.0,0.0,,2.9761904761904763,15,489,2013-04-11,pct 0.5% (fixed stop),apex_50k
19,2,2,0,0.0,835.0,-835.0,0.0,0.0,,2.9761904761904763,15,489,2013-05-10,pct 0.5% (fixed stop),apex_50k
20,3,3,0,0.0,955.0,-955.0,0.0,0.0,,4.365079365079365,22,482,2013-06-11,pct 0.5% (fixed stop),apex_50k
21,2,2,0,0.0,905.0,-905.0,0.0,0.0,,2.7777777777777777,14,490,2013-07-11,pct 0.5% (fixed stop),apex_50k
20,3,3,0,0.0,955.0,-955.0,0.0,0.0,,4.563492063492063,23,481,2013-08-12,pct 0.5% (fixed stop),apex_50k
20,3,3,1,420.39999999997235,1040.0,-619.6000000000276,420.39999999997235,420.39999999997235,493.0,8.73015873015873,44,460,2013-09-11,pct 0.5% (fixed stop),apex_50k
20,3,3,2,2420.3999999999724,1125.0,1295.3999999999724,1210.1999999999862,2000.0,472.0,12.896825396825397,65,439,2013-10-10,pct 0.5% (fixed stop),apex_50k
19,3,3,3,4420.399999999972,1175.0,3245.3999999999724,1473.4666666666574,2000.0,451.0,18.253968253968253,92,412,2013-11-15,pct 0.5% (fixed stop),apex_50k
19,3,3,4,7321.199999999881,1260.0,6061.199999999881,1830.2999999999702,2900.7999999999083,430.0,22.42063492063492,113,391,2014-01-09,pct 0.5% (fixed stop),apex_50k
19,3,3,5,7652.999999999847,1345.0,6307.999999999847,1530.5999999999694,2900.7999999999083,409.0,25.595238095238095,129,375,2014-03-03,pct 0.5% (fixed stop),apex_50k
19,2,2,6,9036.999999999825,1345.0,7691.999999999825,1506.1666666666376,2900.7999999999083,388.0,28.174603174603174,142,362,2014-04-03,pct 0.5% (fixed stop),apex_50k
18,2,2,6,9036.999999999825,1310.0,7726.999999999825,1506.1666666666376,2900.7999999999083,367.0,28.76984126984127,145,359,2014-05-06,pct 0.5% (fixed stop),apex_50k
19,2,2,6,9036.999999999825,1345.0,7691.999999999825,1506.1666666666376,2900.7999999999083,346.0,28.76984126984127,145,359,2014-06-06,pct 0.5% (fixed stop),apex_50k
20,2,2,6,9036.999999999825,1380.0,7656.999999999825,1506.1666666666376,2900.7999999999083,325.0,28.76984126984127,145,359,2014-07-10,pct 0.5% (fixed stop),apex_50k
20,3,3,6,9036.999999999825,1465.0,7571.999999999825,1506.1666666666376,2900.7999999999083,304.0,29.563492063492063,149,355,2014-08-08,pct 0.5% (fixed stop),apex_50k
20,3,3,6,9036.999999999825,1465.0,7571.999999999825,1506.1666666666376,2900.7999999999083,283.0,32.93650793650794,166,338,2014-09-10,pct 0.5% (fixed stop),apex_50k
18,4,4,7,11036.999999999825,1480.0,9556.999999999825,1576.7142857142608,2900.7999999999083,262.0,36.904761904761905,186,318,2014-10-14,pct 0.5% (fixed stop),apex_50k
18,5,5,7,11036.999999999825,1650.0,9386.999999999825,1576.7142857142608,2900.7999999999083,241.0,42.46031746031746,214,290,2014-11-24,pct 0.5% (fixed stop),apex_50k
17,4,4,7,11036.999999999825,1615.0,9421.999999999825,1576.7142857142608,2900.7999999999083,220.0,41.666666666666664,210,294,2015-01-14,pct 0.5% (fixed stop),apex_50k
16,5,5,7,11036.999999999825,1665.0,9371.999999999825,1576.7142857142608,2900.7999999999083,199.0,43.05555555555556,217,287,2015-02-27,pct 0.5% (fixed stop),apex_50k
17,4,4,7,11036.999999999825,1615.0,9421.999999999825,1576.7142857142608,2900.7999999999083,178.0,41.666666666666664,210,294,2015-04-07,pct 0.5% (fixed stop),apex_50k
17,4,4,7,11036.999999999825,1615.0,9421.999999999825,1576.7142857142608,2900.7999999999083,157.0,41.666666666666664,210,294,2015-05-06,pct 0.5% (fixed stop),apex_50k
16,5,5,7,11036.999999999825,1665.0,9371.999999999825,1576.7142857142608,2900.7999999999083,136.0,42.857142857142854,216,288,2015-06-05,pct 0.5% (fixed stop),apex_50k
15,5,5,7,11036.999999999825,1715.0,9321.999999999825,1576.7142857142608,2900.7999999999083,115.0,47.023809523809526,237,267,2015-07-08,pct 0.5% (fixed stop),apex_50k
15,5,5,7,11036.999999999825,1800.0,9236.999999999825,1576.7142857142608,2900.7999999999083,94.0,50.3968253968254,254,250,2015-08-06,pct 0.5% (fixed stop),apex_50k
12,5,5,7,11036.999999999825,1695.0,9341.999999999825,1576.7142857142608,2900.7999999999083,73.0,50.198412698412696,253,251,2015-09-04,pct 0.5% (fixed stop),apex_50k
10,4,4,7,11036.999999999825,1540.0,9496.999999999825,1576.7142857142608,2900.7999999999083,52.0,49.007936507936506,247,257,2015-10-07,pct 0.5% (fixed stop),apex_50k
12,5,5,5,6916.599999999889,1610.0,5306.599999999889,1383.3199999999779,2000.0,71.0,45.63492063492063,230,274,2015-11-11,pct 0.5% (fixed stop),apex_50k
15,7,7,1,2000.0,1545.0,455.0,2000.0,2000.0,250.0,31.746031746031747,160,344,2015-12-17,pct 0.5% (fixed stop),apex_50k
14,6,6,1,2000.0,1510.0,490.0,2000.0,2000.0,229.0,33.333333333333336,168,336,2016-01-20,pct 0.5% (fixed stop),apex_50k
15,6,6,1,2000.0,1545.0,455.0,2000.0,2000.0,208.0,34.523809523809526,174,330,2016-02-19,pct 0.5% (fixed stop),apex_50k
15,6,6,1,2000.0,1630.0,370.0,2000.0,2000.0,187.0,38.492063492063494,194,310,2016-03-21,pct 0.5% (fixed stop),apex_50k
17,6,6,1,2000.0,1615.0,385.0,2000.0,2000.0,166.0,34.32539682539682,173,331,2016-04-20,pct 0.5% (fixed stop),apex_50k
18,7,7,1,2000.0,1735.0,265.0,2000.0,2000.0,145.0,35.51587301587302,179,325,2016-05-19,pct 0.5% (fixed stop),apex_50k
18,7,7,1,2000.0,1735.0,265.0,2000.0,2000.0,124.0,35.51587301587302,179,325,2016-06-20,pct 0.5% (fixed stop),apex_50k
17,8,8,1,2000.0,1785.0,215.0,2000.0,2000.0,103.0,35.91269841269841,181,323,2016-07-20,pct 0.5% (fixed stop),apex_50k
17,8,8,1,2000.0,1955.0,45.0,2000.0,2000.0,82.0,43.25396825396825,218,286,2016-08-18,pct 0.5% (fixed stop),apex_50k
16,7,7,3,4303.759999999973,1835.0,2468.759999999973,1434.5866666666577,2000.0,61.0,40.07936507936508,202,302,2016-09-19,pct 0.5% (fixed stop),apex_50k
16,7,7,3,4303.759999999973,1920.0,2383.759999999973,1434.5866666666577,2000.0,40.0,44.24603174603175,223,281,2016-10-18,pct 0.5% (fixed stop),apex_50k
16,7,7,3,4303.759999999973,1835.0,2468.759999999973,1434.5866666666577,2000.0,449.0,43.45238095238095,219,285,2016-11-16,pct 0.5% (fixed stop),apex_50k
16,6,6,4,8526.540000000023,1750.0,6776.540000000023,2131.6350000000057,4222.78000000005,428.0,43.45238095238095,219,285,2016-12-16,pct 0.5% (fixed stop),apex_50k
17,7,7,4,8526.540000000023,1870.0,6656.540000000023,2131.6350000000057,4222.78000000005,407.0,45.23809523809524,228,276,2017-01-19,pct 0.5% (fixed stop),apex_50k
17,7,7,5,8691.820000000072,1955.0,6736.8200000000725,1738.3640000000146,4222.78000000005,386.0,49.404761904761905,249,255,2017-02-17,pct 0.5% (fixed stop),apex_50k
17,7,7,5,8691.820000000072,1955.0,6736.8200000000725,1738.3640000000146,4222.78000000005,365.0,50.595238095238095,255,249,2017-03-21,pct 0.5% (fixed stop),apex_50k
17,7,7,9,10845.739999999969,2210.0,8635.739999999969,1205.0822222222187,4222.78000000005,58.0,63.29365079365079,319,185,2017-04-20,pct 0.5% (fixed stop),apex_50k
19,7,7,5,8691.820000000072,1940.0,6751.8200000000725,1738.3640000000146,4222.78000000005,323.0,46.42857142857143,234,270,2017-05-19,pct 0.5% (fixed stop),apex_50k
19,7,7,5,8691.820000000072,1855.0,6836.8200000000725,1738.3640000000146,4222.78000000005,302.0,46.23015873015873,233,271,2017-06-20,pct 0.5% (fixed stop),apex_50k
20,7,7,5,8691.820000000072,1890.0,6801.8200000000725,1738.3640000000146,4222.78000000005,281.0,45.43650793650794,229,275,2017-07-20,pct 0.5% (fixed stop),apex_50k
19,7,7,6,9523.700000000048,1940.0,7583.700000000048,1587.2833333333413,4222.78000000005,260.0,49.6031746031746,250,254,2017-08-18,pct 0.5% (fixed stop),apex_50k
19,7,7,6,9523.700000000048,1940.0,7583.700000000048,1587.2833333333413,4222.78000000005,239.0,50.595238095238095,255,249,2017-09-19,pct 0.5% (fixed stop),apex_50k
19,7,7,8,11930.38000000002,2025.0,9905.38000000002,1491.2975000000024,4222.78000000005,218.0,54.76190476190476,276,228,2017-10-18,pct 0.5% (fixed stop),apex_50k
18,7,7,8,11930.38000000002,2160.0,9770.38000000002,1491.2975000000024,4222.78000000005,197.0,62.1031746031746,313,191,2017-11-16,pct 0.5% (fixed stop),apex_50k
18,6,6,8,11930.38000000002,2075.0,9855.38000000002,1491.2975000000024,4222.78000000005,176.0,58.92857142857143,297,207,2017-12-18,pct 0.5% (fixed stop),apex_50k
18,6,6,9,12294.640000000058,2160.0,10134.640000000058,1366.0711111111175,4222.78000000005,155.0,63.095238095238095,318,186,2018-01-19,pct 0.5% (fixed stop),apex_50k
16,5,5,10,15239.840000000113,2005.0,13234.840000000113,1523.9840000000113,4222.78000000005,134.0,62.8968253968254,317,187,2018-02-20,pct 0.5% (fixed stop),apex_50k
17,5,5,10,15239.840000000113,2125.0,13114.840000000113,1523.9840000000113,4222.78000000005,113.0,66.07142857142857,333,171,2018-03-21,pct 0.5% (fixed stop),apex_50k
16,4,4,10,15239.840000000113,2005.0,13234.840000000113,1523.9840000000113,4222.78000000005,92.0,65.67460317460318,331,173,2018-04-20,pct 0.5% (fixed stop),apex_50k
15,4,4,10,15239.840000000113,1970.0,13269.840000000113,1523.9840000000113,4222.78000000005,71.0,65.07936507936508,328,176,2018-05-21,pct 0.5% (fixed stop),apex_50k
16,6,6,8,9136.000000000146,2005.0,7131.0000000001455,1142.0000000000182,2945.2000000000553,107.0,59.72222222222222,301,203,2018-06-20,pct 0.5% (fixed stop),apex_50k
18,6,6,8,9136.000000000146,2075.0,7061.0000000001455,1142.0000000000182,2945.2000000000553,86.0,59.32539682539682,299,205,2018-07-20,pct 0.5% (fixed stop),apex_50k
17,5,5,8,9136.000000000146,1955.0,7181.0000000001455,1142.0000000000182,2945.2000000000553,65.0,57.93650793650794,292,212,2018-08-20,pct 0.5% (fixed stop),apex_50k
18,5,5,8,9136.000000000146,1990.0,7146.0000000001455,1142.0000000000182,2945.2000000000553,44.0,56.34920634920635,284,220,2018-09-19,pct 0.5% (fixed stop),apex_50k
19,7,7,7,7136.0000000001455,2110.0,5026.0000000001455,1019.4285714285922,2945.2000000000553,73.0,54.166666666666664,273,231,2018-10-18,pct 0.5% (fixed stop),apex_50k
21,5,5,7,7136.0000000001455,2010.0,5126.0000000001455,1019.4285714285922,2945.2000000000553,52.0,52.38095238095238,264,240,2018-11-16,pct 0.5% (fixed stop),apex_50k
20,5,5,7,7756.76000000014,1975.0,5781.76000000014,1108.1085714285914,2945.2000000000553,28.0,53.17460317460318,268,236,2018-12-19,pct 0.5% (fixed stop),apex_50k
20,5,5,6,6970.720000000096,1890.0,5080.720000000096,1161.7866666666825,2945.2000000000553,136.0,46.82539682539682,236,268,2019-01-22,pct 0.5% (fixed stop),apex_50k
20,4,4,6,6970.720000000096,1805.0,5165.720000000096,1161.7866666666825,2945.2000000000553,115.0,45.23809523809524,228,276,2019-02-21,pct 0.5% (fixed stop),apex_50k
22,4,4,6,6970.720000000096,1875.0,5095.720000000096,1161.7866666666825,2945.2000000000553,94.0,45.23809523809524,228,276,2019-03-22,pct 0.5% (fixed stop),apex_50k
20,4,4,6,6970.720000000096,1805.0,5165.720000000096,1161.7866666666825,2945.2000000000553,73.0,45.23809523809524,228,276,2019-04-23,pct 0.5% (fixed stop),apex_50k
22,6,6,5,6132.76000000006,1705.0,4427.76000000006,1226.552000000012,2000.0,68.0,32.53968253968254,164,340,2019-05-22,pct 0.5% (fixed stop),apex_50k
25,8,8,4,6006.440000000097,1810.0,4196.440000000097,1501.6100000000242,2000.0,171.0,31.746031746031747,160,344,2019-06-21,pct 0.5% (fixed stop),apex_50k
25,8,8,5,6459.660000000222,1895.0,4564.660000000222,1291.9320000000444,2000.0,150.0,35.714285714285715,180,324,2019-07-23,pct 0.5% (fixed stop),apex_50k
23,6,6,5,6459.660000000222,1740.0,4719.660000000222,1291.9320000000444,2000.0,129.0,33.333333333333336,168,336,2019-08-21,pct 0.5% (fixed stop),apex_50k
25,6,6,5,6459.660000000222,1810.0,4649.660000000222,1291.9320000000444,2000.0,108.0,35.51587301587302,179,325,2019-09-20,pct 0.5% (fixed stop),apex_50k
26,5,5,5,6459.660000000222,1760.0,4699.660000000222,1291.9320000000444,2000.0,87.0,32.142857142857146,162,342,2019-10-21,pct 0.5% (fixed stop),apex_50k
25,5,5,5,6459.660000000222,1725.0,4734.660000000222,1291.9320000000444,2000.0,66.0,32.142857142857146,162,342,2019-11-19,pct 0.5% (fixed stop),apex_50k
25,5,5,5,5061.160000000309,1810.0,3251.160000000309,1012.2320000000618,2000.0,43.0,34.12698412698413,172,332,2019-12-19,pct 0.5% (fixed stop),apex_50k
29,5,5,4,4459.660000000222,1780.0,2679.6600000002218,1114.9150000000554,2000.0,97.0,26.19047619047619,132,372,2020-01-22,pct 0.5% (fixed stop),apex_50k
33,5,5,4,4459.660000000222,1920.0,2539.6600000002218,1114.9150000000554,2000.0,76.0,26.19047619047619,132,372,2020-02-21,pct 0.5% (fixed stop),apex_50k
29,6,6,4,4459.660000000222,1865.0,2594.6600000002218,1114.9150000000554,2000.0,55.0,26.58730158730159,134,370,2020-03-23,pct 0.5% (fixed stop),apex_50k
28,7,7,3,4036.9600000001665,1915.0,2121.9600000001665,1345.653333333389,2000.0,267.0,27.77777777777778,140,364,2020-04-22,pct 0.5% (fixed stop),apex_50k
32,6,6,4,5779.94000000025,1970.0,3809.9400000002497,1444.9850000000624,2000.0,246.0,28.571428571428573,144,360,2020-05-21,pct 0.5% (fixed stop),apex_50k
28,5,5,5,7779.94000000025,1915.0,5864.94000000025,1555.9880000000499,2000.0,67.0,36.30952380952381,183,321,2020-06-22,pct 0.5% (fixed stop),apex_50k
28,6,6,5,7171.42000000026,2000.0,5171.42000000026,1434.284000000052,2000.0,204.0,38.095238095238095,192,312,2020-07-22,pct 0.5% (fixed stop),apex_50k
31,8,8,5,7171.42000000026,2190.0,4981.42000000026,1434.284000000052,2000.0,183.0,36.904761904761905,186,318,2020-08-20,pct 0.5% (fixed stop),apex_50k
30,7,7,5,7171.42000000026,2070.0,5101.42000000026,1434.284000000052,2000.0,162.0,35.91269841269841,181,323,2020-09-21,pct 0.5% (fixed stop),apex_50k
29,7,7,6,8117.040000000248,2120.0,5997.040000000248,1352.8400000000413,2000.0,141.0,40.07936507936508,202,302,2020-10-20,pct 0.5% (fixed stop),apex_50k
26,7,7,7,8414.960000000232,2100.0,6314.960000000232,1202.137142857176,2000.0,120.0,44.24603174603175,223,281,2020-11-18,pct 0.5% (fixed stop),apex_50k
24,7,7,7,8414.960000000232,2115.0,6299.960000000232,1202.137142857176,2000.0,99.0,48.41269841269841,244,260,2020-12-18,pct 0.5% (fixed stop),apex_50k
24,7,7,8,8434.960000000217,2200.0,6234.960000000217,1054.3700000000272,2000.0,78.0,51.58730158730159,260,244,2021-01-21,pct 0.5% (fixed stop),apex_50k
27,7,7,8,8434.960000000217,2305.0,6129.960000000217,1054.3700000000272,2000.0,57.0,51.58730158730159,260,244,2021-02-22,pct 0.5% (fixed stop),apex_50k
27,7,7,8,8434.960000000217,2305.0,6129.960000000217,1054.3700000000272,2000.0,36.0,51.58730158730159,260,244,2021-03-23,pct 0.5% (fixed stop),apex_50k
27,8,8,8,7397.440000000301,2475.0,4922.440000000301,924.6800000000376,2000.0,21.0,54.76190476190476,276,228,2021-04-22,pct 0.5% (fixed stop),apex_50k
30,7,7,5,4398.000000000051,2155.0,2243.000000000051,879.6000000000101,1742.9800000000832,235.0,38.29365079365079,193,311,2021-05-21,pct 0.5% (fixed stop),apex_50k
30,7,7,5,4398.000000000051,2155.0,2243.000000000051,879.6000000000101,1742.9800000000832,214.0,38.29365079365079,193,311,2021-06-22,pct 0.5% (fixed stop),apex_50k
31,7,7,5,4398.000000000051,2190.0,2208.000000000051,879.6000000000101,1742.9800000000832,193.0,38.29365079365079,193,311,2021-07-22,pct 0.5% (fixed stop),apex_50k
31,7,7,5,4398.000000000051,2190.0,2208.000000000051,879.6000000000101,1742.9800000000832,172.0,38.29365079365079,193,311,2021-08-20,pct 0.5% (fixed stop),apex_50k
29,8,8,6,5105.680000000102,2205.0,2900.680000000102,850.9466666666837,1742.9800000000832,151.0,42.26190476190476,213,291,2021-09-21,pct 0.5% (fixed stop),apex_50k
28,8,8,7,7105.680000000102,2255.0,4850.680000000102,1015.0971428571575,2000.0,130.0,46.42857142857143,234,270,2021-10-20,pct 0.5% (fixed stop),apex_50k
28,8,8,8,9054.76000000025,2340.0,6714.760000000249,1131.8450000000312,2000.0,109.0,50.595238095238095,255,249,2021-11-18,pct 0.5% (fixed stop),apex_50k
25,8,8,9,10282.480000000294,2320.0,7962.480000000294,1142.4977777778104,2000.0,88.0,54.76190476190476,276,228,2021-12-20,pct 0.5% (fixed stop),apex_50k
23,8,8,9,10282.480000000294,2335.0,7947.480000000294,1142.4977777778104,2000.0,67.0,58.92857142857143,297,207,2022-01-20,pct 0.5% (fixed stop),apex_50k
21,8,8,9,10282.480000000294,2350.0,7932.480000000294,1142.4977777778104,2000.0,46.0,62.8968253968254,317,187,2022-02-18,pct 0.5% (fixed stop),apex_50k
17,4,4,10,15247.220000000278,1955.0,13292.220000000278,1524.7220000000277,3389.3400000000547,64.0,60.91269841269841,307,197,2022-03-22,pct 0.5% (fixed stop),apex_50k
17,4,4,10,15247.220000000278,1955.0,13292.220000000278,1524.7220000000277,3389.3400000000547,43.0,60.11904761904762,303,201,2022-04-21,pct 0.5% (fixed stop),apex_50k
18,7,7,8,8539.500000000211,2160.0,6379.500000000211,1067.4375000000264,2000.0,25.0,60.11904761904762,303,201,2022-05-20,pct 0.5% (fixed stop),apex_50k
18,4,4,8,7185.300000000192,1905.0,5280.300000000192,898.162500000024,2000.0,76.0,54.76190476190476,276,228,2022-06-22,pct 0.5% (fixed stop),apex_50k
17,4,4,9,6812.460000000188,1955.0,4857.460000000188,756.940000000021,2000.0,55.0,57.93650793650794,292,212,2022-07-22,pct 0.5% (fixed stop),apex_50k
15,4,4,10,9741.660000000185,1970.0,7771.660000000185,974.1660000000186,2000.0,34.0,63.095238095238095,318,186,2022-08-22,pct 0.5% (fixed stop),apex_50k
21,4,4,7,8478.120000000228,1925.0,6553.120000000228,1211.1600000000326,2000.0,248.0,50.3968253968254,254,250,2022-09-21,pct 0.5% (fixed stop),apex_50k
20,4,4,7,8478.120000000228,1890.0,6588.120000000228,1211.1600000000326,2000.0,227.0,52.77777777777778,266,238,2022-10-20,pct 0.5% (fixed stop),apex_50k
19,4,4,7,8478.120000000228,1855.0,6623.120000000228,1211.1600000000326,2000.0,206.0,52.976190476190474,267,237,2022-11-18,pct 0.5% (fixed stop),apex_50k
17,4,4,8,8885.72000000022,1870.0,7015.720000000219,1110.7150000000274,2000.0,185.0,57.142857142857146,288,216,2022-12-20,pct 0.5% (fixed stop),apex_50k
14,4,4,9,10885.72000000022,1850.0,9035.72000000022,1209.5244444444688,2000.0,164.0,61.30952380952381,309,195,2023-01-23,pct 0.5% (fixed stop),apex_50k
12,4,4,10,12089.60000000021,1865.0,10224.60000000021,1208.960000000021,2000.0,143.0,65.47619047619048,330,174,2023-02-22,pct 0.5% (fixed stop),apex_50k
8,4,4,11,12744.960000000203,1810.0,10934.960000000203,1158.6327272727458,2000.0,122.0,69.44444444444444,350,154,2023-03-23,pct 0.5% (fixed stop),apex_50k
8,4,4,11,12744.960000000203,1895.0,10849.960000000203,1158.6327272727458,2000.0,101.0,72.02380952380952,363,141,2023-04-24,pct 0.5% (fixed stop),apex_50k
7,3,3,11,12744.960000000203,1860.0,10884.960000000203,1158.6327272727458,2000.0,80.0,75.0,378,126,2023-05-23,pct 0.5% (fixed stop),apex_50k
6,3,3,12,23525.4000000003,1910.0,21615.4000000003,1960.450000000025,10780.440000000097,59.0,79.16666666666667,399,105,2023-06-23,pct 0.5% (fixed stop),apex_50k
5,3,3,13,24278.880000000296,1960.0,22318.880000000296,1867.6061538461765,10780.440000000097,38.0,83.33333333333333,420,84,2023-07-25,pct 0.5% (fixed stop),apex_50k
7,5,5,10,20625.520000000048,1860.0,18765.520000000048,2062.5520000000047,10780.440000000097,195.0,69.44444444444444,350,154,2023-08-23,pct 0.5% (fixed stop),apex_50k
5,3,3,12,20921.900000000118,1875.0,19046.900000000118,1743.4916666666766,10780.440000000097,76.0,76.98412698412699,388,116,2023-09-22,pct 0.5% (fixed stop),apex_50k
5,3,3,12,20825.060000000063,1790.0,19035.060000000063,1735.4216666666719,10780.440000000097,153.0,73.41269841269842,370,134,2023-10-23,pct 0.5% (fixed stop),apex_50k
5,2,2,13,21614.62000000012,1790.0,19824.62000000012,1662.663076923086,10780.440000000097,132.0,75.39682539682539,380,124,2023-11-21,pct 0.5% (fixed stop),apex_50k
5,2,2,14,23989.740000000187,1875.0,22114.740000000187,1713.5528571428706,10780.440000000097,111.0,79.56349206349206,401,103,2023-12-21,pct 0.5% (fixed stop),apex_50k
4,2,2,15,25877.66000000023,1925.0,23952.66000000023,1725.1773333333485,10780.440000000097,90.0,83.73015873015873,422,82,2024-01-24,pct 0.5% (fixed stop),apex_50k
3,2,2,17,29129.24000000031,1975.0,27154.24000000031,1713.4847058823711,10780.440000000097,69.0,87.89682539682539,443,61,2024-02-23,pct 0.5% (fixed stop),apex_50k
7,3,3,14,26512.280000000326,1860.0,24652.280000000326,1893.734285714309,10780.440000000097,189.0,74.2063492063492,374,130,2024-03-25,pct 0.5% (fixed stop),apex_50k
5,3,3,15,26829.60000000032,1790.0,25039.60000000032,1788.6400000000212,10780.440000000097,80.0,76.19047619047619,384,120,2024-04-24,pct 0.5% (fixed stop),apex_50k
5,3,3,16,27377.86000000043,1960.0,25417.86000000043,1711.1162500000269,10780.440000000097,38.0,84.72222222222223,427,77,2024-05-23,pct 0.5% (fixed stop),apex_50k
7,3,3,15,26634.180000000437,1945.0,24689.180000000437,1775.6120000000292,10780.440000000097,126.0,79.76190476190476,402,102,2024-06-25,pct 0.5% (fixed stop),apex_50k
7,2,2,15,26634.180000000437,1945.0,24689.180000000437,1775.6120000000292,10780.440000000097,105.0,82.34126984126983,415,89,2024-07-25,pct 0.5% (fixed stop),apex_50k
4,2,2,16,26770.2000000006,1925.0,24845.2000000006,1673.1375000000376,10780.440000000097,84.0,86.5079365079365,436,68,2024-08-23,pct 0.5% (fixed stop),apex_50k
16,3,3,0,0.0,931.0,-931.0,0.0,0.0,,5.753968253968254,29,475,2010-06-07,pct 0.5% (fixed stop),topstep_50k
15,3,3,0,0.0,882.0,-882.0,0.0,0.0,,5.753968253968254,29,475,2010-11-01,pct 0.5% (fixed stop),topstep_50k
14,3,3,0,0.0,833.0,-833.0,0.0,0.0,,5.753968253968254,29,475,2011-03-15,pct 0.5% (fixed stop),topstep_50k
13,3,3,0,0.0,784.0,-784.0,0.0,0.0,,5.753968253968254,29,475,2011-05-31,pct 0.5% (fixed stop),topstep_50k
16,3,3,0,0.0,931.0,-931.0,0.0,0.0,,5.753968253968254,29,475,2011-09-26,pct 0.5% (fixed stop),topstep_50k
15,3,3,0,0.0,882.0,-882.0,0.0,0.0,,5.753968253968254,29,475,2012-02-13,pct 0.5% (fixed stop),topstep_50k
16,2,2,0,0.0,882.0,-882.0,0.0,0.0,,2.9761904761904763,15,489,2012-07-05,pct 0.5% (fixed stop),topstep_50k
17,2,2,0,0.0,931.0,-931.0,0.0,0.0,,2.9761904761904763,15,489,2012-09-11,pct 0.5% (fixed stop),topstep_50k
16,3,3,0,0.0,882.0,-882.0,0.0,0.0,,2.9761904761904763,15,489,2012-10-16,pct 0.5% (fixed stop),topstep_50k
17,3,3,0,0.0,980.0,-980.0,0.0,0.0,,4.365079365079365,22,482,2012-11-29,pct 0.5% (fixed stop),topstep_50k
16,3,3,0,0.0,931.0,-931.0,0.0,0.0,,4.365079365079365,22,482,2013-01-11,pct 0.5% (fixed stop),topstep_50k
17,3,3,0,0.0,980.0,-980.0,0.0,0.0,,4.365079365079365,22,482,2013-03-11,pct 0.5% (fixed stop),topstep_50k
17,3,3,0,0.0,980.0,-980.0,0.0,0.0,,4.365079365079365,22,482,2013-04-11,pct 0.5% (fixed stop),topstep_50k
20,3,3,0,0.0,1127.0,-1127.0,0.0,0.0,,4.365079365079365,22,482,2013-05-10,pct 0.5% (fixed stop),topstep_50k
20,4,4,0,0.0,1176.0,-1176.0,0.0,0.0,,6.944444444444445,35,469,2013-06-11,pct 0.5% (fixed stop),topstep_50k
21,3,3,0,0.0,1176.0,-1176.0,0.0,0.0,,5.158730158730159,26,478,2013-07-11,pct 0.5% (fixed stop),topstep_50k
21,5,5,0,0.0,1274.0,-1274.0,0.0,0.0,,8.73015873015873,44,460,2013-08-12,pct 0.5% (fixed stop),topstep_50k
22,4,4,1,2817.599999999984,1274.0,1543.599999999984,2817.599999999984,2817.599999999984,485.0,7.5396825396825395,38,466,2013-09-11,pct 0.5% (fixed stop),topstep_50k
23,5,5,1,2817.599999999984,1372.0,1445.599999999984,2817.599999999984,2817.599999999984,464.0,8.73015873015873,44,460,2013-10-10,pct 0.5% (fixed stop),topstep_50k
23,5,5,1,2817.599999999984,1372.0,1445.599999999984,2817.599999999984,2817.599999999984,443.0,10.119047619047619,51,453,2013-11-15,pct 0.5% (fixed stop),topstep_50k
23,6,6,2,3859.9999999999636,1421.0,2438.9999999999636,1929.9999999999818,2817.599999999984,422.0,13.095238095238095,66,438,2014-01-09,pct 0.5% (fixed stop),topstep_50k
25,6,6,2,3859.9999999999636,1519.0,2340.9999999999636,1929.9999999999818,2817.599999999984,401.0,11.706349206349206,59,445,2014-03-03,pct 0.5% (fixed stop),topstep_50k
26,5,5,2,3859.9999999999636,1519.0,2340.9999999999636,1929.9999999999818,2817.599999999984,380.0,10.515873015873016,53,451,2014-04-03,pct 0.5% (fixed stop),topstep_50k
25,5,5,2,3859.9999999999636,1470.0,2389.9999999999636,1929.9999999999818,2817.599999999984,359.0,10.515873015873016,53,451,2014-05-06,pct 0.5% (fixed stop),topstep_50k
26,5,5,2,3859.9999999999636,1519.0,2340.9999999999636,1929.9999999999818,2817.599999999984,338.0,10.515873015873016,53,451,2014-06-06,pct 0.5% (fixed stop),topstep_50k
28,5,5,2,3859.9999999999636,1617.0,2242.9999999999636,1929.9999999999818,2817.599999999984,317.0,10.515873015873016,53,451,2014-07-10,pct 0.5% (fixed stop),topstep_50k
28,5,5,3,5225.59999999994,1617.0,3608.5999999999403,1741.8666666666468,2817.599999999984,296.0,12.698412698412698,64,440,2014-08-08,pct 0.5% (fixed stop),topstep_50k
29,6,6,3,5225.59999999994,1715.0,3510.5999999999403,1741.8666666666468,2817.599999999984,275.0,14.087301587301587,71,433,2014-09-10,pct 0.5% (fixed stop),topstep_50k
28,7,7,4,7921.599999999926,1715.0,6206.599999999926,1980.3999999999814,2817.599999999984,254.0,16.26984126984127,82,422,2014-10-14,pct 0.5% (fixed stop),topstep_50k
28,6,6,4,7921.599999999926,1666.0,6255.599999999926,1980.3999999999814,2817.599999999984,233.0,14.880952380952381,75,429,2014-11-24,pct 0.5% (fixed stop),topstep_50k
27,6,6,4,7921.599999999926,1617.0,6304.599999999926,1980.3999999999814,2817.599999999984,212.0,14.880952380952381,75,429,2015-01-14,pct 0.5% (fixed stop),topstep_50k
26,7,7,4,7921.599999999926,1617.0,6304.599999999926,1980.3999999999814,2817.599999999984,191.0,16.26984126984127,82,422,2015-02-27,pct 0.5% (fixed stop),topstep_50k
28,6,6,4,7921.599999999926,1666.0,6255.599999999926,1980.3999999999814,2817.599999999984,170.0,14.880952380952381,75,429,2015-04-07,pct 0.5% (fixed stop),topstep_50k
27,6,6,4,7921.599999999926,1617.0,6304.599999999926,1980.3999999999814,2817.599999999984,149.0,14.880952380952381,75,429,2015-05-06,pct 0.5% (fixed stop),topstep_50k
26,7,7,4,7921.599999999926,1617.0,6304.599999999926,1980.3999999999814,2817.599999999984,128.0,16.071428571428573,81,423,2015-06-05,pct 0.5% (fixed stop),topstep_50k
25,7,7,6,8949.7599999999,1617.0,7332.7599999999,1491.62666666665,2817.599999999984,107.0,20.238095238095237,102,402,2015-07-08,pct 0.5% (fixed stop),topstep_50k
25,7,7,7,9418.239999999882,1617.0,7801.239999999882,1345.4628571428402,2817.599999999984,86.0,23.214285714285715,117,387,2015-08-06,pct 0.5% (fixed stop),topstep_50k
22,7,7,7,9418.239999999882,1470.0,7948.239999999882,1345.4628571428402,2817.599999999984,65.0,23.214285714285715,117,387,2015-09-04,pct 0.5% (fixed stop),topstep_50k
21,6,6,7,9418.239999999882,1372.0,8046.239999999882,1345.4628571428402,2817.599999999984,44.0,20.634920634920636,104,400,2015-10-07,pct 0.5% (fixed stop),topstep_50k
20,6,6,7,6876.239999999874,1372.0,5504.239999999874,982.3199999999821,2695.9999999999854,29.0,23.41269841269841,118,386,2015-11-11,pct 0.5% (fixed stop),topstep_50k
20,6,6,7,8626.439999999879,1323.0,7303.439999999879,1232.3485714285541,2695.9999999999854,31.0,21.23015873015873,107,397,2015-12-17,pct 0.5% (fixed stop),topstep_50k
19,6,6,7,6974.439999999937,1323.0,5651.439999999937,996.3485714285624,2695.9999999999854,62.0,23.80952380952381,120,384,2016-01-20,pct 0.5% (fixed stop),topstep_50k
20,6,6,7,6974.439999999937,1372.0,5602.439999999937,996.3485714285624,2695.9999999999854,41.0,24.404761904761905,123,381,2016-02-19,pct 0.5% (fixed stop),topstep_50k
20,6,6,7,6974.439999999937,1372.0,5602.439999999937,996.3485714285624,2695.9999999999854,20.0,26.785714285714285,135,369,2016-03-21,pct 0.5% (fixed stop),topstep_50k
22,6,6,6,5932.039999999957,1470.0,4462.039999999957,988.6733333333262,2695.9999999999854,122.0,24.603174603174605,124,380,2016-04-20,pct 0.5% (fixed stop),topstep_50k
22,7,7,6,5932.039999999957,1519.0,4413.039999999957,988.6733333333262,2695.9999999999854,101.0,26.785714285714285,135,369,2016-05-19,pct 0.5% (fixed stop),topstep_50k
22,7,7,6,5932.039999999957,1519.0,4413.039999999957,988.6733333333262,2695.9999999999854,80.0,26.785714285714285,135,369,2016-06-20,pct 0.5% (fixed stop),topstep_50k
21,7,7,6,5932.039999999957,1470.0,4462.039999999957,988.6733333333262,2695.9999999999854,59.0,26.785714285714285,135,369,2016-07-20,pct 0.5% (fixed stop),topstep_50k
19,8,8,6,5156.23999999994,1470.0,3686.2399999999398,859.3733333333233,2910.799999999981,53.0,32.73809523809524,165,339,2016-08-18,pct 0.5% (fixed stop),topstep_50k
19,8,8,5,4566.4399999999805,1421.0,3145.4399999999805,913.2879999999961,2695.9999999999854,53.0,27.976190476190474,141,363,2016-09-19,pct 0.5% (fixed stop),topstep_50k
20,9,9,5,4566.4399999999805,1519.0,3047.4399999999805,913.2879999999961,2695.9999999999854,32.0,29.96031746031746,151,353,2016-10-18,pct 0.5% (fixed stop),topstep_50k
19,9,9,5,4557.8800000000265,1470.0,3087.8800000000265,911.5760000000053,2687.4400000000314,155.0,33.73015873015873,170,334,2016-11-16,pct 0.5% (fixed stop),topstep_50k
20,8,8,5,4557.8800000000265,1470.0,3087.8800000000265,911.5760000000053,2687.4400000000314,134.0,30.952380952380953,156,348,2016-12-16,pct 0.5% (fixed stop),topstep_50k
21,9,9,5,4557.8800000000265,1568.0,2989.8800000000265,911.5760000000053,2687.4400000000314,113.0,32.73809523809524,165,339,2017-01-19,pct 0.5% (fixed stop),topstep_50k
23,9,9,6,5992.180000000066,1666.0,4326.180000000066,998.6966666666776,2687.4400000000314,92.0,34.12698412698413,172,332,2017-02-17,pct 0.5% (fixed stop),topstep_50k
23,9,9,6,5992.180000000066,1666.0,4326.180000000066,998.6966666666776,2687.4400000000314,71.0,34.12698412698413,172,332,2017-03-21,pct 0.5% (fixed stop),topstep_50k
24,10,10,4,5606.860000000037,1715.0,3891.860000000037,1401.7150000000092,2687.4400000000314,48.0,31.547619047619047,159,345,2017-04-20,pct 0.5% (fixed stop),topstep_50k
25,9,9,3,4486.220000000052,1764.0,2722.220000000052,1495.406666666684,2687.4400000000314,52.0,29.563492063492063,149,355,2017-05-19,pct 0.5% (fixed stop),topstep_50k
26,9,9,4,5549.460000000094,1813.0,3736.4600000000937,1387.3650000000234,2687.4400000000314,72.0,32.34126984126984,163,341,2017-06-20,pct 0.5% (fixed stop),topstep_50k
25,9,9,2,4121.740000000071,1715.0,2406.7400000000707,2060.8700000000354,2687.4400000000314,330.0,27.182539682539684,137,367,2017-07-20,pct 0.5% (fixed stop),topstep_50k
26,9,9,4,7965.1000000001,1764.0,6201.1000000001,1991.275000000025,3469.5599999999904,92.0,28.174603174603174,142,362,2017-08-18,pct 0.5% (fixed stop),topstep_50k
27,9,9,3,7591.300000000061,1764.0,5827.300000000061,2530.433333333354,3469.5599999999904,288.0,25.0,126,378,2017-09-19,pct 0.5% (fixed stop),topstep_50k
27,10,10,3,7591.300000000061,1813.0,5778.300000000061,2530.433333333354,3469.5599999999904,267.0,26.984126984126984,136,368,2017-10-18,pct 0.5% (fixed stop),topstep_50k
28,10,10,4,7965.1000000001,1911.0,6054.1000000001,1991.275000000025,3469.5599999999904,29.0,30.753968253968253,155,349,2017-11-16,pct 0.5% (fixed stop),topstep_50k
28,9,9,3,7591.300000000061,1813.0,5778.300000000061,2530.433333333354,3469.5599999999904,225.0,23.80952380952381,120,384,2017-12-18,pct 0.5% (fixed stop),topstep_50k
27,9,9,3,7591.300000000061,1764.0,5827.300000000061,2530.433333333354,3469.5599999999904,204.0,23.80952380952381,120,384,2018-01-19,pct 0.5% (fixed stop),topstep_50k
25,9,9,4,8187.500000000102,1666.0,6521.500000000102,2046.8750000000255,3469.5599999999904,183.0,24.603174603174605,124,380,2018-02-20,pct 0.5% (fixed stop),topstep_50k
27,8,8,4,8187.500000000102,1764.0,6423.500000000102,2046.8750000000255,3469.5599999999904,162.0,26.19047619047619,132,372,2018-03-21,pct 0.5% (fixed stop),topstep_50k
26,8,8,4,8187.500000000102,1715.0,6472.500000000102,2046.8750000000255,3469.5599999999904,141.0,26.19047619047619,132,372,2018-04-20,pct 0.5% (fixed stop),topstep_50k
26,8,8,5,11055.020000000091,1715.0,9340.020000000091,2211.004000000018,3469.5599999999904,52.0,23.214285714285715,117,387,2018-05-21,pct 0.5% (fixed stop),topstep_50k
26,8,8,5,9563.800000000134,1715.0,7848.800000000134,1912.7600000000268,3469.5599999999904,99.0,26.58730158730159,134,370,2018-06-20,pct 0.5% (fixed stop),topstep_50k
28,9,9,5,9563.800000000134,1862.0,7701.800000000134,1912.7600000000268,3469.5599999999904,78.0,24.8015873015873,125,379,2018-07-20,pct 0.5% (fixed stop),topstep_50k
27,9,9,5,9563.800000000134,1813.0,7750.800000000134,1912.7600000000268,3469.5599999999904,57.0,24.8015873015873,125,379,2018-08-20,pct 0.5% (fixed stop),topstep_50k
29,8,8,6,14374.120000000126,1862.0,12512.120000000126,2395.686666666688,4810.319999999992,36.0,24.603174603174605,124,380,2018-09-19,pct 0.5% (fixed stop),topstep_50k
29,10,10,5,11686.680000000095,1960.0,9726.680000000095,2337.336000000019,4810.319999999992,69.0,25.396825396825395,128,376,2018-10-18,pct 0.5% (fixed stop),topstep_50k
31,8,8,5,11686.680000000095,1960.0,9726.680000000095,2337.336000000019,4810.319999999992,48.0,23.61111111111111,119,385,2018-11-16,pct 0.5% (fixed stop),topstep_50k
30,8,8,5,11686.680000000095,1911.0,9775.680000000095,2337.336000000019,4810.319999999992,27.0,23.61111111111111,119,385,2018-12-19,pct 0.5% (fixed stop),topstep_50k
29,8,8,4,10252.380000000056,1862.0,8390.380000000056,2563.095000000014,4810.319999999992,143.0,21.825396825396826,110,394,2019-01-22,pct 0.5% (fixed stop),topstep_50k
29,7,7,4,10252.380000000056,1813.0,8439.380000000056,2563.095000000014,4810.319999999992,122.0,20.436507936507937,103,401,2019-02-21,pct 0.5% (fixed stop),topstep_50k
30,7,7,4,10252.380000000056,1862.0,8390.380000000056,2563.095000000014,4810.319999999992,101.0,20.436507936507937,103,401,2019-03-22,pct 0.5% (fixed stop),topstep_50k
28,7,7,4,10252.380000000056,1764.0,8488.380000000056,2563.095000000014,4810.319999999992,80.0,20.436507936507937,103,401,2019-04-23,pct 0.5% (fixed stop),topstep_50k
28,9,9,5,12448.740000000078,1862.0,10586.740000000078,2489.7480000000155,4810.319999999992,59.0,22.22222222222222,112,392,2019-05-22,pct 0.5% (fixed stop),topstep_50k
28,10,10,5,9707.880000000136,1911.0,7796.880000000136,1941.576000000027,4810.319999999992,164.0,28.373015873015873,143,361,2019-06-21,pct 0.5% (fixed stop),topstep_50k
28,10,10,5,9707.880000000136,1911.0,7796.880000000136,1941.576000000027,4810.319999999992,143.0,27.77777777777778,140,364,2019-07-23,pct 0.5% (fixed stop),topstep_50k
27,8,8,5,9707.880000000136,1764.0,7943.880000000136,1941.576000000027,4810.319999999992,122.0,21.428571428571427,108,396,2019-08-21,pct 0.5% (fixed stop),topstep_50k
28,8,8,6,10991.520000000128,1813.0,9178.520000000128,1831.9200000000212,4810.319999999992,16.0,23.41269841269841,118,386,2019-09-20,pct 0.5% (fixed stop),topstep_50k
29,7,7,5,9707.880000000136,1813.0,7894.880000000136,1941.576000000027,4810.319999999992,80.0,20.238095238095237,102,402,2019-10-21,pct 0.5% (fixed stop),topstep_50k
30,8,8,5,10388.580000000147,1862.0,8526.580000000147,2077.7160000000295,4810.319999999992,56.0,19.246031746031747,97,407,2019-11-19,pct 0.5% (fixed stop),topstep_50k
31,7,7,6,10870.780000000173,1911.0,8959.780000000173,1811.7966666666955,4810.319999999992,29.0,22.42063492063492,113,391,2019-12-19,pct 0.5% (fixed stop),topstep_50k
34,7,7,4,9111.680000000095,2009.0,7102.680000000095,2277.9200000000237,4810.319999999992,89.0,15.277777777777779,77,427,2020-01-22,pct 0.5% (fixed stop),topstep_50k
38,7,7,4,9111.680000000095,2205.0,6906.680000000095,2277.9200000000237,4810.319999999992,68.0,15.277777777777779,77,427,2020-02-21,pct 0.5% (fixed stop),topstep_50k
35,8,8,4,9111.680000000095,2107.0,7004.680000000095,2277.9200000000237,4810.319999999992,47.0,16.46825396825397,83,421,2020-03-23,pct 0.5% (fixed stop),topstep_50k
35,9,9,3,7735.380000000063,2156.0,5579.380000000063,2578.460000000021,4810.319999999992,95.0,18.055555555555557,91,413,2020-04-22,pct 0.5% (fixed stop),topstep_50k
37,8,8,3,7735.380000000063,2205.0,5530.380000000063,2578.460000000021,4810.319999999992,74.0,16.666666666666668,84,420,2020-05-21,pct 0.5% (fixed stop),topstep_50k
37,8,8,4,12793.660000000069,2205.0,10588.660000000069,3198.4150000000172,5058.280000000006,53.0,17.658730158730158,89,415,2020-06-22,pct 0.5% (fixed stop),topstep_50k
36,7,7,4,12043.500000000065,2107.0,9936.500000000065,3010.8750000000164,5058.280000000006,45.0,15.674603174603174,79,425,2020-07-22,pct 0.5% (fixed stop),topstep_50k
37,8,8,3,7983.3400000000765,2205.0,5778.3400000000765,2661.1133333333587,5058.280000000006,177.0,15.674603174603174,79,425,2020-08-20,pct 0.5% (fixed stop),topstep_50k
36,7,7,4,12098.000000000073,2107.0,9991.000000000073,3024.500000000018,5058.280000000006,156.0,14.484126984126984,73,431,2020-09-21,pct 0.5% (fixed stop),topstep_50k
36,7,7,4,12098.000000000073,2107.0,9991.000000000073,3024.500000000018,5058.280000000006,135.0,14.484126984126984,73,431,2020-10-20,pct 0.5% (fixed stop),topstep_50k
36,7,7,4,12098.000000000073,2107.0,9991.000000000073,3024.500000000018,5058.280000000006,114.0,14.484126984126984,73,431,2020-11-18,pct 0.5% (fixed stop),topstep_50k
36,7,7,4,12098.000000000073,2107.0,9991.000000000073,3024.500000000018,5058.280000000006,93.0,14.484126984126984,73,431,2020-12-18,pct 0.5% (fixed stop),topstep_50k
37,7,7,4,12098.000000000073,2156.0,9942.000000000073,3024.500000000018,5058.280000000006,72.0,14.484126984126984,73,431,2021-01-21,pct 0.5% (fixed stop),topstep_50k
39,7,7,4,12098.000000000073,2254.0,9844.000000000073,3024.500000000018,5058.280000000006,51.0,14.484126984126984,73,431,2021-02-22,pct 0.5% (fixed stop),topstep_50k
40,7,7,4,12098.000000000073,2303.0,9795.000000000073,3024.500000000018,5058.280000000006,30.0,14.484126984126984,73,431,2021-03-23,pct 0.5% (fixed stop),topstep_50k
40,7,7,3,12520.760000000031,2303.0,10217.760000000031,4173.586666666677,5058.280000000006,17.0,13.095238095238095,66,438,2021-04-22,pct 0.5% (fixed stop),topstep_50k
42,6,6,2,9172.940000000002,2352.0,6820.940000000002,4586.470000000001,5058.280000000006,262.0,12.698412698412698,64,440,2021-05-21,pct 0.5% (fixed stop),topstep_50k
43,8,8,2,9172.940000000002,2450.0,6722.940000000002,4586.470000000001,5058.280000000006,241.0,14.087301587301587,71,433,2021-06-22,pct 0.5% (fixed stop),topstep_50k
43,8,8,2,9172.940000000002,2499.0,6673.940000000002,4586.470000000001,5058.280000000006,220.0,18.055555555555557,91,413,2021-07-22,pct 0.5% (fixed stop),topstep_50k
44,8,8,2,9172.940000000002,2548.0,6624.940000000002,4586.470000000001,5058.280000000006,199.0,18.055555555555557,91,413,2021-08-20,pct 0.5% (fixed stop),topstep_50k
44,9,9,3,13367.300000000025,2597.0,10770.300000000025,4455.766666666675,5058.280000000006,178.0,19.642857142857142,99,405,2021-09-21,pct 0.5% (fixed stop),topstep_50k
44,10,10,3,13367.300000000025,2646.0,10721.300000000025,4455.766666666675,5058.280000000006,157.0,21.428571428571427,108,396,2021-10-20,pct 0.5% (fixed stop),topstep_50k
44,10,10,3,13367.300000000025,2646.0,10721.300000000025,4455.766666666675,5058.280000000006,136.0,21.428571428571427,108,396,2021-11-18,pct 0.5% (fixed stop),topstep_50k
40,10,10,3,13367.300000000025,2450.0,10917.300000000025,4455.766666666675,5058.280000000006,115.0,21.428571428571427,108,396,2021-12-20,pct 0.5% (fixed stop),topstep_50k
38,11,11,3,13367.300000000025,2401.0,10966.300000000025,4455.766666666675,5058.280000000006,94.0,23.41269841269841,118,386,2022-01-20,pct 0.5% (fixed stop),topstep_50k
37,11,11,3,13367.300000000025,2352.0,11015.300000000025,4455.766666666675,5058.280000000006,73.0,23.41269841269841,118,386,2022-02-18,pct 0.5% (fixed stop),topstep_50k
37,9,9,3,13367.300000000025,2254.0,11113.300000000025,4455.766666666675,5058.280000000006,52.0,19.642857142857142,99,405,2022-03-22,pct 0.5% (fixed stop),topstep_50k
36,10,10,3,13367.300000000025,2254.0,11113.300000000025,4455.766666666675,5058.280000000006,31.0,19.841269841269842,100,404,2022-04-21,pct 0.5% (fixed stop),topstep_50k
33,9,9,4,10674.700000000026,2107.0,8567.700000000026,2668.6750000000065,4194.360000000022,21.0,24.603174603174605,124,380,2022-05-20,pct 0.5% (fixed stop),topstep_50k
33,8,8,4,10946.30000000001,2058.0,8888.30000000001,2736.5750000000025,4194.360000000022,62.0,22.42063492063492,113,391,2022-06-22,pct 0.5% (fixed stop),topstep_50k
33,9,9,5,14656.180000000008,2107.0,12549.180000000008,2931.2360000000017,4194.360000000022,41.0,24.206349206349206,122,382,2022-07-22,pct 0.5% (fixed stop),topstep_50k
33,9,9,5,14656.180000000008,2107.0,12549.180000000008,2931.2360000000017,4194.360000000022,20.0,24.404761904761905,123,381,2022-08-22,pct 0.5% (fixed stop),topstep_50k
34,8,8,4,10541.520000000011,2107.0,8434.520000000011,2635.380000000003,4194.360000000022,239.0,21.626984126984127,109,395,2022-09-21,pct 0.5% (fixed stop),topstep_50k
33,10,10,4,10541.520000000011,2156.0,8385.520000000011,2635.380000000003,4194.360000000022,218.0,25.396825396825395,128,376,2022-10-20,pct 0.5% (fixed stop),topstep_50k
31,9,9,4,10541.520000000011,2009.0,8532.520000000011,2635.380000000003,4194.360000000022,197.0,23.41269841269841,118,386,2022-11-18,pct 0.5% (fixed stop),topstep_50k
30,9,9,5,11899.000000000007,1960.0,9939.000000000007,2379.8000000000015,4194.360000000022,176.0,25.1984126984127,127,377,2022-12-20,pct 0.5% (fixed stop),topstep_50k
29,10,10,6,14013.200000000004,1960.0,12053.200000000004,2335.533333333334,4194.360000000022,155.0,27.38095238095238,138,366,2023-01-23,pct 0.5% (fixed stop),topstep_50k
27,11,11,6,14013.200000000004,1911.0,12102.200000000004,2335.533333333334,4194.360000000022,134.0,27.57936507936508,139,365,2023-02-22,pct 0.5% (fixed stop),topstep_50k
26,11,11,6,14013.200000000004,1862.0,12151.200000000004,2335.533333333334,4194.360000000022,113.0,28.571428571428573,144,360,2023-03-23,pct 0.5% (fixed stop),topstep_50k
26,11,11,7,22880.0,1862.0,21018.0,3268.5714285714284,8866.799999999996,92.0,28.96825396825397,146,358,2023-04-24,pct 0.5% (fixed stop),topstep_50k
25,10,10,7,22880.0,1764.0,21116.0,3268.5714285714284,8866.799999999996,71.0,27.57936507936508,139,365,2023-05-23,pct 0.5% (fixed stop),topstep_50k
24,9,9,7,22880.0,1666.0,21214.0,3268.5714285714284,8866.799999999996,50.0,23.61111111111111,119,385,2023-06-23,pct 0.5% (fixed stop),topstep_50k
24,9,9,7,22880.0,1666.0,21214.0,3268.5714285714284,8866.799999999996,29.0,23.61111111111111,119,385,2023-07-25,pct 0.5% (fixed stop),topstep_50k
22,9,9,9,21769.88000000007,1666.0,20103.88000000007,2418.8755555555636,8866.799999999996,10.0,32.34126984126984,163,341,2023-08-23,pct 0.5% (fixed stop),topstep_50k
22,9,9,8,19447.040000000045,1666.0,17781.040000000045,2430.8800000000056,8866.799999999996,55.0,32.142857142857146,162,342,2023-09-22,pct 0.5% (fixed stop),topstep_50k
23,9,9,6,18685.639999999978,1617.0,17068.639999999978,3114.2733333333294,8866.799999999996,142.0,27.38095238095238,138,366,2023-10-23,pct 0.5% (fixed stop),topstep_50k
22,8,8,6,18685.639999999978,1519.0,17166.639999999978,3114.2733333333294,8866.799999999996,121.0,25.396825396825395,128,376,2023-11-21,pct 0.5% (fixed stop),topstep_50k
23,9,9,6,18685.639999999978,1617.0,17068.639999999978,3114.2733333333294,8866.799999999996,100.0,26.38888888888889,133,371,2023-12-21,pct 0.5% (fixed stop),topstep_50k
23,9,9,7,20635.200000000033,1617.0,19018.200000000033,2947.885714285719,8866.799999999996,79.0,28.76984126984127,145,359,2024-01-24,pct 0.5% (fixed stop),topstep_50k
22,10,10,7,20635.200000000033,1617.0,19018.200000000033,2947.885714285719,8866.799999999996,58.0,30.555555555555557,154,350,2024-02-23,pct 0.5% (fixed stop),topstep_50k
24,10,10,7,20635.200000000033,1715.0,18920.200000000033,2947.885714285719,8866.799999999996,37.0,30.555555555555557,154,350,2024-03-25,pct 0.5% (fixed stop),topstep_50k
22,10,10,6,20186.50000000006,1568.0,18618.50000000006,3364.4166666666765,8866.799999999996,63.0,26.58730158730159,134,370,2024-04-24,pct 0.5% (fixed stop),topstep_50k
24,11,11,6,20186.50000000006,1715.0,18471.50000000006,3364.4166666666765,8866.799999999996,42.0,28.96825396825397,146,358,2024-05-23,pct 0.5% (fixed stop),topstep_50k
22,10,10,5,16476.62000000006,1568.0,14908.62000000006,3295.3240000000123,8866.799999999996,110.0,26.58730158730159,134,370,2024-06-25,pct 0.5% (fixed stop),topstep_50k
22,9,9,5,16476.62000000006,1519.0,14957.62000000006,3295.3240000000123,8866.799999999996,89.0,24.603174603174605,124,380,2024-07-25,pct 0.5% (fixed stop),topstep_50k
21,9,9,5,16476.62000000006,1470.0,15006.62000000006,3295.3240000000123,8866.799999999996,68.0,24.603174603174605,124,380,2024-08-23,pct 0.5% (fixed stop),topstep_50k
4,0,0,0,0.0,140.0,-140.0,0.0,0.0,,0.0,0,504,2012-01-03,walk-forward (out of sample),apex_50k
3,0,0,0,0.0,105.0,-105.0,0.0,0.0,,0.0,0,504,2012-05-29,walk-forward (out of sample),apex_50k
3,0,0,0,0.0,105.0,-105.0,0.0,0.0,,0.0,0,504,2012-08-31,walk-forward (out of sample),apex_50k
3,0,0,0,0.0,105.0,-105.0,0.0,0.0,,0.0,0,504,2012-10-02,walk-forward (out of sample),apex_50k
3,0,0,0,0.0,105.0,-105.0,0.0,0.0,,0.0,0,504,2012-11-12,walk-forward (out of sample),apex_50k
3,0,0,0,0.0,105.0,-105.0,0.0,0.0,,0.0,0,504,2012-12-28,walk-forward (out of sample),apex_50k
3,0,0,0,0.0,105.0,-105.0,0.0,0.0,,0.0,0,504,2013-02-13,walk-forward (out of sample),apex_50k
3,0,0,0,0.0,105.0,-105.0,0.0,0.0,,0.0,0,504,2013-04-02,walk-forward (out of sample),apex_50k
3,0,0,0,0.0,105.0,-105.0,0.0,0.0,,0.0,0,504,2013-05-02,walk-forward (out of sample),apex_50k
3,0,0,0,0.0,105.0,-105.0,0.0,0.0,,0.0,0,504,2013-06-03,walk-forward (out of sample),apex_50k
3,0,0,0,0.0,105.0,-105.0,0.0,0.0,,0.0,0,504,2013-07-02,walk-forward (out of sample),apex_50k
3,0,0,0,0.0,105.0,-105.0,0.0,0.0,,0.0,0,504,2013-08-02,walk-forward (out of sample),apex_50k
3,0,0,0,0.0,105.0,-105.0,0.0,0.0,,0.0,0,504,2013-09-03,walk-forward (out of sample),apex_50k
3,0,0,0,0.0,105.0,-105.0,0.0,0.0,,0.0,0,504,2013-10-02,walk-forward (out of sample),apex_50k
3,0,0,0,0.0,105.0,-105.0,0.0,0.0,,0.0,0,504,2013-10-31,walk-forward (out of sample),apex_50k
3,0,0,0,0.0,105.0,-105.0,0.0,0.0,,0.0,0,504,2013-12-26,walk-forward (out of sample),apex_50k
3,0,0,0,0.0,105.0,-105.0,0.0,0.0,,0.0,0,504,2014-02-14,walk-forward (out of sample),apex_50k
3,0,0,0,0.0,105.0,-105.0,0.0,0.0,,0.0,0,504,2014-03-26,walk-forward (out of sample),apex_50k
3,0,0,0,0.0,105.0,-105.0,0.0,0.0,,0.0,0,504,2014-04-28,walk-forward (out of sample),apex_50k
3,0,0,0,0.0,105.0,-105.0,0.0,0.0,,0.0,0,504,2014-05-29,walk-forward (out of sample),apex_50k
3,0,0,0,0.0,105.0,-105.0,0.0,0.0,,0.0,0,504,2014-07-01,walk-forward (out of sample),apex_50k
3,0,0,0,0.0,105.0,-105.0,0.0,0.0,,0.0,0,504,2014-07-31,walk-forward (out of sample),apex_50k
3,0,0,0,0.0,105.0,-105.0,0.0,0.0,,0.0,0,504,2014-08-29,walk-forward (out of sample),apex_50k
3,0,0,0,0.0,105.0,-105.0,0.0,0.0,,0.0,0,504,2014-10-06,walk-forward (out of sample),apex_50k
3,0,0,0,0.0,105.0,-105.0,0.0,0.0,,0.0,0,504,2014-11-14,walk-forward (out of sample),apex_50k
3,0,0,0,0.0,105.0,-105.0,0.0,0.0,,0.0,0,504,2014-12-29,walk-forward (out of sample),apex_50k
3,0,0,0,0.0,105.0,-105.0,0.0,0.0,,0.0,0,504,2015-02-18,walk-forward (out of sample),apex_50k
3,0,0,0,0.0,105.0,-105.0,0.0,0.0,,0.0,0,504,2015-03-25,walk-forward (out of sample),apex_50k
3,0,0,0,0.0,105.0,-105.0,0.0,0.0,,0.0,0,504,2015-04-28,walk-forward (out of sample),apex_50k
3,0,0,0,0.0,105.0,-105.0,0.0,0.0,,0.0,0,504,2015-05-28,walk-forward (out of sample),apex_50k
3,0,0,0,0.0,105.0,-105.0,0.0,0.0,,0.0,0,504,2015-06-26,walk-forward (out of sample),apex_50k
3,0,0,0,0.0,105.0,-105.0,0.0,0.0,,0.0,0,504,2015-07-29,walk-forward (out of sample),apex_50k
3,0,0,0,0.0,105.0,-105.0,0.0,0.0,,0.0,0,504,2015-08-27,walk-forward (out of sample),apex_50k
3,0,0,0,0.0,105.0,-105.0,0.0,0.0,,0.0,0,504,2015-09-29,walk-forward (out of sample),apex_50k
3,0,0,0,0.0,105.0,-105.0,0.0,0.0,,0.0,0,504,2015-10-28,walk-forward (out of sample),apex_50k
3,0,0,0,0.0,105.0,-105.0,0.0,0.0,,0.0,0,504,2015-12-09,walk-forward (out of sample),apex_50k
3,0,0,0,0.0,105.0,-105.0,0.0,0.0,,0.0,0,504,2016-01-11,walk-forward (out of sample),apex_50k
3,0,0,0,0.0,105.0,-105.0,0.0,0.0,,0.0,0,504,2016-02-10,walk-forward (out of sample),apex_50k
3,0,0,0,0.0,105.0,-105.0,0.0,0.0,,0.0,0,504,2016-03-11,walk-forward (out of sample),apex_50k
2,1,1,0,0.0,240.0,-240.0,0.0,0.0,,5.158730158730159,26,478,2016-04-12,walk-forward (out of sample),apex_50k
2,1,1,0,0.0,325.0,-325.0,0.0,0.0,,9.325396825396826,47,457,2016-05-11,walk-forward (out of sample),apex_50k
2,1,1,0,0.0,410.0,-410.0,0.0,0.0,,12.698412698412698,64,440,2016-06-10,walk-forward (out of sample),apex_50k
3,0,0,0,0.0,105.0,-105.0,0.0,0.0,,0.0,0,504,2016-07-12,walk-forward (out of sample),apex_50k
3,0,0,0,0.0,105.0,-105.0,0.0,0.0,,0.0,0,504,2016-08-10,walk-forward (out of sample),apex_50k
2,1,1,0,0.0,240.0,-240.0,0.0,0.0,,5.158730158730159,26,478,2016-09-09,walk-forward (out of sample),apex_50k
2,1,1,0,0.0,240.0,-240.0,0.0,0.0,,4.563492063492063,23,481,2016-10-10,walk-forward (out of sample),apex_50k
2,1,1,1,523.5599999999831,410.0,113.55999999998312,523.5599999999831,523.5599999999831,494.0,13.492063492063492,68,436,2016-11-08,walk-forward (out of sample),apex_50k
2,1,1,2,1964.7599999999875,325.0,1639.7599999999875,982.3799999999937,1630.1599999999962,476.0,11.507936507936508,58,446,2016-12-08,walk-forward (out of sample),apex_50k
2,1,1,3,2304.5199999999822,410.0,1894.5199999999822,768.1733333333274,1630.1599999999962,455.0,15.476190476190476,78,426,2017-01-10,walk-forward (out of sample),apex_50k
2,1,1,4,4066.439999999966,665.0,3401.439999999966,1016.6099999999915,2000.0,431.0,25.99206349206349,131,373,2017-02-09,walk-forward (out of sample),apex_50k
2,1,1,4,2248.3599999999788,495.0,1753.3599999999788,562.0899999999947,1030.7599999999948,421.0,19.444444444444443,98,406,2017-03-13,walk-forward (out of sample),apex_50k
1,1,1,5,5335.959999999934,1225.0,4110.959999999934,1067.1919999999868,2000.0,383.0,55.15873015873016,278,226,2017-04-11,walk-forward (out of sample),apex_50k
1,1,1,5,5335.959999999934,1310.0,4025.9599999999336,1067.1919999999868,2000.0,362.0,59.32539682539682,299,205,2017-05-11,walk-forward (out of sample),apex_50k
3,1,1,4,2248.3599999999788,700.0,1548.3599999999788,562.0899999999947,1030.7599999999948,358.0,27.77777777777778,140,364,2017-06-12,walk-forward (out of sample),apex_50k
3,1,1,4,2631.7199999999793,700.0,1931.7199999999793,657.9299999999948,909.1199999999953,336.0,28.373015873015873,143,361,2017-07-12,walk-forward (out of sample),apex_50k
3,1,1,3,1007.0799999999799,700.0,307.0799999999799,335.6933333333266,596.3999999999942,334.0,26.984126984126984,136,368,2017-08-10,walk-forward (out of sample),apex_50k
2,1,1,4,4066.439999999966,920.0,3146.439999999966,1016.6099999999915,2000.0,284.0,38.492063492063494,194,310,2017-09-11,walk-forward (out of sample),apex_50k
2,2,2,5,3768.919999999969,920.0,2848.919999999969,753.7839999999939,1630.1599999999962,266.0,35.91269841269841,181,323,2017-10-10,walk-forward (out of sample),apex_50k
2,2,2,4,4066.439999999966,1090.0,2976.439999999966,1016.6099999999915,2000.0,242.0,44.84126984126984,226,278,2017-11-08,walk-forward (out of sample),apex_50k
2,2,2,5,3592.679999999971,1005.0,2587.679999999971,718.5359999999943,1630.1599999999962,224.0,42.857142857142854,216,288,2017-12-08,walk-forward (out of sample),apex_50k
2,2,2,5,2643.1199999999735,1005.0,1638.1199999999735,528.6239999999947,1328.439999999995,207.0,44.04761904761905,222,282,2018-01-10,walk-forward (out of sample),apex_50k
2,2,2,5,3768.919999999969,1260.0,2508.919999999969,753.7839999999939,1630.1599999999962,182.0,52.57936507936508,265,239,2018-02-09,walk-forward (out of sample),apex_50k
2,2,2,5,1995.3999999999505,1175.0,820.3999999999505,399.0799999999901,843.439999999995,170.0,50.198412698412696,253,251,2018-03-13,walk-forward (out of sample),apex_50k
2,2,2,7,4847.959999999934,1430.0,3417.9599999999336,692.5657142857048,1630.1599999999962,140.0,60.714285714285715,306,198,2018-04-12,walk-forward (out of sample),apex_50k
2,2,2,8,4902.599999999933,1345.0,3557.599999999933,612.8249999999916,1506.9999999999927,123.0,60.714285714285715,306,198,2018-05-11,walk-forward (out of sample),apex_50k
2,2,2,8,4445.839999999931,1430.0,3015.839999999931,555.7299999999914,1149.3599999999933,106.0,63.29365079365079,319,185,2018-06-12,walk-forward (out of sample),apex_50k
2,2,2,9,5946.039999999928,1515.0,4431.039999999928,660.6711111111031,1506.9999999999927,84.0,68.25396825396825,344,160,2018-07-12,walk-forward (out of sample),apex_50k
2,2,2,9,4202.239999999918,1600.0,2602.239999999918,466.91555555554646,1149.3599999999933,82.0,70.83333333333333,357,147,2018-08-10,walk-forward (out of sample),apex_50k
2,2,2,8,4867.239999999918,1685.0,3182.239999999918,608.4049999999897,1261.1599999999962,91.0,74.4047619047619,375,129,2018-09-11,walk-forward (out of sample),apex_50k
2,2,2,10,8959.759999999907,1770.0,7189.759999999907,895.9759999999908,2546.1199999999953,70.0,78.57142857142857,396,108,2018-10-10,walk-forward (out of sample),apex_50k
2,1,1,9,8548.839999999924,1260.0,7288.839999999924,949.8711111111027,2546.1199999999953,320.0,56.34920634920635,284,220,2018-11-08,walk-forward (out of sample),apex_50k
4,1,1,9,8548.839999999924,1330.0,7218.839999999924,949.8711111111027,2546.1199999999953,299.0,57.34126984126984,289,215,2018-12-11,walk-forward (out of sample),apex_50k
4,1,1,9,8548.839999999924,1330.0,7218.839999999924,949.8711111111027,2546.1199999999953,278.0,57.34126984126984,289,215,2019-01-11,walk-forward (out of sample),apex_50k
4,1,1,9,8548.839999999924,1330.0,7218.839999999924,949.8711111111027,2546.1199999999953,257.0,57.34126984126984,289,215,2019-02-12,walk-forward (out of sample),apex_50k
4,2,2,9,8934.159999999923,1415.0,7519.1599999999235,992.6844444444359,2546.1199999999953,225.0,59.12698412698413,298,206,2019-03-14,walk-forward (out of sample),apex_50k
3,2,2,8,7761.039999999928,1465.0,6296.039999999928,970.129999999991,2214.7599999999948,219.0,60.714285714285715,306,198,2019-04-12,walk-forward (out of sample),apex_50k
3,2,2,10,8727.83999999991,1550.0,7177.839999999909,872.7839999999909,2546.1199999999953,194.0,67.26190476190476,339,165,2019-05-14,walk-forward (out of sample),apex_50k
3,2,2,11,10727.83999999991,1635.0,9092.83999999991,975.2581818181735,2546.1199999999953,173.0,71.42857142857143,360,144,2019-06-13,walk-forward (out of sample),apex_50k
3,2,2,11,10727.83999999991,1720.0,9007.83999999991,975.2581818181735,2546.1199999999953,152.0,75.5952380952381,381,123,2019-07-15,walk-forward (out of sample),apex_50k
4,2,2,10,9630.399999999914,1755.0,7875.399999999914,963.0399999999914,2214.7599999999948,135.0,74.60317460317461,376,128,2019-08-13,walk-forward (out of sample),apex_50k
4,2,2,9,8771.719999999936,1415.0,7356.719999999936,974.6355555555484,2214.7599999999948,139.0,59.92063492063492,302,202,2019-09-12,walk-forward (out of sample),apex_50k
5,3,3,4,969.7599999999584,1195.0,-225.24000000004162,242.4399999999896,648.439999999995,168.0,43.25396825396825,218,286,2019-10-11,walk-forward (out of sample),apex_50k
6,3,3,4,969.7599999999584,1230.0,-260.2400000000416,242.4399999999896,648.439999999995,147.0,43.25396825396825,218,286,2019-11-11,walk-forward (out of sample),apex_50k
7,3,3,4,969.7599999999584,1265.0,-295.2400000000416,242.4399999999896,648.439999999995,126.0,43.25396825396825,218,286,2019-12-11,walk-forward (out of sample),apex_50k
8,3,3,4,3287.1599999999744,1215.0,2072.1599999999744,821.7899999999936,2000.0,177.0,44.04761904761905,222,282,2020-01-13,walk-forward (out of sample),apex_50k
8,3,3,4,3287.1599999999744,1045.0,2242.1599999999744,821.7899999999936,2000.0,156.0,34.72222222222222,175,329,2020-02-12,walk-forward (out of sample),apex_50k
10,3,3,4,3287.1599999999744,1115.0,2172.1599999999744,821.7899999999936,2000.0,135.0,33.92857142857143,171,333,2020-03-13,walk-forward (out of sample),apex_50k
9,2,2,3,925.7599999999802,910.0,15.75999999998021,308.58666666666005,648.439999999995,111.0,26.38888888888889,133,371,2020-04-14,walk-forward (out of sample),apex_50k
10,3,3,4,3287.1599999999744,1115.0,2172.1599999999744,821.7899999999936,2000.0,93.0,33.53174603174603,169,335,2020-05-13,walk-forward (out of sample),apex_50k
11,4,4,4,3287.1599999999744,1235.0,2052.1599999999744,821.7899999999936,2000.0,72.0,36.507936507936506,184,320,2020-06-12,walk-forward (out of sample),apex_50k
10,4,4,5,4108.27999999997,1285.0,2823.2799999999697,821.6559999999939,2000.0,51.0,41.07142857142857,207,297,2020-07-14,walk-forward (out of sample),apex_50k
10,4,4,2,1162.919999999991,1200.0,-37.08000000000902,581.4599999999955,648.439999999995,195.0,34.32539682539682,173,331,2020-08-12,walk-forward (out of sample),apex_50k
11,3,3,3,2693.4799999999814,1150.0,1543.4799999999814,897.8266666666605,2000.0,168.0,33.92857142857143,171,333,2020-09-11,walk-forward (out of sample),apex_50k
12,3,3,2,1162.919999999991,1015.0,147.91999999999098,581.4599999999955,648.439999999995,153.0,26.19047619047619,132,372,2020-10-12,walk-forward (out of sample),apex_50k
12,3,3,2,1162.919999999991,1015.0,147.91999999999098,581.4599999999955,648.439999999995,132.0,26.19047619047619,132,372,2020-11-10,walk-forward (out of sample),apex_50k
11,3,3,2,1162.919999999991,980.0,182.91999999999098,581.4599999999955,648.439999999995,111.0,26.19047619047619,132,372,2020-12-10,walk-forward (out of sample),apex_50k
12,4,4,2,909.2799999999916,1100.0,-190.72000000000844,454.6399999999958,514.4799999999959,90.0,27.38095238095238,138,366,2021-01-12,walk-forward (out of sample),apex_50k
12,4,4,3,718.8799999999828,1270.0,-551.1200000000172,239.62666666666095,514.4799999999959,68.0,35.91269841269841,181,323,2021-02-11,walk-forward (out of sample),apex_50k
14,4,4,1,514.4799999999959,1170.0,-655.5200000000041,514.4799999999959,514.4799999999959,328.0,27.38095238095238,138,366,2021-03-15,walk-forward (out of sample),apex_50k
15,4,4,1,514.4799999999959,1205.0,-690.5200000000041,514.4799999999959,514.4799999999959,307.0,26.19047619047619,132,372,2021-04-14,walk-forward (out of sample),apex_50k
16,4,4,1,514.4799999999959,1070.0,-555.5200000000041,514.4799999999959,514.4799999999959,286.0,20.03968253968254,101,403,2021-05-13,walk-forward (out of sample),apex_50k
16,4,4,1,514.4799999999959,1070.0,-555.5200000000041,514.4799999999959,514.4799999999959,265.0,20.03968253968254,101,403,2021-06-14,walk-forward (out of sample),apex_50k
16,4,4,1,514.4799999999959,1070.0,-555.5200000000041,514.4799999999959,514.4799999999959,244.0,20.03968253968254,101,403,2021-07-14,walk-forward (out of sample),apex_50k
17,4,4,1,514.4799999999959,1105.0,-590.5200000000041,514.4799999999959,514.4799999999959,223.0,20.03968253968254,101,403,2021-08-12,walk-forward (out of sample),apex_50k
16,5,5,1,514.4799999999959,1155.0,-640.5200000000041,514.4799999999959,514.4799999999959,202.0,22.61904761904762,114,390,2021-09-13,walk-forward (out of sample),apex_50k
16,6,6,1,514.4799999999959,1325.0,-810.5200000000041,514.4799999999959,514.4799999999959,181.0,28.174603174603174,142,362,2021-10-12,walk-forward (out of sample),apex_50k
15,5,5,1,514.4799999999959,1290.0,-775.5200000000041,514.4799999999959,514.4799999999959,160.0,30.952380952380953,156,348,2021-11-10,walk-forward (out of sample),apex_50k
14,6,6,2,612.4799999999741,1425.0,-812.5200000000259,306.23999999998705,514.4799999999959,139.0,36.507936507936506,184,320,2021-12-10,walk-forward (out of sample),apex_50k
14,5,5,2,612.4799999999741,1425.0,-812.5200000000259,306.23999999998705,514.4799999999959,118.0,39.285714285714285,198,306,2022-01-11,walk-forward (out of sample),apex_50k
14,5,5,2,612.4799999999741,1510.0,-897.5200000000259,306.23999999998705,514.4799999999959,97.0,41.86507936507937,211,293,2022-02-10,walk-forward (out of sample),apex_50k
15,5,5,2,612.4799999999741,1545.0,-932.5200000000259,306.23999999998705,514.4799999999959,76.0,41.07142857142857,207,297,2022-03-14,walk-forward (out of sample),apex_50k
15,4,4,2,612.4799999999741,1460.0,-847.5200000000259,306.23999999998705,514.4799999999959,55.0,39.48412698412698,199,305,2022-04-12,walk-forward (out of sample),apex_50k
16,4,4,2,808.7599999999657,1495.0,-686.2400000000343,404.37999999998283,710.7599999999875,40.0,38.29365079365079,193,311,2022-05-12,walk-forward (out of sample),apex_50k
18,5,5,1,97.99999999997817,1480.0,-1382.0000000000218,97.99999999997817,97.99999999997817,377.0,33.73015873015873,170,334,2022-06-13,walk-forward (out of sample),apex_50k
19,4,4,1,97.99999999997817,1430.0,-1332.0000000000218,97.99999999997817,97.99999999997817,356.0,29.96031746031746,151,353,2022-07-14,walk-forward (out of sample),apex_50k
18,4,4,1,97.99999999997817,1395.0,-1297.0000000000218,97.99999999997817,97.99999999997817,335.0,29.365079365079364,148,356,2022-08-12,walk-forward (out of sample),apex_50k
19,5,5,1,97.99999999997817,1515.0,-1417.0000000000218,97.99999999997817,97.99999999997817,314.0,31.349206349206348,158,346,2022-09-13,walk-forward (out of sample),apex_50k
19,5,5,1,97.99999999997817,1515.0,-1417.0000000000218,97.99999999997817,97.99999999997817,293.0,30.753968253968253,155,349,2022-10-12,walk-forward (out of sample),apex_50k
18,5,5,2,202.20000000004802,1565.0,-1362.799999999952,101.10000000002401,104.20000000006985,272.0,34.92063492063492,176,328,2022-11-10,walk-forward (out of sample),apex_50k
17,4,4,3,2202.200000000048,1530.0,672.200000000048,734.0666666666826,2000.0,251.0,36.111111111111114,182,322,2022-12-12,walk-forward (out of sample),apex_50k
17,5,5,4,4202.200000000048,1700.0,2502.200000000048,1050.550000000012,2000.0,230.0,42.06349206349206,212,292,2023-01-12,walk-forward (out of sample),apex_50k
16,4,4,5,6768.700000000186,1665.0,5103.700000000186,1353.7400000000373,2566.5000000001382,209.0,44.44444444444444,224,280,2023-02-13,walk-forward (out of sample),apex_50k
14,3,3,6,10104.080000000205,1595.0,8509.080000000205,1684.0133333333677,3335.380000000019,188.0,45.43650793650794,229,275,2023-03-15,walk-forward (out of sample),apex_50k
14,3,3,7,11407.060000000252,1680.0,9727.060000000252,1629.580000000036,3335.380000000019,167.0,49.6031746031746,250,254,2023-04-14,walk-forward (out of sample),apex_50k
13,3,3,8,13876.020000000273,1730.0,12146.020000000273,1734.5025000000342,3335.380000000019,146.0,53.76984126984127,271,233,2023-05-15,walk-forward (out of sample),apex_50k
13,3,3,8,13876.020000000273,1815.0,12061.020000000273,1734.5025000000342,3335.380000000019,125.0,57.53968253968254,290,214,2023-06-14,walk-forward (out of sample),apex_50k
13,3,3,8,15125.220000000285,1730.0,13395.220000000285,1890.6525000000356,3335.380000000019,122.0,55.55555555555556,280,224,2023-07-17,walk-forward (out of sample),apex_50k
13,3,3,8,13876.020000000273,1815.0,12061.020000000273,1734.5025000000342,3335.380000000019,83.0,57.53968253968254,290,214,2023-08-15,walk-forward (out of sample),apex_50k
14,3,3,7,13778.020000000295,1425.0,12353.020000000295,1968.2885714286135,3335.380000000019,290.0,37.698412698412696,190,314,2023-09-14,walk-forward (out of sample),apex_50k
14,3,3,7,13778.020000000295,1340.0,12438.020000000295,1968.2885714286135,3335.380000000019,269.0,35.714285714285715,180,324,2023-10-13,walk-forward (out of sample),apex_50k
15,3,3,7,13778.020000000295,1460.0,12318.020000000295,1968.2885714286135,3335.380000000019,248.0,39.682539682539684,200,304,2023-11-13,walk-forward (out of sample),apex_50k
16,3,3,7,13778.020000000295,1495.0,12283.020000000295,1968.2885714286135,3335.380000000019,227.0,39.682539682539684,200,304,2023-12-13,walk-forward (out of sample),apex_50k
16,3,3,7,13778.020000000295,1495.0,12283.020000000295,1968.2885714286135,3335.380000000019,206.0,39.682539682539684,200,304,2024-01-16,walk-forward (out of sample),apex_50k
14,4,4,7,13778.020000000295,1510.0,12268.020000000295,1968.2885714286135,3335.380000000019,185.0,42.857142857142854,216,288,2024-02-14,walk-forward (out of sample),apex_50k
12,4,4,7,13778.020000000295,1525.0,12253.020000000295,1968.2885714286135,3335.380000000019,164.0,47.023809523809526,237,267,2024-03-15,walk-forward (out of sample),apex_50k
11,4,4,8,14075.94000000038,1575.0,12500.94000000038,1759.4925000000476,3335.380000000019,143.0,51.19047619047619,258,246,2024-04-16,walk-forward (out of sample),apex_50k
11,4,4,9,14899.820000000407,1660.0,13239.820000000407,1655.5355555556007,3335.380000000019,122.0,55.357142857142854,279,225,2024-05-15,walk-forward (out of sample),apex_50k
10,4,4,9,14899.820000000407,1710.0,13189.820000000407,1655.5355555556007,3335.380000000019,101.0,59.523809523809526,300,204,2024-06-14,walk-forward (out of sample),apex_50k
8,3,3,9,14899.820000000407,1640.0,13259.820000000407,1655.5355555556007,3335.380000000019,80.0,62.301587301587304,314,190,2024-07-17,walk-forward (out of sample),apex_50k
4,0,0,0,0.0,196.0,-196.0,0.0,0.0,,0.0,0,504,2012-01-03,walk-forward (out of sample),topstep_50k
4,0,0,0,0.0,196.0,-196.0,0.0,0.0,,0.0,0,504,2012-05-29,walk-forward (out of sample),topstep_50k
3,0,0,0,0.0,147.0,-147.0,0.0,0.0,,0.0,0,504,2012-08-31,walk-forward (out of sample),topstep_50k
3,0,0,0,0.0,147.0,-147.0,0.0,0.0,,0.0,0,504,2012-10-02,walk-forward (out of sample),topstep_50k
3,0,0,0,0.0,147.0,-147.0,0.0,0.0,,0.0,0,504,2012-11-12,walk-forward (out of sample),topstep_50k
3,0,0,0,0.0,147.0,-147.0,0.0,0.0,,0.0,0,504,2012-12-28,walk-forward (out of sample),topstep_50k
3,0,0,0,0.0,147.0,-147.0,0.0,0.0,,0.0,0,504,2013-02-13,walk-forward (out of sample),topstep_50k
3,0,0,0,0.0,147.0,-147.0,0.0,0.0,,0.0,0,504,2013-04-02,walk-forward (out of sample),topstep_50k
3,0,0,0,0.0,147.0,-147.0,0.0,0.0,,0.0,0,504,2013-05-02,walk-forward (out of sample),topstep_50k
3,0,0,0,0.0,147.0,-147.0,0.0,0.0,,0.0,0,504,2013-06-03,walk-forward (out of sample),topstep_50k
3,0,0,0,0.0,147.0,-147.0,0.0,0.0,,0.0,0,504,2013-07-02,walk-forward (out of sample),topstep_50k
3,0,0,0,0.0,147.0,-147.0,0.0,0.0,,0.0,0,504,2013-08-02,walk-forward (out of sample),topstep_50k
3,0,0,0,0.0,147.0,-147.0,0.0,0.0,,0.0,0,504,2013-09-03,walk-forward (out of sample),topstep_50k
3,0,0,0,0.0,147.0,-147.0,0.0,0.0,,0.0,0,504,2013-10-02,walk-forward (out of sample),topstep_50k
3,0,0,0,0.0,147.0,-147.0,0.0,0.0,,0.0,0,504,2013-10-31,walk-forward (out of sample),topstep_50k
3,0,0,0,0.0,147.0,-147.0,0.0,0.0,,0.0,0,504,2013-12-26,walk-forward (out of sample),topstep_50k
3,0,0,0,0.0,147.0,-147.0,0.0,0.0,,0.0,0,504,2014-02-14,walk-forward (out of sample),topstep_50k
3,0,0,0,0.0,147.0,-147.0,0.0,0.0,,0.0,0,504,2014-03-26,walk-forward (out of sample),topstep_50k
3,0,0,0,0.0,147.0,-147.0,0.0,0.0,,0.0,0,504,2014-04-28,walk-forward (out of sample),topstep_50k
3,0,0,0,0.0,147.0,-147.0,0.0,0.0,,0.0,0,504,2014-05-29,walk-forward (out of sample),topstep_50k
3,0,0,0,0.0,147.0,-147.0,0.0,0.0,,0.0,0,504,2014-07-01,walk-forward (out of sample),topstep_50k
3,0,0,0,0.0,147.0,-147.0,0.0,0.0,,0.0,0,504,2014-07-31,walk-forward (out of sample),topstep_50k
3,0,0,0,0.0,147.0,-147.0,0.0,0.0,,0.0,0,504,2014-08-29,walk-forward (out of sample),topstep_50k
3,0,0,0,0.0,147.0,-147.0,0.0,0.0,,0.0,0,504,2014-10-06,walk-forward (out of sample),topstep_50k
3,0,0,0,0.0,147.0,-147.0,0.0,0.0,,0.0,0,504,2014-11-14,walk-forward (out of sample),topstep_50k
3,0,0,0,0.0,147.0,-147.0,0.0,0.0,,0.0,0,504,2014-12-29,walk-forward (out of sample),topstep_50k
3,0,0,0,0.0,147.0,-147.0,0.0,0.0,,0.0,0,504,2015-02-18,walk-forward (out of sample),topstep_50k
3,0,0,0,0.0,147.0,-147.0,0.0,0.0,,0.0,0,504,2015-03-25,walk-forward (out of sample),topstep_50k
3,0,0,0,0.0,147.0,-147.0,0.0,0.0,,0.0,0,504,2015-04-28,walk-forward (out of sample),topstep_50k
3,0,0,0,0.0,147.0,-147.0,0.0,0.0,,0.0,0,504,2015-05-28,walk-forward (out of sample),topstep_50k
3,0,0,0,0.0,147.0,-147.0,0.0,0.0,,0.0,0,504,2015-06-26,walk-forward (out of sample),topstep_50k
3,0,0,0,0.0,147.0,-147.0,0.0,0.0,,0.0,0,504,2015-07-29,walk-forward (out of sample),topstep_50k
3,0,0,0,0.0,147.0,-147.0,0.0,0.0,,0.0,0,504,2015-08-27,walk-forward (out of sample),topstep_50k
3,0,0,0,0.0,147.0,-147.0,0.0,0.0,,0.0,0,504,2015-09-29,walk-forward (out of sample),topstep_50k
3,0,0,0,0.0,147.0,-147.0,0.0,0.0,,0.0,0,504,2015-10-28,walk-forward (out of sample),topstep_50k
3,0,0,0,0.0,147.0,-147.0,0.0,0.0,,0.0,0,504,2015-12-09,walk-forward (out of sample),topstep_50k
3,0,0,0,0.0,147.0,-147.0,0.0,0.0,,0.0,0,504,2016-01-11,walk-forward (out of sample),topstep_50k
3,0,0,0,0.0,147.0,-147.0,0.0,0.0,,0.0,0,504,2016-02-10,walk-forward (out of sample),topstep_50k
3,0,0,0,0.0,147.0,-147.0,0.0,0.0,,0.0,0,504,2016-03-11,walk-forward (out of sample),topstep_50k
2,1,1,0,0.0,196.0,-196.0,0.0,0.0,,5.158730158730159,26,478,2016-04-12,walk-forward (out of sample),topstep_50k
3,1,1,0,0.0,245.0,-245.0,0.0,0.0,,5.9523809523809526,30,474,2016-05-11,walk-forward (out of sample),topstep_50k
3,0,0,0,0.0,147.0,-147.0,0.0,0.0,,0.0,0,504,2016-06-10,walk-forward (out of sample),topstep_50k
3,0,0,0,0.0,147.0,-147.0,0.0,0.0,,0.0,0,504,2016-07-12,walk-forward (out of sample),topstep_50k
3,1,1,0,0.0,196.0,-196.0,0.0,0.0,,0.9920634920634921,5,499,2016-08-10,walk-forward (out of sample),topstep_50k
3,1,1,0,0.0,245.0,-245.0,0.0,0.0,,5.158730158730159,26,478,2016-09-09,walk-forward (out of sample),topstep_50k
3,1,1,1,71.0799999999872,294.0,-222.9200000000128,71.0799999999872,71.0799999999872,501.0,9.325396825396826,47,457,2016-10-10,walk-forward (out of sample),topstep_50k
4,1,1,2,2153.2399999999834,343.0,1810.2399999999834,1076.6199999999917,2082.159999999996,480.0,11.507936507936508,58,446,2016-11-08,walk-forward (out of sample),topstep_50k
4,1,1,2,2153.2399999999834,343.0,1810.2399999999834,1076.6199999999917,2082.159999999996,459.0,11.507936507936508,58,446,2016-12-08,walk-forward (out of sample),topstep_50k
4,2,2,3,3157.319999999978,441.0,2716.319999999978,1052.4399999999926,2721.159999999996,439.0,15.873015873015873,80,424,2017-01-10,walk-forward (out of sample),topstep_50k
3,2,2,3,2207.039999999979,392.0,1815.039999999979,735.679999999993,2082.159999999996,417.0,17.658730158730158,89,415,2017-02-09,walk-forward (out of sample),topstep_50k
3,2,2,4,2273.239999999969,441.0,1832.2399999999689,568.3099999999922,2082.159999999996,396.0,21.825396825396826,110,394,2017-03-13,walk-forward (out of sample),topstep_50k
4,3,3,4,3634.439999999973,637.0,2997.439999999973,908.6099999999933,2721.159999999996,376.0,33.13492063492063,167,337,2017-04-11,walk-forward (out of sample),topstep_50k
4,3,3,4,3634.439999999973,637.0,2997.439999999973,908.6099999999933,2721.159999999996,355.0,33.13492063492063,167,337,2017-05-11,walk-forward (out of sample),topstep_50k
5,2,2,4,2273.239999999969,588.0,1685.2399999999689,568.3099999999922,2082.159999999996,333.0,25.396825396825395,128,376,2017-06-12,walk-forward (out of sample),topstep_50k
5,2,2,4,2273.239999999969,588.0,1685.2399999999689,568.3099999999922,2082.159999999996,312.0,25.396825396825395,128,376,2017-07-12,walk-forward (out of sample),topstep_50k
5,2,2,4,2273.239999999969,588.0,1685.2399999999689,568.3099999999922,2082.159999999996,291.0,25.396825396825395,128,376,2017-08-10,walk-forward (out of sample),topstep_50k
5,2,2,4,2273.239999999969,588.0,1685.2399999999689,568.3099999999922,2082.159999999996,270.0,25.396825396825395,128,376,2017-09-11,walk-forward (out of sample),topstep_50k
5,3,3,4,2273.239999999969,637.0,1636.2399999999689,568.3099999999922,2082.159999999996,249.0,27.77777777777778,140,364,2017-10-10,walk-forward (out of sample),topstep_50k
6,3,3,5,3824.0399999999645,686.0,3138.0399999999645,764.807999999993,2082.159999999996,228.0,28.96825396825397,146,358,2017-11-08,walk-forward (out of sample),topstep_50k
6,3,3,5,3824.0399999999645,686.0,3138.0399999999645,764.807999999993,2082.159999999996,207.0,28.96825396825397,146,358,2017-12-08,walk-forward (out of sample),topstep_50k
6,3,3,5,5185.239999999969,686.0,4499.239999999969,1037.0479999999939,2721.159999999996,187.0,30.753968253968253,155,349,2018-01-10,walk-forward (out of sample),topstep_50k
6,3,3,5,5185.239999999969,686.0,4499.239999999969,1037.0479999999939,2721.159999999996,166.0,30.753968253968253,155,349,2018-02-09,walk-forward (out of sample),topstep_50k
6,3,3,5,3824.0399999999645,686.0,3138.0399999999645,764.807999999993,2082.159999999996,144.0,28.96825396825397,146,358,2018-03-13,walk-forward (out of sample),topstep_50k
4,3,3,4,5018.39999999998,392.0,4626.39999999998,1254.599999999995,2461.519999999997,131.0,15.079365079365079,76,428,2018-04-12,walk-forward (out of sample),topstep_50k
5,4,4,4,4760.4399999999805,588.0,4172.4399999999805,1190.1099999999951,2529.159999999996,119.0,25.0,126,378,2018-05-11,walk-forward (out of sample),topstep_50k
5,3,3,4,4064.7199999999793,588.0,3476.7199999999793,1016.1799999999948,2205.199999999997,101.0,21.626984126984127,109,395,2018-06-12,walk-forward (out of sample),topstep_50k
6,3,3,6,6522.839999999975,539.0,5983.839999999975,1087.1399999999958,2461.519999999997,79.0,18.452380952380953,93,411,2018-07-12,walk-forward (out of sample),topstep_50k
8,3,3,6,5826.519999999975,637.0,5189.519999999975,971.0866666666625,1765.199999999997,63.0,19.246031746031747,97,407,2018-08-10,walk-forward (out of sample),topstep_50k
8,4,4,7,6887.079999999973,686.0,6201.079999999973,983.8685714285675,1896.199999999997,45.0,21.825396825396826,110,394,2018-09-11,walk-forward (out of sample),topstep_50k
9,4,4,9,10605.719999999965,784.0,9821.719999999965,1178.4133333333293,2614.159999999996,24.0,25.396825396825395,128,376,2018-10-10,walk-forward (out of sample),topstep_50k
9,3,3,8,8709.519999999968,735.0,7974.519999999968,1088.689999999996,2614.159999999996,234.0,23.214285714285715,117,387,2018-11-08,walk-forward (out of sample),topstep_50k
11,3,3,8,8709.519999999968,833.0,7876.519999999968,1088.689999999996,2614.159999999996,213.0,23.214285714285715,117,387,2018-12-11,walk-forward (out of sample),topstep_50k
11,3,3,8,8709.519999999968,833.0,7876.519999999968,1088.689999999996,2614.159999999996,192.0,23.214285714285715,117,387,2019-01-11,walk-forward (out of sample),topstep_50k
9,3,3,6,6564.039999999957,931.0,5633.039999999957,1094.0066666666596,2614.159999999996,204.0,34.12698412698413,172,332,2019-02-12,walk-forward (out of sample),topstep_50k
10,3,3,6,6507.719999999972,882.0,5625.719999999972,1084.6199999999953,2614.159999999996,158.0,26.58730158730159,134,370,2019-03-14,walk-forward (out of sample),topstep_50k
10,3,3,8,8709.519999999968,784.0,7925.519999999968,1088.689999999996,2614.159999999996,129.0,23.214285714285715,117,387,2019-04-12,walk-forward (out of sample),topstep_50k
9,4,4,8,9010.119999999966,882.0,8128.119999999966,1126.2649999999958,2614.159999999996,116.0,30.555555555555557,154,350,2019-05-14,walk-forward (out of sample),topstep_50k
10,4,4,9,11167.999999999964,980.0,10187.999999999964,1240.8888888888848,2614.159999999996,95.0,32.53968253968254,164,340,2019-06-13,walk-forward (out of sample),topstep_50k
10,4,4,9,11167.999999999964,980.0,10187.999999999964,1240.8888888888848,2614.159999999996,74.0,32.53968253968254,164,340,2019-07-15,walk-forward (out of sample),topstep_50k
10,4,4,9,12129.759999999951,980.0,11149.759999999951,1347.7511111111057,2614.159999999996,106.0,35.714285714285715,180,324,2019-08-13,walk-forward (out of sample),topstep_50k
10,3,3,7,11137.599999999977,735.0,10402.599999999977,1591.085714285711,2614.159999999996,114.0,16.666666666666668,84,420,2019-09-12,walk-forward (out of sample),topstep_50k
11,3,3,8,10474.95999999997,882.0,9592.95999999997,1309.3699999999963,2614.159999999996,116.0,21.626984126984127,109,395,2019-10-11,walk-forward (out of sample),topstep_50k
12,3,3,8,10474.95999999997,931.0,9543.95999999997,1309.3699999999963,2614.159999999996,95.0,21.626984126984127,109,395,2019-11-11,walk-forward (out of sample),topstep_50k
14,3,3,8,10474.95999999997,1029.0,9445.95999999997,1309.3699999999963,2614.159999999996,74.0,21.626984126984127,109,395,2019-12-11,walk-forward (out of sample),topstep_50k
13,3,3,9,10264.519999999968,980.0,9284.519999999968,1140.5022222222187,2614.159999999996,74.0,25.0,126,378,2020-01-13,walk-forward (out of sample),topstep_50k
13,3,3,6,9308.479999999981,882.0,8426.479999999981,1551.4133333333302,2614.159999999996,137.0,15.674603174603174,79,425,2020-02-12,walk-forward (out of sample),topstep_50k
15,3,3,6,9308.479999999981,980.0,8328.479999999981,1551.4133333333302,2614.159999999996,116.0,14.880952380952381,75,429,2020-03-13,walk-forward (out of sample),topstep_50k
15,2,2,6,9308.479999999981,931.0,8377.479999999981,1551.4133333333302,2614.159999999996,95.0,13.095238095238095,66,438,2020-04-14,walk-forward (out of sample),topstep_50k
15,3,3,6,9308.479999999981,980.0,8328.479999999981,1551.4133333333302,2614.159999999996,74.0,14.484126984126984,73,431,2020-05-13,walk-forward (out of sample),topstep_50k
17,4,4,7,10899.419999999991,1127.0,9772.419999999991,1557.0599999999988,2614.159999999996,53.0,17.261904761904763,87,417,2020-06-12,walk-forward (out of sample),topstep_50k
15,5,5,6,9632.219999999994,1078.0,8554.219999999994,1605.369999999999,2755.479999999996,37.0,15.476190476190476,78,426,2020-07-14,walk-forward (out of sample),topstep_50k
16,5,5,5,8148.699999999997,1078.0,7070.699999999997,1629.7399999999993,2157.8799999999974,31.0,16.666666666666668,84,420,2020-08-12,walk-forward (out of sample),topstep_50k
16,4,4,4,6251.220000000001,1029.0,5222.220000000001,1562.8050000000003,2157.8799999999974,157.0,13.69047619047619,69,435,2020-09-11,walk-forward (out of sample),topstep_50k
18,4,4,4,6251.220000000001,1127.0,5124.220000000001,1562.8050000000003,2157.8799999999974,136.0,13.69047619047619,69,435,2020-10-12,walk-forward (out of sample),topstep_50k
17,4,4,3,5111.340000000004,1029.0,4082.340000000004,1703.7800000000013,2745.199999999997,124.0,11.904761904761905,60,444,2020-11-10,walk-forward (out of sample),topstep_50k
16,4,4,3,5090.340000000004,980.0,4110.340000000004,1696.7800000000013,2157.8799999999974,105.0,11.904761904761905,60,444,2020-12-10,walk-forward (out of sample),topstep_50k
17,5,5,3,4805.940000000002,1127.0,3678.9400000000023,1601.9800000000007,1726.479999999996,86.0,14.484126984126984,73,431,2021-01-12,walk-forward (out of sample),topstep_50k
18,5,5,3,5111.340000000004,1127.0,3984.340000000004,1703.7800000000013,2745.199999999997,61.0,14.880952380952381,75,429,2021-02-11,walk-forward (out of sample),topstep_50k
19,5,5,2,3736.780000000006,1176.0,2560.780000000006,1868.390000000003,2145.8399999999965,48.0,13.293650793650794,67,437,2021-03-15,walk-forward (out of sample),topstep_50k
20,5,5,2,3748.820000000007,1225.0,2523.820000000007,1874.4100000000035,2157.8799999999974,30.0,12.698412698412698,64,440,2021-04-14,walk-forward (out of sample),topstep_50k
19,4,4,1,1590.9400000000096,1127.0,463.9400000000096,1590.9400000000096,1590.9400000000096,271.0,10.714285714285714,54,450,2021-05-13,walk-forward (out of sample),topstep_50k
21,4,4,1,1590.9400000000096,1225.0,365.9400000000096,1590.9400000000096,1590.9400000000096,250.0,10.714285714285714,54,450,2021-06-14,walk-forward (out of sample),topstep_50k
20,4,4,1,1590.9400000000096,1176.0,414.9400000000096,1590.9400000000096,1590.9400000000096,229.0,10.714285714285714,54,450,2021-07-14,walk-forward (out of sample),topstep_50k
21,4,4,1,1590.9400000000096,1225.0,365.9400000000096,1590.9400000000096,1590.9400000000096,208.0,10.714285714285714,54,450,2021-08-12,walk-forward (out of sample),topstep_50k
20,5,5,2,2332.4600000000064,1225.0,1107.4600000000064,1166.2300000000032,1590.9400000000096,187.0,13.293650793650794,67,437,2021-09-13,walk-forward (out of sample),topstep_50k
20,5,5,3,2748.9000000000015,1274.0,1474.9000000000015,916.3000000000005,1590.9400000000096,166.0,17.46031746031746,88,416,2021-10-12,walk-forward (out of sample),topstep_50k
20,6,6,4,3139.699999999997,1372.0,1767.699999999997,784.9249999999993,1590.9400000000096,145.0,21.23015873015873,107,397,2021-11-10,walk-forward (out of sample),topstep_50k
18,6,6,4,3139.699999999997,1274.0,1865.699999999997,784.9249999999993,1590.9400000000096,124.0,21.03174603174603,106,398,2021-12-10,walk-forward (out of sample),topstep_50k
18,6,6,4,3139.699999999997,1274.0,1865.699999999997,784.9249999999993,1590.9400000000096,103.0,20.634920634920636,104,400,2022-01-11,walk-forward (out of sample),topstep_50k
19,6,6,4,3139.699999999997,1323.0,1816.699999999997,784.9249999999993,1590.9400000000096,82.0,21.626984126984127,109,395,2022-02-10,walk-forward (out of sample),topstep_50k
20,6,6,4,3139.699999999997,1372.0,1767.699999999997,784.9249999999993,1590.9400000000096,61.0,20.833333333333332,105,399,2022-03-14,walk-forward (out of sample),topstep_50k
20,5,5,4,3139.699999999997,1323.0,1816.699999999997,784.9249999999993,1590.9400000000096,40.0,19.246031746031747,97,407,2022-04-12,walk-forward (out of sample),topstep_50k
20,5,5,5,3640.9599999999773,1372.0,2268.9599999999773,728.1919999999955,1766.0799999999872,27.0,21.03174603174603,106,398,2022-05-12,walk-forward (out of sample),topstep_50k
20,4,4,3,1548.7599999999875,1274.0,274.7599999999875,516.2533333333291,741.5199999999968,313.0,17.658730158730158,89,415,2022-06-13,walk-forward (out of sample),topstep_50k
21,3,3,3,1548.7599999999875,1274.0,274.7599999999875,516.2533333333291,741.5199999999968,292.0,13.88888888888889,70,434,2022-07-14,walk-forward (out of sample),topstep_50k
20,4,4,3,1548.7599999999875,1274.0,274.7599999999875,516.2533333333291,741.5199999999968,271.0,15.277777777777779,77,427,2022-08-12,walk-forward (out of sample),topstep_50k
21,5,5,3,1548.7599999999875,1372.0,176.75999999998749,516.2533333333291,741.5199999999968,250.0,17.261904761904763,87,417,2022-09-13,walk-forward (out of sample),topstep_50k
22,5,5,3,1548.7599999999875,1421.0,127.75999999998749,516.2533333333291,741.5199999999968,229.0,16.46825396825397,83,421,2022-10-12,walk-forward (out of sample),topstep_50k
21,6,6,4,4136.860000000008,1421.0,2715.860000000008,1034.215000000002,2588.1000000000204,208.0,18.055555555555557,91,413,2022-11-10,walk-forward (out of sample),topstep_50k
21,6,6,4,4136.860000000008,1421.0,2715.860000000008,1034.215000000002,2588.1000000000204,187.0,17.857142857142858,90,414,2022-12-12,walk-forward (out of sample),topstep_50k
22,7,7,5,5081.3600000000515,1519.0,3562.3600000000515,1016.2720000000103,2588.1000000000204,166.0,20.436507936507937,103,401,2023-01-12,walk-forward (out of sample),topstep_50k
21,6,6,5,5081.3600000000515,1421.0,3660.3600000000515,1016.2720000000103,2588.1000000000204,145.0,18.849206349206348,95,409,2023-02-13,walk-forward (out of sample),topstep_50k
19,7,7,5,5081.3600000000515,1372.0,3709.3600000000515,1016.2720000000103,2588.1000000000204,124.0,22.22222222222222,112,392,2023-03-15,walk-forward (out of sample),topstep_50k
20,7,7,6,6067.320000000087,1421.0,4646.320000000087,1011.2200000000145,2588.1000000000204,103.0,22.817460317460316,115,389,2023-04-14,walk-forward (out of sample),topstep_50k
19,8,8,6,6067.320000000087,1421.0,4646.320000000087,1011.2200000000145,2588.1000000000204,82.0,23.61111111111111,119,385,2023-05-15,walk-forward (out of sample),topstep_50k
19,8,8,6,6067.320000000087,1421.0,4646.320000000087,1011.2200000000145,2588.1000000000204,61.0,26.38888888888889,133,371,2023-06-14,walk-forward (out of sample),topstep_50k
19,8,8,6,6067.320000000087,1421.0,4646.320000000087,1011.2200000000145,2588.1000000000204,40.0,26.38888888888889,133,371,2023-07-17,walk-forward (out of sample),topstep_50k
19,8,8,6,6067.320000000087,1421.0,4646.320000000087,1011.2200000000145,2588.1000000000204,19.0,26.38888888888889,133,371,2023-08-15,walk-forward (out of sample),topstep_50k
18,7,7,3,4518.5600000000995,1225.0,3293.5600000000995,1506.1866666667,2588.1000000000204,293.0,17.261904761904763,87,417,2023-09-14,walk-forward (out of sample),topstep_50k
18,6,6,3,4518.5600000000995,1176.0,3342.5600000000995,1506.1866666667,2588.1000000000204,272.0,15.476190476190476,78,426,2023-10-13,walk-forward (out of sample),topstep_50k
18,6,6,3,4518.5600000000995,1176.0,3342.5600000000995,1506.1866666667,2588.1000000000204,251.0,15.476190476190476,78,426,2023-11-13,walk-forward (out of sample),topstep_50k
20,6,6,3,4518.5600000000995,1274.0,3244.5600000000995,1506.1866666667,2588.1000000000204,230.0,15.476190476190476,78,426,2023-12-13,walk-forward (out of sample),topstep_50k
20,6,6,3,4518.5600000000995,1274.0,3244.5600000000995,1506.1866666667,2588.1000000000204,209.0,15.476190476190476,78,426,2024-01-16,walk-forward (out of sample),topstep_50k
18,7,7,4,5159.560000000121,1225.0,3934.5600000001214,1289.8900000000303,2588.1000000000204,188.0,18.650793650793652,94,410,2024-02-14,walk-forward (out of sample),topstep_50k
16,7,7,4,5159.560000000121,1176.0,3983.5600000001214,1289.8900000000303,2588.1000000000204,167.0,22.817460317460316,115,389,2024-03-15,walk-forward (out of sample),topstep_50k
16,8,8,5,5640.0400000001755,1225.0,4415.0400000001755,1128.008000000035,2588.1000000000204,146.0,25.0,126,378,2024-04-16,walk-forward (out of sample),topstep_50k
17,8,8,5,5640.0400000001755,1274.0,4366.0400000001755,1128.008000000035,2588.1000000000204,125.0,25.1984126984127,127,377,2024-05-15,walk-forward (out of sample),topstep_50k
17,8,8,5,5640.0400000001755,1274.0,4366.0400000001755,1128.008000000035,2588.1000000000204,104.0,25.1984126984127,127,377,2024-06-14,walk-forward (out of sample),topstep_50k
15,7,7,5,5640.0400000001755,1127.0,4513.0400000001755,1128.008000000035,2588.1000000000204,83.0,23.80952380952381,120,384,2024-07-17,walk-forward (out of sample),topstep_50k
2,2,2,5,2643.1199999999735,1005.0,1638.1199999999735,528.6239999999947,1328.439999999995,213.0,42.857142857142854,216,288,2018-01-02,holdout: fixed 2 (out of sample),apex_50k
2,2,2,4,4066.439999999966,1345.0,2721.439999999966,1016.6099999999915,2000.0,185.0,56.15079365079365,283,221,2018-02-01,holdout: fixed 2 (out of sample),apex_50k
2,2,2,5,2750.519999999953,1175.0,1575.5199999999531,550.1039999999906,909.1199999999953,174.0,50.3968253968254,254,250,2018-03-05,holdout: fixed 2 (out of sample),apex_50k
2,2,2,7,4847.959999999934,1430.0,3417.9599999999336,692.5657142857048,1630.1599999999962,146.0,59.523809523809526,300,204,2018-04-04,holdout: fixed 2 (out of sample),apex_50k
2,2,2,7,4300.839999999938,1345.0,2955.8399999999383,614.4057142857055,1149.3599999999933,133.0,57.93650793650794,292,212,2018-05-03,holdout: fixed 2 (out of sample),apex_50k
2,2,2,8,5352.559999999932,1430.0,3922.559999999932,669.0699999999915,1506.9999999999927,111.0,62.8968253968254,317,187,2018-06-04,holdout: fixed 2 (out of sample),apex_50k
2,2,2,10,6106.679999999913,1685.0,4421.679999999913,610.6679999999913,1630.1599999999962,83.0,72.22222222222223,364,140,2018-07-03,holdout: fixed 2 (out of sample),apex_50k
2,2,2,9,4202.239999999918,1600.0,2602.239999999918,466.91555555554646,1149.3599999999933,88.0,69.64285714285714,351,153,2018-08-02,holdout: fixed 2 (out of sample),apex_50k
2,2,2,10,5463.399999999914,1685.0,3778.399999999914,546.3399999999914,1261.1599999999962,67.0,73.80952380952381,372,132,2018-08-31,holdout: fixed 2 (out of sample),apex_50k
2,2,2,11,7009.799999999908,1770.0,5239.799999999908,637.2545454545372,1546.3999999999942,46.0,77.97619047619048,393,111,2018-10-02,holdout: fixed 2 (out of sample),apex_50k
2,2,2,9,8548.839999999924,1600.0,6948.839999999924,949.8711111111027,2546.1199999999953,326.0,70.43650793650794,355,149,2018-10-31,holdout: fixed 2 (out of sample),apex_50k
3,1,1,9,8548.839999999924,1295.0,7253.839999999924,949.8711111111027,2546.1199999999953,305.0,57.34126984126984,289,215,2018-11-30,holdout: fixed 2 (out of sample),apex_50k
4,1,1,9,8548.839999999924,1330.0,7218.839999999924,949.8711111111027,2546.1199999999953,284.0,57.34126984126984,289,215,2019-01-03,holdout: fixed 2 (out of sample),apex_50k
4,1,1,9,8548.839999999924,1330.0,7218.839999999924,949.8711111111027,2546.1199999999953,263.0,57.34126984126984,289,215,2019-02-04,holdout: fixed 2 (out of sample),apex_50k
4,2,2,9,8934.159999999923,1415.0,7519.1599999999235,992.6844444444359,2546.1199999999953,231.0,57.93650793650794,292,212,2019-03-06,holdout: fixed 2 (out of sample),apex_50k
3,2,2,8,7761.039999999928,1465.0,6296.039999999928,970.129999999991,2214.7599999999948,225.0,59.523809523809526,300,204,2019-04-04,holdout: fixed 2 (out of sample),apex_50k
3,2,2,8,7451.399999999929,1550.0,5901.399999999929,931.4249999999911,2214.7599999999948,204.0,63.29365079365079,319,185,2019-05-06,holdout: fixed 2 (out of sample),apex_50k
3,2,2,11,10727.83999999991,1635.0,9092.83999999991,975.2581818181735,2546.1199999999953,179.0,70.23809523809524,354,150,2019-06-05,holdout: fixed 2 (out of sample),apex_50k
3,2,2,11,10727.83999999991,1720.0,9007.83999999991,975.2581818181735,2546.1199999999953,158.0,74.4047619047619,375,129,2019-07-05,holdout: fixed 2 (out of sample),apex_50k
4,2,2,9,9357.879999999932,1500.0,7857.879999999932,1039.7644444444368,2214.7599999999948,164.0,62.5,315,189,2019-08-05,holdout: fixed 2 (out of sample),apex_50k
4,2,2,9,8771.719999999936,1415.0,7356.719999999936,974.6355555555484,2214.7599999999948,145.0,59.92063492063492,302,202,2019-09-04,holdout: fixed 2 (out of sample),apex_50k
5,3,3,4,969.7599999999584,1195.0,-225.24000000004162,242.4399999999896,648.439999999995,174.0,43.25396825396825,218,286,2019-10-03,holdout: fixed 2 (out of sample),apex_50k
6,3,3,4,969.7599999999584,1230.0,-260.2400000000416,242.4399999999896,648.439999999995,153.0,43.25396825396825,218,286,2019-11-01,holdout: fixed 2 (out of sample),apex_50k
7,3,3,4,969.7599999999584,1265.0,-295.2400000000416,242.4399999999896,648.439999999995,132.0,43.25396825396825,218,286,2019-12-03,holdout: fixed 2 (out of sample),apex_50k
7,3,3,4,969.7599999999584,1265.0,-295.2400000000416,242.4399999999896,648.439999999995,111.0,43.25396825396825,218,286,2020-01-03,holdout: fixed 2 (out of sample),apex_50k
9,3,3,4,3287.1599999999744,1080.0,2207.1599999999744,821.7899999999936,2000.0,162.0,34.72222222222222,175,329,2020-02-04,holdout: fixed 2 (out of sample),apex_50k
9,2,2,3,925.7599999999802,910.0,15.75999999998021,308.58666666666005,648.439999999995,138.0,26.38888888888889,133,371,2020-03-05,holdout: fixed 2 (out of sample),apex_50k
10,2,2,4,3287.1599999999744,1030.0,2257.1599999999744,821.7899999999936,2000.0,120.0,32.142857142857146,162,342,2020-04-03,holdout: fixed 2 (out of sample),apex_50k
10,3,3,4,3287.1599999999744,1115.0,2172.1599999999744,821.7899999999936,2000.0,99.0,33.92857142857143,171,333,2020-05-05,holdout: fixed 2 (out of sample),apex_50k
11,4,4,4,3287.1599999999744,1235.0,2052.1599999999744,821.7899999999936,2000.0,78.0,36.507936507936506,184,320,2020-06-04,holdout: fixed 2 (out of sample),apex_50k
10,4,4,1,648.439999999995,1115.0,-466.56000000000495,648.439999999995,648.439999999995,222.0,30.158730158730158,152,352,2020-07-06,holdout: fixed 2 (out of sample),apex_50k
11,4,4,1,648.439999999995,1235.0,-586.560000000005,648.439999999995,648.439999999995,201.0,33.53174603174603,169,335,2020-08-04,holdout: fixed 2 (out of sample),apex_50k
11,4,4,1,648.439999999995,1150.0,-501.56000000000495,648.439999999995,648.439999999995,180.0,31.547619047619047,159,345,2020-09-02,holdout: fixed 2 (out of sample),apex_50k
12,4,4,1,648.439999999995,1100.0,-451.56000000000495,648.439999999995,648.439999999995,159.0,26.984126984126984,136,368,2020-10-02,holdout: fixed 2 (out of sample),apex_50k
11,4,4,1,151.15999999999622,1065.0,-913.8400000000038,151.15999999999622,151.15999999999622,138.0,26.19047619047619,132,372,2020-11-02,holdout: fixed 2 (out of sample),apex_50k
10,5,5,2,1853.1999999999898,1200.0,653.1999999999898,926.5999999999949,1726.479999999996,113.0,30.357142857142858,153,351,2020-12-02,holdout: fixed 2 (out of sample),apex_50k
10,5,5,3,2281.2399999999834,1285.0,996.2399999999834,760.4133333333278,1726.479999999996,92.0,34.72222222222222,175,329,2021-01-04,holdout: fixed 2 (out of sample),apex_50k
9,5,5,4,1132.8799999999756,1420.0,-287.12000000002445,283.2199999999939,431.75999999999476,74.0,44.04761904761905,222,282,2021-02-03,holdout: fixed 2 (out of sample),apex_50k
10,5,5,3,834.1999999999825,1370.0,-535.8000000000175,278.06666666666086,406.43999999999505,453.0,39.48412698412698,199,305,2021-03-05,holdout: fixed 2 (out of sample),apex_50k
11,5,5,3,834.1999999999825,1405.0,-570.8000000000175,278.06666666666086,406.43999999999505,432.0,40.27777777777778,203,301,2021-04-06,holdout: fixed 2 (out of sample),apex_50k
11,4,4,3,834.1999999999825,1150.0,-315.80000000001746,278.06666666666086,406.43999999999505,411.0,29.761904761904763,150,354,2021-05-05,holdout: fixed 2 (out of sample),apex_50k
12,4,4,3,834.1999999999825,1185.0,-350.80000000001746,278.06666666666086,406.43999999999505,390.0,29.761904761904763,150,354,2021-06-04,holdout: fixed 2 (out of sample),apex_50k
12,4,4,3,834.1999999999825,1185.0,-350.80000000001746,278.06666666666086,406.43999999999505,369.0,29.761904761904763,150,354,2021-07-06,holdout: fixed 2 (out of sample),apex_50k
13,4,4,3,834.1999999999825,1220.0,-385.80000000001746,278.06666666666086,406.43999999999505,348.0,29.761904761904763,150,354,2021-08-04,holdout: fixed 2 (out of sample),apex_50k
13,5,5,3,834.1999999999825,1305.0,-470.80000000001746,278.06666666666086,406.43999999999505,327.0,31.150793650793652,157,347,2021-09-02,holdout: fixed 2 (out of sample),apex_50k
12,5,5,3,834.1999999999825,1355.0,-520.8000000000175,278.06666666666086,406.43999999999505,306.0,35.317460317460316,178,326,2021-10-04,holdout: fixed 2 (out of sample),apex_50k
11,5,5,3,834.1999999999825,1405.0,-570.8000000000175,278.06666666666086,406.43999999999505,285.0,39.48412698412698,199,305,2021-11-02,holdout: fixed 2 (out of sample),apex_50k
10,5,5,3,834.1999999999825,1455.0,-620.8000000000175,278.06666666666086,406.43999999999505,264.0,43.65079365079365,220,284,2021-12-02,holdout: fixed 2 (out of sample),apex_50k
10,5,5,4,932.1999999999607,1540.0,-607.8000000000393,233.04999999999018,406.43999999999505,243.0,47.817460317460316,241,263,2022-01-03,holdout: fixed 2 (out of sample),apex_50k
10,5,5,5,2371.279999999955,1625.0,746.2799999999552,474.25599999999105,1439.0799999999945,222.0,52.182539682539684,263,241,2022-02-02,holdout: fixed 2 (out of sample),apex_50k
11,5,5,5,2371.279999999955,1575.0,796.2799999999552,474.25599999999105,1439.0799999999945,201.0,50.3968253968254,254,250,2022-03-04,holdout: fixed 2 (out of sample),apex_50k
11,5,5,5,2371.279999999955,1575.0,796.2799999999552,474.25599999999105,1439.0799999999945,180.0,48.214285714285715,243,261,2022-04-04,holdout: fixed 2 (out of sample),apex_50k
12,5,5,5,2371.279999999955,1610.0,761.2799999999552,474.25599999999105,1439.0799999999945,159.0,49.801587301587304,251,253,2022-05-04,holdout: fixed 2 (out of sample),apex_50k
11,4,4,6,2986.8399999999456,1405.0,1581.8399999999456,497.8066666666576,1439.0799999999945,138.0,45.03968253968254,227,277,2022-06-03,holdout: fixed 2 (out of sample),apex_50k
11,4,4,7,3033.879999999939,1490.0,1543.8799999999392,433.4114285714199,1439.0799999999945,117.0,49.20634920634921,248,256,2022-07-06,holdout: fixed 2 (out of sample),apex_50k
10,3,3,8,5033.879999999939,1455.0,3578.879999999939,629.2349999999924,2000.0,96.0,51.19047619047619,258,246,2022-08-04,holdout: fixed 2 (out of sample),apex_50k
10,3,3,9,5450.959999999926,1540.0,3910.9599999999264,605.662222222214,2000.0,75.0,55.357142857142854,279,225,2022-09-02,holdout: fixed 2 (out of sample),apex_50k
9,3,3,8,4734.079999999929,1590.0,3144.079999999929,591.7599999999911,2000.0,61.0,59.92063492063492,302,202,2022-10-04,holdout: fixed 2 (out of sample),apex_50k
12,4,4,6,4616.759999999944,1695.0,2921.759999999944,769.4599999999906,2000.0,278.0,55.75396825396825,281,223,2022-11-02,holdout: fixed 2 (out of sample),apex_50k
12,4,4,6,4616.759999999944,1610.0,3006.759999999944,769.4599999999906,2000.0,257.0,52.77777777777778,266,238,2022-12-02,holdout: fixed 2 (out of sample),apex_50k
12,4,4,7,5230.439999999937,1695.0,3535.439999999937,747.2057142857053,2000.0,236.0,56.94444444444444,287,217,2023-01-04,holdout: fixed 2 (out of sample),apex_50k
11,4,4,8,5523.79999999993,1745.0,3778.79999999993,690.4749999999913,2000.0,215.0,61.111111111111114,308,196,2023-02-03,holdout: fixed 2 (out of sample),apex_50k
10,3,3,9,6474.599999999926,1710.0,4764.599999999926,719.3999999999918,2000.0,194.0,62.1031746031746,313,191,2023-03-07,holdout: fixed 2 (out of sample),apex_50k
9,3,3,10,8226.599999999919,1760.0,6466.5999999999185,822.6599999999919,2000.0,173.0,66.26984126984127,334,170,2023-04-05,holdout: fixed 2 (out of sample),apex_50k
8,3,3,11,10117.279999999912,1810.0,8307.279999999912,919.7527272727192,2000.0,152.0,70.43650793650794,355,149,2023-05-05,holdout: fixed 2 (out of sample),apex_50k
8,3,3,12,11697.359999999906,1895.0,9802.359999999906,974.7799999999921,2000.0,131.0,74.60317460317461,376,128,2023-06-06,holdout: fixed 2 (out of sample),apex_50k
9,3,3,12,11697.359999999906,1930.0,9767.359999999906,974.7799999999921,2000.0,110.0,75.39682539682539,380,124,2023-07-07,holdout: fixed 2 (out of sample),apex_50k
8,4,4,12,11697.359999999906,1895.0,9802.359999999906,974.7799999999921,2000.0,89.0,75.39682539682539,380,124,2023-08-07,holdout: fixed 2 (out of sample),apex_50k
9,4,4,10,10160.279999999933,1675.0,8485.279999999933,1016.0279999999933,2000.0,186.0,60.11904761904762,303,201,2023-09-06,holdout: fixed 2 (out of sample),apex_50k
9,5,5,10,10160.279999999933,1760.0,8400.279999999933,1016.0279999999933,2000.0,165.0,62.1031746031746,313,191,2023-10-05,holdout: fixed 2 (out of sample),apex_50k
9,5,5,10,10160.279999999933,1845.0,8315.279999999933,1016.0279999999933,2000.0,144.0,66.46825396825396,335,169,2023-11-03,holdout: fixed 2 (out of sample),apex_50k
10,5,5,10,10160.279999999933,1880.0,8280.279999999933,1016.0279999999933,2000.0,123.0,68.05555555555556,343,161,2023-12-05,holdout: fixed 2 (out of sample),apex_50k
11,5,5,10,10160.279999999933,1915.0,8245.279999999933,1016.0279999999933,2000.0,102.0,69.24603174603175,349,155,2024-01-05,holdout: fixed 2 (out of sample),apex_50k
9,5,5,11,10411.239999999925,1930.0,8481.239999999925,946.4763636363568,2000.0,81.0,73.41269841269842,370,134,2024-02-06,holdout: fixed 2 (out of sample),apex_50k
8,5,5,12,12411.239999999925,1980.0,10431.239999999925,1034.2699999999938,2000.0,60.0,77.57936507936508,391,113,2024-03-07,holdout: fixed 2 (out of sample),apex_50k
8,5,5,12,12411.239999999925,2065.0,10346.239999999925,1034.2699999999938,2000.0,39.0,79.76190476190476,402,102,2024-04-08,holdout: fixed 2 (out of sample),apex_50k
10,6,6,7,8845.47999999996,1710.0,7135.47999999996,1263.6399999999942,2000.0,55.0,56.74603174603175,286,218,2024-05-07,holdout: fixed 2 (out of sample),apex_50k
11,6,6,6,6845.47999999996,1745.0,5100.47999999996,1140.9133333333266,2000.0,158.0,54.76190476190476,276,228,2024-06-06,holdout: fixed 2 (out of sample),apex_50k
11,6,6,6,6845.47999999996,1745.0,5100.47999999996,1140.9133333333266,2000.0,137.0,53.96825396825397,272,232,2024-07-09,holdout: fixed 2 (out of sample),apex_50k
11,6,6,6,6845.47999999996,1745.0,5100.47999999996,1140.9133333333266,2000.0,116.0,53.57142857142857,270,234,2024-08-07,holdout: fixed 2 (out of sample),apex_50k
6,3,3,5,3824.0399999999645,686.0,3138.0399999999645,764.807999999993,2082.159999999996,192.0,28.96825396825397,146,358,2018-01-02,holdout: fixed 2 (out of sample),topstep_50k
6,3,3,5,3824.0399999999645,686.0,3138.0399999999645,764.807999999993,2082.159999999996,171.0,28.96825396825397,146,358,2018-02-01,holdout: fixed 2 (out of sample),topstep_50k
6,3,3,5,5185.239999999969,686.0,4499.239999999969,1037.0479999999939,2721.159999999996,151.0,30.753968253968253,155,349,2018-03-05,holdout: fixed 2 (out of sample),topstep_50k
4,3,3,3,4758.959999999985,392.0,4366.959999999985,1586.319999999995,2461.519999999997,137.0,13.88888888888889,70,434,2018-04-04,holdout: fixed 2 (out of sample),topstep_50k
5,3,3,4,4064.7199999999793,588.0,3476.7199999999793,1016.1799999999948,2205.199999999997,128.0,21.626984126984127,109,395,2018-05-03,holdout: fixed 2 (out of sample),topstep_50k
4,3,3,5,5040.319999999978,441.0,4599.319999999978,1008.0639999999955,2461.519999999997,106.0,16.865079365079364,85,419,2018-06-04,holdout: fixed 2 (out of sample),topstep_50k
6,3,3,7,7357.7999999999665,588.0,6769.7999999999665,1051.1142857142809,2461.519999999997,74.0,24.00793650793651,121,383,2018-07-03,holdout: fixed 2 (out of sample),topstep_50k
8,3,3,6,5826.519999999975,637.0,5189.519999999975,971.0866666666625,1765.199999999997,69.0,19.246031746031747,97,407,2018-08-02,holdout: fixed 2 (out of sample),topstep_50k
8,4,4,7,6756.079999999973,686.0,6070.079999999973,965.1542857142819,1765.199999999997,48.0,21.626984126984127,109,395,2018-08-31,holdout: fixed 2 (out of sample),topstep_50k
8,4,4,8,7860.559999999969,735.0,7125.559999999969,982.5699999999961,1765.199999999997,27.0,25.793650793650794,130,374,2018-10-02,holdout: fixed 2 (out of sample),topstep_50k
9,4,4,8,8709.519999999968,882.0,7827.519999999968,1088.689999999996,2614.159999999996,240.0,33.92857142857143,171,333,2018-10-31,holdout: fixed 2 (out of sample),topstep_50k
8,3,3,6,6564.039999999957,882.0,5682.039999999957,1094.0066666666596,2614.159999999996,252.0,34.12698412698413,172,332,2018-11-30,holdout: fixed 2 (out of sample),topstep_50k
11,3,3,8,8709.519999999968,833.0,7876.519999999968,1088.689999999996,2614.159999999996,198.0,23.214285714285715,117,387,2019-01-03,holdout: fixed 2 (out of sample),topstep_50k
11,3,3,8,8709.519999999968,833.0,7876.519999999968,1088.689999999996,2614.159999999996,177.0,23.214285714285715,117,387,2019-02-04,holdout: fixed 2 (out of sample),topstep_50k
10,3,3,6,6507.719999999972,882.0,5625.719999999972,1084.6199999999953,2614.159999999996,164.0,26.58730158730159,134,370,2019-03-06,holdout: fixed 2 (out of sample),topstep_50k
10,3,3,8,8709.519999999968,784.0,7925.519999999968,1088.689999999996,2614.159999999996,135.0,23.214285714285715,117,387,2019-04-04,holdout: fixed 2 (out of sample),topstep_50k
10,4,4,9,9870.399999999965,833.0,9037.399999999965,1096.7111111111071,2614.159999999996,114.0,25.99206349206349,131,373,2019-05-06,holdout: fixed 2 (out of sample),topstep_50k
10,4,4,9,11167.999999999964,980.0,10187.999999999964,1240.8888888888848,2614.159999999996,101.0,32.53968253968254,164,340,2019-06-05,holdout: fixed 2 (out of sample),topstep_50k
10,4,4,9,11167.999999999964,980.0,10187.999999999964,1240.8888888888848,2614.159999999996,80.0,32.53968253968254,164,340,2019-07-05,holdout: fixed 2 (out of sample),topstep_50k
10,4,4,8,11857.239999999969,882.0,10975.239999999969,1482.154999999996,2614.159999999996,131.0,23.61111111111111,119,385,2019-08-05,holdout: fixed 2 (out of sample),topstep_50k
10,3,3,7,11137.599999999977,735.0,10402.599999999977,1591.085714285711,2614.159999999996,120.0,16.666666666666668,84,420,2019-09-04,holdout: fixed 2 (out of sample),topstep_50k
11,3,3,8,10474.95999999997,882.0,9592.95999999997,1309.3699999999963,2614.159999999996,122.0,21.626984126984127,109,395,2019-10-03,holdout: fixed 2 (out of sample),topstep_50k
12,3,3,8,10474.95999999997,931.0,9543.95999999997,1309.3699999999963,2614.159999999996,101.0,21.626984126984127,109,395,2019-11-01,holdout: fixed 2 (out of sample),topstep_50k
13,3,3,8,10474.95999999997,980.0,9494.95999999997,1309.3699999999963,2614.159999999996,80.0,21.626984126984127,109,395,2019-12-03,holdout: fixed 2 (out of sample),topstep_50k
14,3,3,8,10474.95999999997,1029.0,9445.95999999997,1309.3699999999963,2614.159999999996,59.0,21.626984126984127,109,395,2020-01-03,holdout: fixed 2 (out of sample),topstep_50k
14,3,3,6,9308.479999999981,931.0,8377.479999999981,1551.4133333333302,2614.159999999996,143.0,15.674603174603174,79,425,2020-02-04,holdout: fixed 2 (out of sample),topstep_50k
14,2,2,6,9308.479999999981,882.0,8426.479999999981,1551.4133333333302,2614.159999999996,122.0,13.095238095238095,66,438,2020-03-05,holdout: fixed 2 (out of sample),topstep_50k
15,2,2,6,9308.479999999981,931.0,8377.479999999981,1551.4133333333302,2614.159999999996,101.0,13.095238095238095,66,438,2020-04-03,holdout: fixed 2 (out of sample),topstep_50k
15,3,3,6,9308.479999999981,980.0,8328.479999999981,1551.4133333333302,2614.159999999996,80.0,14.880952380952381,75,429,2020-05-05,holdout: fixed 2 (out of sample),topstep_50k
16,4,4,6,9308.479999999981,1078.0,8230.479999999981,1551.4133333333302,2614.159999999996,59.0,17.46031746031746,88,416,2020-06-04,holdout: fixed 2 (out of sample),topstep_50k
15,4,4,7,10275.599999999977,1078.0,9197.599999999977,1467.9428571428539,2614.159999999996,38.0,21.626984126984127,109,395,2020-07-06,holdout: fixed 2 (out of sample),topstep_50k
15,4,4,6,7611.279999999977,1078.0,6533.279999999977,1268.5466666666628,2157.8799999999974,41.0,21.428571428571427,108,396,2020-08-04,holdout: fixed 2 (out of sample),topstep_50k
14,4,4,6,6832.319999999978,1029.0,5803.319999999978,1138.7199999999964,2157.8799999999974,27.0,22.023809523809526,111,393,2020-09-02,holdout: fixed 2 (out of sample),topstep_50k
14,3,3,5,5825.479999999981,980.0,4845.479999999981,1165.0959999999964,2157.8799999999974,142.0,18.253968253968253,92,412,2020-10-02,holdout: fixed 2 (out of sample),topstep_50k
14,4,4,5,5825.479999999981,1029.0,4796.479999999981,1165.0959999999964,2157.8799999999974,121.0,18.650793650793652,94,410,2020-11-02,holdout: fixed 2 (out of sample),topstep_50k
12,4,4,6,5906.639999999978,980.0,4926.639999999978,984.4399999999963,2157.8799999999974,100.0,22.61904761904762,114,390,2020-12-02,holdout: fixed 2 (out of sample),topstep_50k
13,4,4,7,8120.159999999974,1029.0,7091.159999999974,1160.0228571428536,2157.8799999999974,79.0,23.214285714285715,117,387,2021-01-04,holdout: fixed 2 (out of sample),topstep_50k
13,4,4,5,5069.119999999981,980.0,4089.119999999981,1013.8239999999962,2037.199999999997,63.0,18.849206349206348,95,409,2021-02-03,holdout: fixed 2 (out of sample),topstep_50k
15,4,4,5,5605.719999999979,1078.0,4527.719999999979,1121.143999999996,2145.8399999999965,54.0,19.841269841269842,100,404,2021-03-05,holdout: fixed 2 (out of sample),topstep_50k
16,4,4,5,5605.719999999979,1127.0,4478.719999999979,1121.143999999996,2145.8399999999965,33.0,19.841269841269842,100,404,2021-04-06,holdout: fixed 2 (out of sample),topstep_50k
15,3,3,4,3459.879999999983,1029.0,2430.879999999983,864.9699999999957,2037.199999999997,285.0,17.261904761904763,87,417,2021-05-05,holdout: fixed 2 (out of sample),topstep_50k
16,3,3,4,3459.879999999983,1078.0,2381.879999999983,864.9699999999957,2037.199999999997,264.0,17.261904761904763,87,417,2021-06-04,holdout: fixed 2 (out of sample),topstep_50k
17,3,3,4,3459.879999999983,1127.0,2332.879999999983,864.9699999999957,2037.199999999997,243.0,17.261904761904763,87,417,2021-07-06,holdout: fixed 2 (out of sample),topstep_50k
17,3,3,4,3459.879999999983,1127.0,2332.879999999983,864.9699999999957,2037.199999999997,222.0,17.261904761904763,87,417,2021-08-04,holdout: fixed 2 (out of sample),topstep_50k
17,4,4,4,3459.879999999983,1176.0,2283.879999999983,864.9699999999957,2037.199999999997,201.0,18.650793650793652,94,410,2021-09-02,holdout: fixed 2 (out of sample),topstep_50k
16,4,4,6,4617.839999999975,1176.0,3441.8399999999747,769.6399999999958,2037.199999999997,180.0,22.817460317460316,115,389,2021-10-04,holdout: fixed 2 (out of sample),topstep_50k
16,4,4,7,5008.63999999997,1225.0,3783.6399999999703,715.5199999999958,2037.199999999997,159.0,26.38888888888889,133,371,2021-11-02,holdout: fixed 2 (out of sample),topstep_50k
14,4,4,7,5008.63999999997,1127.0,3881.6399999999703,715.5199999999958,2037.199999999997,138.0,26.38888888888889,133,371,2021-12-02,holdout: fixed 2 (out of sample),topstep_50k
14,4,4,7,5008.63999999997,1127.0,3881.6399999999703,715.5199999999958,2037.199999999997,117.0,26.38888888888889,133,371,2022-01-03,holdout: fixed 2 (out of sample),topstep_50k
14,5,5,8,5298.439999999966,1225.0,4073.439999999966,662.3049999999957,2037.199999999997,60.0,29.761904761904763,150,354,2022-02-02,holdout: fixed 2 (out of sample),topstep_50k
15,5,5,7,5008.63999999997,1225.0,3783.6399999999703,715.5199999999958,2037.199999999997,75.0,27.976190476190474,141,363,2022-03-04,holdout: fixed 2 (out of sample),topstep_50k
15,5,5,7,5008.63999999997,1225.0,3783.6399999999703,715.5199999999958,2037.199999999997,54.0,25.793650793650794,130,374,2022-04-04,holdout: fixed 2 (out of sample),topstep_50k
16,5,5,8,5865.439999999966,1274.0,4591.439999999966,733.1799999999957,2037.199999999997,33.0,27.38095238095238,138,366,2022-05-04,holdout: fixed 2 (out of sample),topstep_50k
16,5,5,5,4734.07999999998,1127.0,3607.07999999998,946.8159999999959,2328.519999999997,129.0,18.849206349206348,95,409,2022-06-03,holdout: fixed 2 (out of sample),topstep_50k
16,6,6,6,5160.879999999976,1176.0,3984.8799999999756,860.1466666666626,2328.519999999997,108.0,22.023809523809526,111,393,2022-07-06,holdout: fixed 2 (out of sample),topstep_50k
17,5,5,7,7803.759999999973,1225.0,6578.759999999973,1114.8228571428533,2934.199999999997,85.0,21.825396825396826,110,394,2022-08-04,holdout: fixed 2 (out of sample),topstep_50k
18,5,5,7,7803.759999999973,1274.0,6529.759999999973,1114.8228571428533,2934.199999999997,64.0,21.825396825396826,110,394,2022-09-02,holdout: fixed 2 (out of sample),topstep_50k
17,5,5,7,8095.079999999973,1225.0,6870.079999999973,1156.4399999999962,2934.199999999997,45.0,22.023809523809526,111,393,2022-10-04,holdout: fixed 2 (out of sample),topstep_50k
17,5,5,7,5925.039999999972,1274.0,4651.039999999972,846.4342857142817,2934.199999999997,38.0,25.793650793650794,130,374,2022-11-02,holdout: fixed 2 (out of sample),topstep_50k
17,5,5,6,5766.559999999976,1225.0,4541.559999999976,961.0933333333293,2934.199999999997,193.0,21.428571428571427,108,396,2022-12-02,holdout: fixed 2 (out of sample),topstep_50k
17,5,5,7,6513.399999999972,1274.0,5239.399999999972,930.4857142857103,2934.199999999997,172.0,25.595238095238095,129,375,2023-01-04,holdout: fixed 2 (out of sample),topstep_50k
16,5,5,9,9002.999999999964,1274.0,7728.999999999964,1000.3333333333293,2934.199999999997,151.0,29.761904761904763,150,354,2023-02-03,holdout: fixed 2 (out of sample),topstep_50k
17,6,6,11,13208.719999999958,1421.0,11787.719999999958,1200.7927272727234,3778.9199999999983,130.0,35.51587301587302,179,325,2023-03-07,holdout: fixed 2 (out of sample),topstep_50k
16,5,5,11,13208.719999999958,1323.0,11885.719999999958,1200.7927272727234,3778.9199999999983,109.0,32.34126984126984,163,341,2023-04-05,holdout: fixed 2 (out of sample),topstep_50k
15,5,5,11,13208.719999999958,1274.0,11934.719999999958,1200.7927272727234,3778.9199999999983,88.0,32.34126984126984,163,341,2023-05-05,holdout: fixed 2 (out of sample),topstep_50k
15,6,6,11,13208.719999999958,1323.0,11885.719999999958,1200.7927272727234,3778.9199999999983,67.0,35.11904761904762,177,327,2023-06-06,holdout: fixed 2 (out of sample),topstep_50k
16,6,6,11,13208.719999999958,1372.0,11836.719999999958,1200.7927272727234,3778.9199999999983,46.0,35.317460317460316,178,326,2023-07-07,holdout: fixed 2 (out of sample),topstep_50k
15,7,7,11,13208.719999999958,1323.0,11885.719999999958,1200.7927272727234,3778.9199999999983,25.0,35.317460317460316,178,326,2023-08-07,holdout: fixed 2 (out of sample),topstep_50k
15,6,6,8,11659.95999999997,1225.0,10434.95999999997,1457.4949999999963,3778.9199999999983,168.0,29.761904761904763,150,354,2023-09-06,holdout: fixed 2 (out of sample),topstep_50k
15,7,7,8,11659.95999999997,1274.0,10385.95999999997,1457.4949999999963,3778.9199999999983,147.0,31.746031746031747,160,344,2023-10-05,holdout: fixed 2 (out of sample),topstep_50k
15,7,7,9,12085.999999999964,1323.0,10762.999999999964,1342.8888888888848,3778.9199999999983,126.0,36.111111111111114,182,322,2023-11-03,holdout: fixed 2 (out of sample),topstep_50k
16,7,7,9,12085.999999999964,1372.0,10713.999999999964,1342.8888888888848,3778.9199999999983,105.0,37.698412698412696,190,314,2023-12-05,holdout: fixed 2 (out of sample),topstep_50k
17,7,7,9,12085.999999999964,1421.0,10664.999999999964,1342.8888888888848,3778.9199999999983,84.0,39.08730158730159,197,307,2024-01-05,holdout: fixed 2 (out of sample),topstep_50k
16,7,7,11,16490.919999999955,1421.0,15069.919999999955,1499.1745454545414,3802.239999999998,63.0,42.65873015873016,215,289,2024-02-06,holdout: fixed 2 (out of sample),topstep_50k
15,7,7,11,16490.919999999955,1372.0,15118.919999999955,1499.1745454545414,3802.239999999998,42.0,42.65873015873016,215,289,2024-03-07,holdout: fixed 2 (out of sample),topstep_50k
16,7,7,11,16490.919999999955,1421.0,15069.919999999955,1499.1745454545414,3802.239999999998,21.0,42.65873015873016,215,289,2024-04-08,holdout: fixed 2 (out of sample),topstep_50k
16,6,6,9,15207.319999999963,1323.0,13884.319999999963,1689.702222222218,3802.239999999998,51.0,35.91269841269841,181,323,2024-05-07,holdout: fixed 2 (out of sample),topstep_50k
16,6,6,8,12273.119999999966,1323.0,10950.119999999966,1534.1399999999958,3802.239999999998,129.0,35.91269841269841,181,323,2024-06-06,holdout: fixed 2 (out of sample),topstep_50k
17,6,6,8,12273.119999999966,1372.0,10901.119999999966,1534.1399999999958,3802.239999999998,108.0,35.11904761904762,177,327,2024-07-09,holdout: fixed 2 (out of sample),topstep_50k
17,6,6,8,12273.119999999966,1372.0,10901.119999999966,1534.1399999999958,3802.239999999998,87.0,34.72222222222222,175,329,2024-08-07,holdout: fixed 2 (out of sample),topstep_50k
