evals_bought,evals_passed,funded_accounts,payouts,withdrawn,fees_paid,net_to_trader,avg_payout,largest_payout,first_payout_day,capped_payouts,capped_pct,pct_time_funded,days_funded,days_in_eval,start_date,strategy,policy,firm,tier
20,1,1,1,2766.8880000001373,1029.0,1737.8880000001373,2766.8880000001373,2766.8880000001373,882.0,0,0.0,1.1904761904761905,15,1245,2010-06-07,pct 0.5% 固定止损,immediate,topstep,150k
17,1,1,1,2766.8880000001373,882.0,1884.8880000001373,2766.8880000001373,2766.8880000001373,840.0,0,0.0,1.1904761904761905,15,1245,2011-03-15,pct 0.5% 固定止损,immediate,topstep,150k
17,1,1,1,2766.8880000001373,882.0,1884.8880000001373,2766.8880000001373,2766.8880000001373,798.0,0,0.0,1.1904761904761905,15,1245,2011-09-26,pct 0.5% 固定止损,immediate,topstep,150k
17,1,1,1,2766.8880000001373,882.0,1884.8880000001373,2766.8880000001373,2766.8880000001373,756.0,0,0.0,1.1904761904761905,15,1245,2012-07-05,pct 0.5% 固定止损,immediate,topstep,150k
15,1,1,1,2766.8880000001373,784.0,1982.8880000001373,2766.8880000001373,2766.8880000001373,714.0,0,0.0,1.1904761904761905,15,1245,2012-10-16,pct 0.5% 固定止损,immediate,topstep,150k
15,1,1,1,2766.8880000001373,784.0,1982.8880000001373,2766.8880000001373,2766.8880000001373,672.0,0,0.0,1.1904761904761905,15,1245,2013-01-11,pct 0.5% 固定止损,immediate,topstep,150k
14,2,2,1,2766.8880000001373,784.0,1982.8880000001373,2766.8880000001373,2766.8880000001373,630.0,0,0.0,2.380952380952381,30,1230,2013-04-11,pct 0.5% 固定止损,immediate,topstep,150k
13,2,2,4,5986.259999999786,833.0,5153.259999999786,1496.5649999999464,2766.8880000001373,588.0,0,0.0,5.714285714285714,72,1188,2013-06-11,pct 0.5% 固定止损,immediate,topstep,150k
13,2,2,5,10486.259999999786,882.0,9604.259999999786,2097.251999999957,4500.0,546.0,1,20.0,6.349206349206349,80,1180,2013-08-12,pct 0.5% 固定止损,immediate,topstep,150k
14,2,2,5,10486.259999999786,931.0,9555.259999999786,2097.251999999957,4500.0,504.0,1,20.0,6.349206349206349,80,1180,2013-10-10,pct 0.5% 固定止损,immediate,topstep,150k
14,2,2,5,10486.259999999786,931.0,9555.259999999786,2097.251999999957,4500.0,462.0,1,20.0,6.349206349206349,80,1180,2014-01-09,pct 0.5% 固定止损,immediate,topstep,150k
15,2,2,5,10486.259999999786,980.0,9506.259999999786,2097.251999999957,4500.0,420.0,1,20.0,6.349206349206349,80,1180,2014-04-03,pct 0.5% 固定止损,immediate,topstep,150k
14,2,2,5,10486.259999999786,931.0,9555.259999999786,2097.251999999957,4500.0,378.0,1,20.0,6.349206349206349,80,1180,2014-06-06,pct 0.5% 固定止损,immediate,topstep,150k
14,3,3,5,10486.259999999786,980.0,9506.259999999786,2097.251999999957,4500.0,336.0,1,20.0,6.746031746031746,85,1175,2014-08-08,pct 0.5% 固定止损,immediate,topstep,150k
14,3,3,5,10486.259999999786,1078.0,9408.259999999786,2097.251999999957,4500.0,294.0,1,20.0,9.841269841269842,124,1136,2014-10-14,pct 0.5% 固定止损,immediate,topstep,150k
13,3,3,5,10486.259999999786,1029.0,9457.259999999786,2097.251999999957,4500.0,252.0,1,20.0,9.841269841269842,124,1136,2015-01-14,pct 0.5% 固定止损,immediate,topstep,150k
14,4,4,5,10486.259999999786,1127.0,9359.259999999786,2097.251999999957,4500.0,210.0,1,20.0,10.555555555555555,133,1127,2015-04-07,pct 0.5% 固定止损,immediate,topstep,150k
13,5,5,14,15142.895999999768,1519.0,13623.895999999768,1081.635428571412,3888.6479999998965,174.0,0,0.0,24.523809523809526,309,951,2015-06-05,pct 0.5% 固定止损,immediate,topstep,150k
13,5,5,14,15142.895999999768,1519.0,13623.895999999768,1081.635428571412,3888.6479999998965,132.0,0,0.0,24.523809523809526,309,951,2015-08-06,pct 0.5% 固定止损,immediate,topstep,150k
10,6,6,15,13263.912000000177,1568.0,11695.912000000177,884.2608000000117,3888.6479999998965,111.0,0,0.0,29.523809523809526,372,888,2015-10-07,pct 0.5% 固定止损,immediate,topstep,150k
12,6,6,14,11913.425999999856,1568.0,10345.425999999856,850.9589999999897,3888.6479999998965,83.0,0,0.0,26.825396825396826,338,922,2015-12-17,pct 0.5% 固定止损,immediate,topstep,150k
12,5,5,11,10664.33399999951,1421.0,9243.33399999951,969.4849090908646,3888.6479999998965,390.0,0,0.0,22.53968253968254,284,976,2016-02-19,pct 0.5% 固定止损,immediate,topstep,150k
13,5,5,11,10664.33399999951,1470.0,9194.33399999951,969.4849090908646,3888.6479999998965,348.0,0,0.0,22.53968253968254,284,976,2016-04-20,pct 0.5% 固定止损,immediate,topstep,150k
12,6,6,11,10664.33399999951,1470.0,9194.33399999951,969.4849090908646,3888.6479999998965,306.0,0,0.0,23.96825396825397,302,958,2016-06-20,pct 0.5% 固定止损,immediate,topstep,150k
12,5,5,5,8693.963999999862,1225.0,7468.963999999862,1738.7927999999724,4500.0,507.0,1,20.0,16.666666666666668,210,1050,2016-08-18,pct 0.5% 固定止损,immediate,topstep,150k
12,6,6,9,9321.983999999537,1519.0,7802.9839999995365,1035.7759999999485,3888.6479999998965,246.0,0,0.0,26.03174603174603,328,932,2016-10-18,pct 0.5% 固定止损,immediate,topstep,150k
14,6,6,5,6320.519999999832,1519.0,4801.519999999832,1264.1039999999664,1518.9299999999057,320.0,0,0.0,22.77777777777778,287,973,2016-12-16,pct 0.5% 固定止损,immediate,topstep,150k
15,5,5,3,4907.736000000007,1323.0,3584.736000000007,1635.9120000000023,3888.6479999998965,412.0,0,0.0,16.03174603174603,202,1058,2017-02-17,pct 0.5% 固定止损,immediate,topstep,150k
15,7,7,5,8693.963999999862,1568.0,7125.963999999862,1738.7927999999724,4500.0,339.0,1,20.0,21.50793650793651,271,989,2017-04-20,pct 0.5% 固定止损,immediate,topstep,150k
15,7,7,7,11416.96799999965,1617.0,9799.96799999965,1630.9954285713786,4500.0,279.0,1,14.285714285714286,26.19047619047619,330,930,2017-06-20,pct 0.5% 固定止损,immediate,topstep,150k
16,7,7,8,11802.240000000424,1666.0,10136.240000000424,1475.280000000053,4500.0,255.0,1,12.5,24.682539682539684,311,949,2017-08-18,pct 0.5% 固定止损,immediate,topstep,150k
16,7,7,11,16557.102000001047,1764.0,14793.102000001047,1505.191090909186,4500.0,213.0,1,9.090909090909092,28.015873015873016,353,907,2017-10-18,pct 0.5% 固定止损,immediate,topstep,150k
17,7,7,11,16557.102000001047,1813.0,14744.102000001047,1505.191090909186,4500.0,171.0,1,9.090909090909092,28.095238095238095,354,906,2017-12-18,pct 0.5% 固定止损,immediate,topstep,150k
17,7,7,9,13607.658000001147,1715.0,11892.658000001147,1511.9620000001275,3888.6479999998965,160.0,0,0.0,26.03174603174603,328,932,2018-02-20,pct 0.5% 固定止损,immediate,topstep,150k
19,7,7,8,10356.660000001304,1813.0,8543.660000001304,1294.5825000001632,2432.1780000001163,139.0,0,0.0,25.873015873015873,326,934,2018-04-20,pct 0.5% 固定止损,immediate,topstep,150k
20,7,7,8,10356.660000001304,1862.0,8494.660000001304,1294.5825000001632,2432.1780000001163,97.0,0,0.0,25.873015873015873,326,934,2018-06-20,pct 0.5% 固定止损,immediate,topstep,150k
20,7,7,8,9616.140000001342,1862.0,7754.140000001342,1202.0175000001677,2432.1780000001163,60.0,0,0.0,25.07936507936508,316,944,2018-08-20,pct 0.5% 固定止损,immediate,topstep,150k
19,7,7,9,10013.040000001682,1813.0,8200.040000001682,1112.560000000187,2432.1780000001163,490.0,0,0.0,25.634920634920636,323,937,2018-10-18,pct 0.5% 固定止损,immediate,topstep,150k
18,7,7,12,12698.83800000205,1813.0,10885.83800000205,1058.236500000171,2432.1780000001163,448.0,0,0.0,28.80952380952381,363,897,2018-12-19,pct 0.5% 固定止损,immediate,topstep,150k
19,7,7,13,13437.936000002182,2009.0,11428.936000002182,1033.6873846155527,2432.1780000001163,406.0,0,0.0,31.825396825396826,401,859,2019-02-21,pct 0.5% 固定止损,immediate,topstep,150k
17,5,5,14,13346.40600000246,1715.0,11631.40600000246,953.3147142858901,2432.1780000001163,132.0,0,0.0,26.904761904761905,339,921,2019-04-23,pct 0.5% 固定止损,immediate,topstep,150k
18,7,7,13,13437.936000002182,1960.0,11477.936000002182,1033.6873846155527,2432.1780000001163,322.0,0,0.0,31.825396825396826,401,859,2019-06-21,pct 0.5% 固定止损,immediate,topstep,150k
18,6,6,13,13437.936000002182,1813.0,11624.936000002182,1033.6873846155527,2432.1780000001163,280.0,0,0.0,28.333333333333332,357,903,2019-08-21,pct 0.5% 固定止损,immediate,topstep,150k
18,5,5,12,12463.34400000197,1715.0,10748.34400000197,1038.612000000164,2432.1780000001163,634.0,0,0.0,26.666666666666668,336,924,2019-10-21,pct 0.5% 固定止损,immediate,topstep,150k
17,7,7,13,13437.936000002182,1813.0,11624.936000002182,1033.6873846155527,2432.1780000001163,196.0,0,0.0,28.650793650793652,361,899,2019-12-19,pct 0.5% 固定止损,immediate,topstep,150k
17,6,6,17,18072.720000002453,1862.0,16210.720000002453,1063.1011764707323,2432.1780000001163,154.0,0,0.0,31.26984126984127,394,866,2020-02-21,pct 0.5% 固定止损,immediate,topstep,150k
16,6,6,18,21816.000000002357,1862.0,19954.000000002357,1212.000000000131,4500.0,508.0,1,5.555555555555555,33.65079365079365,424,836,2020-04-22,pct 0.5% 固定止损,immediate,topstep,150k
16,5,5,21,29142.81000000319,1813.0,27329.81000000319,1387.752857143009,4500.0,296.0,2,9.523809523809524,33.095238095238095,417,843,2020-06-22,pct 0.5% 固定止损,immediate,topstep,150k
17,5,5,23,29485.22400000321,1911.0,27574.22400000321,1281.9662608697047,4500.0,208.0,2,8.695652173913043,33.17460317460318,418,842,2020-08-20,pct 0.5% 固定止损,immediate,topstep,150k
16,5,5,20,29008.944000002597,1813.0,27195.944000002597,1450.44720000013,4500.0,382.0,2,10.0,33.095238095238095,417,843,2020-10-20,pct 0.5% 固定止损,immediate,topstep,150k
15,5,5,23,29485.22400000321,1813.0,27672.22400000321,1281.9662608697047,4500.0,124.0,2,8.695652173913043,33.17460317460318,418,842,2020-12-18,pct 0.5% 固定止损,immediate,topstep,150k
13,5,5,23,32188.356000002674,1568.0,30620.356000002674,1399.493739130551,4500.0,284.0,2,8.695652173913043,28.96825396825397,365,895,2021-02-22,pct 0.5% 固定止损,immediate,topstep,150k
14,5,5,23,32188.356000002674,1666.0,30522.356000002674,1399.493739130551,4500.0,242.0,2,8.695652173913043,29.761904761904763,375,885,2021-04-22,pct 0.5% 固定止损,immediate,topstep,150k
15,5,5,23,31935.36600000272,1715.0,30220.36600000272,1388.4941739131616,4500.0,214.0,2,8.695652173913043,30.0,378,882,2021-06-22,pct 0.5% 固定止损,immediate,topstep,150k
15,5,5,23,31935.36600000272,1715.0,30220.36600000272,1388.4941739131616,4500.0,172.0,2,8.695652173913043,30.0,378,882,2021-08-20,pct 0.5% 固定止损,immediate,topstep,150k
19,2,2,1,1383.4440000000686,1029.0,354.4440000000686,1383.4440000000686,1383.4440000000686,882.0,0,0.0,2.619047619047619,33,1227,2010-06-07,pct 0.5% 固定止损,half_buffer,topstep,150k
16,2,2,4,2054.1240000000266,980.0,1074.1240000000266,513.5310000000067,1383.4440000000686,840.0,0,0.0,5.9523809523809526,75,1185,2011-03-15,pct 0.5% 固定止损,half_buffer,topstep,150k
16,2,2,5,2400.983999999969,1078.0,1322.983999999969,480.1967999999938,1383.4440000000686,798.0,0,0.0,9.285714285714286,117,1143,2011-09-26,pct 0.5% 固定止损,half_buffer,topstep,150k
16,2,2,7,3344.7734999998765,1176.0,2168.7734999998765,477.8247857142681,1383.4440000000686,756.0,0,0.0,11.984126984126984,151,1109,2012-07-05,pct 0.5% 固定止损,half_buffer,topstep,150k
14,2,2,7,3344.7734999998765,1078.0,2266.7734999998765,477.8247857142681,1383.4440000000686,714.0,0,0.0,11.984126984126984,151,1109,2012-10-16,pct 0.5% 固定止损,half_buffer,topstep,150k
14,2,2,7,3344.7734999998765,1078.0,2266.7734999998765,477.8247857142681,1383.4440000000686,672.0,0,0.0,11.984126984126984,151,1109,2013-01-11,pct 0.5% 固定止损,half_buffer,topstep,150k
13,3,3,7,3344.7734999998765,1078.0,2266.7734999998765,477.8247857142681,1383.4440000000686,630.0,0,0.0,13.095238095238095,165,1095,2013-04-11,pct 0.5% 固定止损,half_buffer,topstep,150k
12,3,3,10,5064.92999999967,1127.0,3937.92999999967,506.492999999967,1383.4440000000686,588.0,0,0.0,16.428571428571427,207,1053,2013-06-11,pct 0.5% 固定止损,half_buffer,topstep,150k
12,3,3,12,9162.55012499949,1225.0,7937.55012499949,763.5458437499575,2304.1147499999106,546.0,0,0.0,18.88888888888889,238,1022,2013-08-12,pct 0.5% 固定止损,half_buffer,topstep,150k
13,3,3,12,9162.55012499949,1274.0,7888.55012499949,763.5458437499575,2304.1147499999106,504.0,0,0.0,18.88888888888889,238,1022,2013-10-10,pct 0.5% 固定止损,half_buffer,topstep,150k
13,3,3,12,9162.55012499949,1274.0,7888.55012499949,763.5458437499575,2304.1147499999106,462.0,0,0.0,18.88888888888889,238,1022,2014-01-09,pct 0.5% 固定止损,half_buffer,topstep,150k
14,3,3,12,9162.55012499949,1323.0,7839.55012499949,763.5458437499575,2304.1147499999106,420.0,0,0.0,18.88888888888889,238,1022,2014-04-03,pct 0.5% 固定止损,half_buffer,topstep,150k
13,3,3,12,9162.55012499949,1274.0,7888.55012499949,763.5458437499575,2304.1147499999106,378.0,0,0.0,18.88888888888889,238,1022,2014-06-06,pct 0.5% 固定止损,half_buffer,topstep,150k
13,4,4,12,9162.55012499949,1323.0,7839.55012499949,763.5458437499575,2304.1147499999106,336.0,0,0.0,19.285714285714285,243,1017,2014-08-08,pct 0.5% 固定止损,half_buffer,topstep,150k
13,4,4,12,9162.55012499949,1421.0,7741.55012499949,763.5458437499575,2304.1147499999106,294.0,0,0.0,22.38095238095238,282,978,2014-10-14,pct 0.5% 固定止损,half_buffer,topstep,150k
12,4,4,12,9162.55012499949,1372.0,7790.55012499949,763.5458437499575,2304.1147499999106,252.0,0,0.0,22.38095238095238,282,978,2015-01-14,pct 0.5% 固定止损,half_buffer,topstep,150k
13,5,5,12,9162.55012499949,1470.0,7692.55012499949,763.5458437499575,2304.1147499999106,210.0,0,0.0,23.095238095238095,291,969,2015-04-07,pct 0.5% 固定止损,half_buffer,topstep,150k
13,5,5,15,11477.828249999791,1568.0,9909.828249999791,765.1885499999861,2304.1147499999106,174.0,0,0.0,26.666666666666668,336,924,2015-06-05,pct 0.5% 固定止损,half_buffer,topstep,150k
13,5,5,15,11477.828249999791,1568.0,9909.828249999791,765.1885499999861,2304.1147499999106,132.0,0,0.0,26.666666666666668,336,924,2015-08-06,pct 0.5% 固定止损,half_buffer,topstep,150k
10,6,6,16,10408.185000000061,1617.0,8791.185000000061,650.5115625000038,2304.1147499999106,111.0,0,0.0,31.03174603174603,391,869,2015-10-07,pct 0.5% 固定止损,half_buffer,topstep,150k
12,6,6,15,9215.710874999771,1617.0,7598.7108749997715,614.3807249999847,2304.1147499999106,83.0,0,0.0,28.650793650793652,361,899,2015-12-17,pct 0.5% 固定止损,half_buffer,topstep,150k
12,5,5,12,8266.40212499953,1470.0,6796.402124999529,688.8668437499608,2304.1147499999106,390.0,0,0.0,24.285714285714285,306,954,2016-02-19,pct 0.5% 固定止损,half_buffer,topstep,150k
13,5,5,12,8266.40212499953,1519.0,6747.402124999529,688.8668437499608,2304.1147499999106,348.0,0,0.0,24.285714285714285,306,954,2016-04-20,pct 0.5% 固定止损,half_buffer,topstep,150k
12,6,6,12,8266.40212499953,1519.0,6747.402124999529,688.8668437499608,2304.1147499999106,306.0,0,0.0,25.714285714285715,324,936,2016-06-20,pct 0.5% 固定止损,half_buffer,topstep,150k
10,3,3,9,9309.637124999263,1029.0,8280.637124999263,1034.4041249999182,2124.5287499999163,507.0,0,0.0,17.22222222222222,217,1043,2016-08-18,pct 0.5% 固定止损,half_buffer,topstep,150k
12,6,6,10,7150.834124999565,1568.0,5582.834124999565,715.0834124999565,2304.1147499999106,246.0,0,0.0,27.6984126984127,349,911,2016-10-18,pct 0.5% 固定止损,half_buffer,topstep,150k
13,6,6,7,4196.096999999713,1421.0,2775.0969999997133,599.4424285713876,1107.8459999999236,320.0,0,0.0,23.49206349206349,296,964,2016-12-16,pct 0.5% 固定止损,half_buffer,topstep,150k
15,5,5,4,4376.87099999991,1372.0,3004.87099999991,1094.2177499999775,1955.4479999999226,412.0,0,0.0,17.46031746031746,220,1040,2017-02-17,pct 0.5% 固定止损,half_buffer,topstep,150k
13,5,5,10,9376.57012499956,1372.0,8004.57012499956,937.657012499956,2124.5287499999163,339.0,0,0.0,21.984126984126984,277,983,2017-04-20,pct 0.5% 固定止损,half_buffer,topstep,150k
13,4,4,12,10988.06596874927,1470.0,9518.06596874927,915.672164062439,2132.465062499908,279.0,0,0.0,26.349206349206348,332,928,2017-06-20,pct 0.5% 固定止损,half_buffer,topstep,150k
14,5,5,11,10484.11012499963,1421.0,9063.11012499963,953.1009204545118,2124.5287499999163,255.0,0,0.0,22.936507936507937,289,971,2017-08-18,pct 0.5% 固定止损,half_buffer,topstep,150k
15,5,5,13,12835.738124999865,1568.0,11267.738124999865,987.3644711538358,2124.5287499999163,213.0,0,0.0,25.0,315,945,2017-10-18,pct 0.5% 固定止损,half_buffer,topstep,150k
16,5,5,13,12835.738124999865,1617.0,11218.738124999865,987.3644711538358,2124.5287499999163,171.0,0,0.0,25.0,315,945,2017-12-18,pct 0.5% 固定止损,half_buffer,topstep,150k
18,7,7,7,8568.225000000182,1764.0,6804.225000000182,1224.032142857169,2164.6439999999116,160.0,0,0.0,23.88888888888889,301,959,2018-02-20,pct 0.5% 固定止损,half_buffer,topstep,150k
19,7,7,6,4762.840500000299,1813.0,2949.8405000002986,793.8067500000498,2124.3060000001146,139.0,0,0.0,23.253968253968253,293,967,2018-04-20,pct 0.5% 固定止损,half_buffer,topstep,150k
20,7,7,6,4762.840500000299,1862.0,2900.8405000002986,793.8067500000498,2124.3060000001146,97.0,0,0.0,23.253968253968253,293,967,2018-06-20,pct 0.5% 固定止损,half_buffer,topstep,150k
20,7,7,5,4335.669000000383,1764.0,2571.6690000003828,867.1338000000766,2124.3060000001146,60.0,0,0.0,22.22222222222222,280,980,2018-08-20,pct 0.5% 固定止损,half_buffer,topstep,150k
20,7,7,6,4587.363000000596,1813.0,2774.363000000596,764.5605000000993,2124.3060000001146,490.0,0,0.0,22.142857142857142,279,981,2018-10-18,pct 0.5% 固定止损,half_buffer,topstep,150k
19,7,7,9,6917.810625000932,1813.0,5104.810625000932,768.6456250001035,2124.3060000001146,448.0,0,0.0,25.317460317460316,319,941,2018-12-19,pct 0.5% 固定止损,half_buffer,topstep,150k
19,7,7,11,7482.009656251173,1960.0,5522.009656251173,680.1826960228337,2124.3060000001146,406.0,0,0.0,28.80952380952381,363,897,2019-02-21,pct 0.5% 固定止损,half_buffer,topstep,150k
18,6,6,12,7856.607656251121,1862.0,5994.607656251121,654.7173046875935,2124.3060000001146,132.0,0,0.0,28.253968253968253,356,904,2019-04-23,pct 0.5% 固定止损,half_buffer,topstep,150k
19,7,7,11,7482.009656251173,1960.0,5522.009656251173,680.1826960228337,2124.3060000001146,322.0,0,0.0,28.80952380952381,363,897,2019-06-21,pct 0.5% 固定止损,half_buffer,topstep,150k
19,7,7,11,7482.009656251173,1862.0,5620.009656251173,680.1826960228337,2124.3060000001146,280.0,0,0.0,26.984126984126984,340,920,2019-08-21,pct 0.5% 固定止损,half_buffer,topstep,150k
20,6,6,10,6994.713656251065,1862.0,5132.713656251065,699.4713656251066,2124.3060000001146,634.0,0,0.0,25.714285714285715,324,936,2019-10-21,pct 0.5% 固定止损,half_buffer,topstep,150k
19,7,7,11,7482.009656251173,1911.0,5571.009656251173,680.1826960228337,2124.3060000001146,196.0,0,0.0,27.46031746031746,346,914,2019-12-19,pct 0.5% 固定止损,half_buffer,topstep,150k
19,7,7,12,7620.663656251223,1911.0,5709.663656251223,635.0553046876018,2124.3060000001146,154.0,0,0.0,28.41269841269841,358,902,2020-02-21,pct 0.5% 固定止损,half_buffer,topstep,150k
19,7,7,12,7638.510656251185,1911.0,5727.510656251185,636.5425546875988,2124.3060000001146,508.0,0,0.0,28.49206349206349,359,901,2020-04-22,pct 0.5% 固定止损,half_buffer,topstep,150k
18,6,6,13,7705.443656251482,1813.0,5892.443656251482,592.7264350962679,2124.3060000001146,296.0,0,0.0,26.904761904761905,339,921,2020-06-22,pct 0.5% 固定止损,half_buffer,topstep,150k
18,6,6,15,7967.809406251601,1862.0,6105.809406251601,531.1872937501067,2124.3060000001146,208.0,0,0.0,27.063492063492063,341,919,2020-08-20,pct 0.5% 固定止损,half_buffer,topstep,150k
17,6,6,12,7638.510656251185,1764.0,5874.510656251185,636.5425546875988,2124.3060000001146,382.0,0,0.0,26.904761904761905,339,921,2020-10-20,pct 0.5% 固定止损,half_buffer,topstep,150k
16,6,6,15,7967.809406251601,1764.0,6203.809406251601,531.1872937501067,2124.3060000001146,124.0,0,0.0,27.063492063492063,341,919,2020-12-18,pct 0.5% 固定止损,half_buffer,topstep,150k
13,5,5,17,11450.634468752012,1519.0,9931.634468752012,673.5667334560009,1510.1133750001813,284.0,0,0.0,26.50793650793651,334,926,2021-02-22,pct 0.5% 固定止损,half_buffer,topstep,150k
14,5,5,17,11450.634468752012,1568.0,9882.634468752012,673.5667334560009,1510.1133750001813,242.0,0,0.0,26.50793650793651,334,926,2021-04-22,pct 0.5% 固定止损,half_buffer,topstep,150k
16,5,5,12,7638.510656251185,1519.0,6119.510656251185,636.5425546875988,2124.3060000001146,214.0,0,0.0,20.238095238095237,255,1005,2021-06-22,pct 0.5% 固定止损,half_buffer,topstep,150k
16,5,5,12,7638.510656251185,1519.0,6119.510656251185,636.5425546875988,2124.3060000001146,172.0,0,0.0,20.238095238095237,255,1005,2021-08-20,pct 0.5% 固定止损,half_buffer,topstep,150k
20,1,1,1,2766.8880000001373,1029.0,1737.8880000001373,2766.8880000001373,2766.8880000001373,882.0,0,0.0,1.1904761904761905,15,1245,2010-06-07,pct 0.5% 固定止损,accumulate,topstep,150k
17,1,1,1,2766.8880000001373,882.0,1884.8880000001373,2766.8880000001373,2766.8880000001373,840.0,0,0.0,1.1904761904761905,15,1245,2011-03-15,pct 0.5% 固定止损,accumulate,topstep,150k
17,1,1,1,2766.8880000001373,882.0,1884.8880000001373,2766.8880000001373,2766.8880000001373,798.0,0,0.0,1.1904761904761905,15,1245,2011-09-26,pct 0.5% 固定止损,accumulate,topstep,150k
17,1,1,1,2766.8880000001373,882.0,1884.8880000001373,2766.8880000001373,2766.8880000001373,756.0,0,0.0,1.1904761904761905,15,1245,2012-07-05,pct 0.5% 固定止损,accumulate,topstep,150k
15,1,1,1,2766.8880000001373,784.0,1982.8880000001373,2766.8880000001373,2766.8880000001373,714.0,0,0.0,1.1904761904761905,15,1245,2012-10-16,pct 0.5% 固定止损,accumulate,topstep,150k
15,1,1,1,2766.8880000001373,784.0,1982.8880000001373,2766.8880000001373,2766.8880000001373,672.0,0,0.0,1.1904761904761905,15,1245,2013-01-11,pct 0.5% 固定止损,accumulate,topstep,150k
14,2,2,1,2766.8880000001373,784.0,1982.8880000001373,2766.8880000001373,2766.8880000001373,630.0,0,0.0,2.380952380952381,30,1230,2013-04-11,pct 0.5% 固定止损,accumulate,topstep,150k
14,2,2,3,6836.327999999881,833.0,6003.327999999881,2278.7759999999603,2766.8880000001373,588.0,0,0.0,4.444444444444445,56,1204,2013-06-11,pct 0.5% 固定止损,accumulate,topstep,150k
13,2,2,3,6836.327999999881,784.0,6052.327999999881,2278.7759999999603,2766.8880000001373,546.0,0,0.0,4.444444444444445,56,1204,2013-08-12,pct 0.5% 固定止损,accumulate,topstep,150k
13,2,2,3,6836.327999999881,784.0,6052.327999999881,2278.7759999999603,2766.8880000001373,504.0,0,0.0,4.444444444444445,56,1204,2013-10-10,pct 0.5% 固定止损,accumulate,topstep,150k
12,2,2,3,6836.327999999881,735.0,6101.327999999881,2278.7759999999603,2766.8880000001373,462.0,0,0.0,4.444444444444445,56,1204,2014-01-09,pct 0.5% 固定止损,accumulate,topstep,150k
13,2,2,3,6836.327999999881,784.0,6052.327999999881,2278.7759999999603,2766.8880000001373,420.0,0,0.0,4.444444444444445,56,1204,2014-04-03,pct 0.5% 固定止损,accumulate,topstep,150k
12,3,3,3,6836.327999999881,784.0,6052.327999999881,2278.7759999999603,2766.8880000001373,378.0,0,0.0,4.761904761904762,60,1200,2014-06-06,pct 0.5% 固定止损,accumulate,topstep,150k
12,3,3,4,8756.459999999603,882.0,7874.459999999603,2189.1149999999006,2766.8880000001373,336.0,0,0.0,8.095238095238095,102,1158,2014-08-08,pct 0.5% 固定止损,accumulate,topstep,150k
12,3,3,4,8756.459999999603,931.0,7825.459999999603,2189.1149999999006,2766.8880000001373,294.0,0,0.0,10.0,126,1134,2014-10-14,pct 0.5% 固定止损,accumulate,topstep,150k
11,3,3,4,8756.459999999603,882.0,7874.459999999603,2189.1149999999006,2766.8880000001373,252.0,0,0.0,10.0,126,1134,2015-01-14,pct 0.5% 固定止损,accumulate,topstep,150k
11,3,3,4,8756.459999999603,882.0,7874.459999999603,2189.1149999999006,2766.8880000001373,210.0,0,0.0,10.0,126,1134,2015-04-07,pct 0.5% 固定止损,accumulate,topstep,150k
10,4,4,5,11319.983999999746,1274.0,10045.983999999746,2263.996799999949,3292.740000000084,192.0,0,0.0,22.857142857142858,288,972,2015-06-05,pct 0.5% 固定止损,accumulate,topstep,150k
10,4,4,5,11319.983999999746,1274.0,10045.983999999746,2263.996799999949,3292.740000000084,150.0,0,0.0,22.857142857142858,288,972,2015-08-06,pct 0.5% 固定止损,accumulate,topstep,150k
8,5,5,4,8649.593999999715,1274.0,7375.593999999715,2162.398499999929,2608.9740000003803,118.0,0,0.0,26.11111111111111,329,931,2015-10-07,pct 0.5% 固定止损,accumulate,topstep,150k
9,5,5,3,6040.619999999335,1323.0,4717.619999999335,2013.5399999997783,2289.3839999997726,497.0,0,0.0,26.50793650793651,334,926,2015-12-17,pct 0.5% 固定止损,accumulate,topstep,150k
9,4,4,3,6040.619999999335,1176.0,4864.619999999335,2013.5399999997783,2289.3839999997726,455.0,0,0.0,21.58730158730159,272,988,2016-02-19,pct 0.5% 固定止损,accumulate,topstep,150k
10,4,4,3,6040.619999999335,1225.0,4815.619999999335,2013.5399999997783,2289.3839999997726,413.0,0,0.0,21.58730158730159,272,988,2016-04-20,pct 0.5% 固定止损,accumulate,topstep,150k
9,5,5,3,6040.619999999335,1225.0,4815.619999999335,2013.5399999997783,2289.3839999997726,371.0,0,0.0,23.015873015873016,290,970,2016-06-20,pct 0.5% 固定止损,accumulate,topstep,150k
9,4,4,3,5989.571999999465,980.0,5009.571999999465,1996.5239999998219,2256.7679999999123,512.0,0,0.0,16.26984126984127,205,1055,2016-08-18,pct 0.5% 固定止损,accumulate,topstep,150k
9,5,5,3,5989.571999999465,1274.0,4715.571999999465,1996.5239999998219,2256.7679999999123,470.0,0,0.0,25.555555555555557,322,938,2016-10-18,pct 0.5% 固定止损,accumulate,topstep,150k
14,6,6,2,5015.17799999975,1372.0,3643.1779999997498,2507.588999999875,2581.7039999999192,339.0,0,0.0,19.206349206349206,242,1018,2016-12-16,pct 0.5% 固定止损,accumulate,topstep,150k
15,5,5,1,2975.3099999998376,1323.0,1652.3099999998376,2975.3099999998376,2975.3099999998376,421.0,0,0.0,15.634920634920634,197,1063,2017-02-17,pct 0.5% 固定止损,accumulate,topstep,150k
12,6,6,3,5989.571999999465,1323.0,4666.571999999465,1996.5239999998219,2256.7679999999123,344.0,0,0.0,21.11111111111111,266,994,2017-04-20,pct 0.5% 固定止损,accumulate,topstep,150k
15,8,8,2,4503.059999999759,1617.0,2886.0599999997594,2251.5299999998797,2287.9799999996176,283.0,0,0.0,25.476190476190474,321,939,2017-06-20,pct 0.5% 固定止损,accumulate,topstep,150k
14,6,6,5,10207.008000000076,1470.0,8737.008000000076,2041.4016000000152,2256.7679999999123,260.0,0,0.0,23.96825396825397,302,958,2017-08-18,pct 0.5% 固定止损,accumulate,topstep,150k
14,6,6,5,10207.008000000076,1470.0,8737.008000000076,2041.4016000000152,2256.7679999999123,218.0,0,0.0,23.96825396825397,302,958,2017-10-18,pct 0.5% 固定止损,accumulate,topstep,150k
14,6,6,5,10207.008000000076,1470.0,8737.008000000076,2041.4016000000152,2256.7679999999123,176.0,0,0.0,23.96825396825397,302,958,2017-12-18,pct 0.5% 固定止损,accumulate,topstep,150k
16,7,7,4,9118.404000000339,1617.0,7501.404000000339,2279.6010000000847,2482.271999999831,163.0,0,0.0,23.96825396825397,302,958,2018-02-20,pct 0.5% 固定止损,accumulate,topstep,150k
18,7,7,3,6636.132000000507,1666.0,4970.132000000507,2212.044000000169,2418.6959999998976,141.0,0,0.0,22.142857142857142,279,981,2018-04-20,pct 0.5% 固定止损,accumulate,topstep,150k
19,7,7,3,6636.132000000507,1715.0,4921.132000000507,2212.044000000169,2418.6959999998976,99.0,0,0.0,22.142857142857142,279,981,2018-06-20,pct 0.5% 固定止损,accumulate,topstep,150k
18,7,7,2,4217.43600000061,1666.0,2551.43600000061,2108.718000000305,2215.0800000001414,928.0,0,0.0,22.38095238095238,282,978,2018-08-20,pct 0.5% 固定止损,accumulate,topstep,150k
18,7,7,3,6151.554000000837,1666.0,4485.554000000837,2050.518000000279,2215.0800000001414,886.0,0,0.0,22.063492063492063,278,982,2018-10-18,pct 0.5% 固定止损,accumulate,topstep,150k
17,7,7,4,8078.544000001261,1666.0,6412.544000001261,2019.6360000003153,2215.0800000001414,844.0,0,0.0,25.238095238095237,318,942,2018-12-19,pct 0.5% 固定止损,accumulate,topstep,150k
18,7,7,4,8078.544000001261,1862.0,6216.544000001261,2019.6360000003153,2215.0800000001414,802.0,0,0.0,28.41269841269841,358,902,2019-02-21,pct 0.5% 固定止损,accumulate,topstep,150k
17,7,7,4,8078.544000001261,1813.0,6265.544000001261,2019.6360000003153,2215.0800000001414,760.0,0,0.0,28.650793650793652,361,899,2019-04-23,pct 0.5% 固定止损,accumulate,topstep,150k
17,7,7,4,8078.544000001261,1813.0,6265.544000001261,2019.6360000003153,2215.0800000001414,718.0,0,0.0,28.41269841269841,358,902,2019-06-21,pct 0.5% 固定止损,accumulate,topstep,150k
17,7,7,4,8078.544000001261,1715.0,6363.544000001261,2019.6360000003153,2215.0800000001414,676.0,0,0.0,26.58730158730159,335,925,2019-08-21,pct 0.5% 固定止损,accumulate,topstep,150k
18,6,6,4,8078.544000001261,1715.0,6363.544000001261,2019.6360000003153,2215.0800000001414,634.0,0,0.0,25.238095238095237,318,942,2019-10-21,pct 0.5% 固定止损,accumulate,topstep,150k
17,7,7,4,8078.544000001261,1764.0,6314.544000001261,2019.6360000003153,2215.0800000001414,592.0,0,0.0,27.063492063492063,341,919,2019-12-19,pct 0.5% 固定止损,accumulate,topstep,150k
17,7,7,5,10037.91600000138,1764.0,8273.91600000138,2007.583200000276,2215.0800000001414,550.0,0,0.0,28.015873015873016,353,907,2020-02-21,pct 0.5% 固定止损,accumulate,topstep,150k
17,7,7,5,10037.91600000138,1764.0,8273.91600000138,2007.583200000276,2215.0800000001414,508.0,0,0.0,27.61904761904762,348,912,2020-04-22,pct 0.5% 固定止损,accumulate,topstep,150k
16,6,6,5,10037.91600000138,1715.0,8322.91600000138,2007.583200000276,2215.0800000001414,466.0,0,0.0,26.11111111111111,329,931,2020-06-22,pct 0.5% 固定止损,accumulate,topstep,150k
16,6,6,5,10037.91600000138,1715.0,8322.91600000138,2007.583200000276,2215.0800000001414,424.0,0,0.0,26.26984126984127,331,929,2020-08-20,pct 0.5% 固定止损,accumulate,topstep,150k
15,6,6,5,10037.91600000138,1617.0,8420.91600000138,2007.583200000276,2215.0800000001414,382.0,0,0.0,26.03174603174603,328,932,2020-10-20,pct 0.5% 固定止损,accumulate,topstep,150k
14,6,6,5,10037.91600000138,1617.0,8420.91600000138,2007.583200000276,2215.0800000001414,340.0,0,0.0,26.26984126984127,331,929,2020-12-18,pct 0.5% 固定止损,accumulate,topstep,150k
12,5,5,5,10290.906000001332,1274.0,9016.906000001332,2058.1812000002665,2468.0700000000943,284.0,0,0.0,19.126984126984127,241,1019,2021-02-22,pct 0.5% 固定止损,accumulate,topstep,150k
13,5,5,5,10290.906000001332,1323.0,8967.906000001332,2058.1812000002665,2468.0700000000943,242.0,0,0.0,19.126984126984127,241,1019,2021-04-22,pct 0.5% 固定止损,accumulate,topstep,150k
14,5,5,5,10037.91600000138,1372.0,8665.91600000138,2007.583200000276,2215.0800000001414,214.0,0,0.0,19.365079365079364,244,1016,2021-06-22,pct 0.5% 固定止损,accumulate,topstep,150k
14,5,5,5,10037.91600000138,1372.0,8665.91600000138,2007.583200000276,2215.0800000001414,172.0,0,0.0,19.365079365079364,244,1016,2021-08-20,pct 0.5% 固定止损,accumulate,topstep,150k
10,1,1,1,358.991999999978,588.0,-229.00800000002198,358.991999999978,358.991999999978,1245.0,0,0.0,2.857142857142857,36,1224,2010-06-07,pct 0.5% 移动止损,immediate,topstep,150k
9,1,1,2,380.3039999999455,637.0,-256.6960000000545,190.15199999997276,358.991999999978,1203.0,0,0.0,6.190476190476191,78,1182,2011-03-15,pct 0.5% 移动止损,immediate,topstep,150k
9,1,1,4,640.2419999998209,735.0,-94.7580000001791,160.06049999995523,358.991999999978,1161.0,0,0.0,9.523809523809524,120,1140,2011-09-26,pct 0.5% 移动止损,immediate,topstep,150k
9,1,1,6,2108.3399999997437,833.0,1275.3399999997437,351.3899999999573,816.4259999999603,1119.0,0,0.0,12.857142857142858,162,1098,2012-07-05,pct 0.5% 移动止损,immediate,topstep,150k
8,1,1,6,2108.3399999997437,833.0,1275.3399999997437,351.3899999999573,816.4259999999603,1077.0,0,0.0,13.492063492063492,170,1090,2012-10-16,pct 0.5% 移动止损,immediate,topstep,150k
9,1,1,6,2108.3399999997437,882.0,1226.3399999997437,351.3899999999573,816.4259999999603,1035.0,0,0.0,13.492063492063492,170,1090,2013-01-11,pct 0.5% 移动止损,immediate,topstep,150k
8,1,1,6,2108.3399999997437,833.0,1275.3399999997437,351.3899999999573,816.4259999999603,993.0,0,0.0,13.492063492063492,170,1090,2013-04-11,pct 0.5% 移动止损,immediate,topstep,150k
8,1,1,6,2108.3399999997437,833.0,1275.3399999997437,351.3899999999573,816.4259999999603,951.0,0,0.0,13.492063492063492,170,1090,2013-06-11,pct 0.5% 移动止损,immediate,topstep,150k
7,2,2,6,2108.3399999997437,882.0,1226.3399999997437,351.3899999999573,816.4259999999603,909.0,0,0.0,15.476190476190476,195,1065,2013-08-12,pct 0.5% 移动止损,immediate,topstep,150k
7,2,2,7,2908.8359999995623,980.0,1928.8359999995623,415.5479999999375,816.4259999999603,867.0,0,0.0,18.650793650793652,235,1025,2013-10-10,pct 0.5% 移动止损,immediate,topstep,150k
7,2,2,7,2908.8359999995623,980.0,1928.8359999995623,415.5479999999375,816.4259999999603,825.0,0,0.0,18.650793650793652,235,1025,2014-01-09,pct 0.5% 移动止损,immediate,topstep,150k
8,2,2,7,2908.8359999995623,1029.0,1879.8359999995623,415.5479999999375,816.4259999999603,783.0,0,0.0,18.650793650793652,235,1025,2014-04-03,pct 0.5% 移动止损,immediate,topstep,150k
8,2,2,7,2908.8359999995623,1029.0,1879.8359999995623,415.5479999999375,816.4259999999603,741.0,0,0.0,18.650793650793652,235,1025,2014-06-06,pct 0.5% 移动止损,immediate,topstep,150k
8,2,2,7,2908.8359999995623,1029.0,1879.8359999995623,415.5479999999375,816.4259999999603,699.0,0,0.0,18.650793650793652,235,1025,2014-08-08,pct 0.5% 移动止损,immediate,topstep,150k
8,2,2,7,2908.8359999995623,1029.0,1879.8359999995623,415.5479999999375,816.4259999999603,657.0,0,0.0,18.650793650793652,235,1025,2014-10-14,pct 0.5% 移动止损,immediate,topstep,150k
7,2,2,7,2908.8359999995623,980.0,1928.8359999995623,415.5479999999375,816.4259999999603,615.0,0,0.0,18.650793650793652,235,1025,2015-01-14,pct 0.5% 移动止损,immediate,topstep,150k
7,2,2,7,2908.8359999995623,980.0,1928.8359999995623,415.5479999999375,816.4259999999603,573.0,0,0.0,18.650793650793652,235,1025,2015-04-07,pct 0.5% 移动止损,immediate,topstep,150k
7,3,3,7,2908.8359999995623,1029.0,1879.8359999995623,415.5479999999375,816.4259999999603,531.0,0,0.0,19.444444444444443,245,1015,2015-06-05,pct 0.5% 移动止损,immediate,topstep,150k
7,3,3,9,3388.931999999879,1078.0,2310.931999999879,376.54799999998653,816.4259999999603,489.0,0,0.0,22.61904761904762,285,975,2015-08-06,pct 0.5% 移动止损,immediate,topstep,150k
6,3,3,11,5520.366000000018,1176.0,4344.366000000018,501.8514545454562,1371.8880000001634,433.0,0,0.0,26.904761904761905,339,921,2015-10-07,pct 0.5% 移动止损,immediate,topstep,150k
8,3,3,11,6551.748000000027,1323.0,5228.748000000027,595.613454545457,1435.8239999999876,384.0,0,0.0,27.38095238095238,345,915,2015-12-17,pct 0.5% 移动止损,immediate,topstep,150k
8,3,3,10,5115.92400000004,1323.0,3792.92400000004,511.592400000004,1371.8880000001634,363.0,0,0.0,27.063492063492063,341,919,2016-02-19,pct 0.5% 移动止损,immediate,topstep,150k
9,3,3,10,5115.92400000004,1372.0,3743.92400000004,511.592400000004,1371.8880000001634,321.0,0,0.0,27.063492063492063,341,919,2016-04-20,pct 0.5% 移动止损,immediate,topstep,150k
9,3,3,11,6230.196000000028,1372.0,4858.196000000028,566.3814545454571,1469.3759999999863,260.0,0,0.0,27.3015873015873,344,916,2016-06-20,pct 0.5% 移动止损,immediate,topstep,150k
8,3,3,11,5520.366000000018,1323.0,4197.366000000018,501.8514545454562,1371.8880000001634,223.0,0,0.0,27.857142857142858,351,909,2016-08-18,pct 0.5% 移动止损,immediate,topstep,150k
8,3,3,7,4290.174000000093,1176.0,3114.1740000000927,612.8820000000132,1371.8880000001634,286.0,0,0.0,22.22222222222222,280,980,2016-10-18,pct 0.5% 移动止损,immediate,topstep,150k
9,2,2,4,3007.5840000002963,931.0,2076.5840000002963,751.8960000000741,1371.8880000001634,526.0,0,0.0,13.571428571428571,171,1089,2016-12-16,pct 0.5% 移动止损,immediate,topstep,150k
8,2,2,4,3007.5840000002963,882.0,2125.5840000002963,751.8960000000741,1371.8880000001634,484.0,0,0.0,13.571428571428571,171,1089,2017-02-17,pct 0.5% 移动止损,immediate,topstep,150k
9,3,3,4,3007.5840000002963,1029.0,1978.5840000002963,751.8960000000741,1371.8880000001634,442.0,0,0.0,16.825396825396826,212,1048,2017-04-20,pct 0.5% 移动止损,immediate,topstep,150k
9,2,2,4,3007.5840000002963,931.0,2076.5840000002963,751.8960000000741,1371.8880000001634,400.0,0,0.0,13.571428571428571,171,1089,2017-06-20,pct 0.5% 移动止损,immediate,topstep,150k
9,3,3,4,3007.5840000002963,1029.0,1978.5840000002963,751.8960000000741,1371.8880000001634,358.0,0,0.0,16.666666666666668,210,1050,2017-08-18,pct 0.5% 移动止损,immediate,topstep,150k
10,3,3,4,3007.5840000002963,1078.0,1929.5840000002963,751.8960000000741,1371.8880000001634,316.0,0,0.0,16.666666666666668,210,1050,2017-10-18,pct 0.5% 移动止损,immediate,topstep,150k
10,3,3,4,3007.5840000002963,1078.0,1929.5840000002963,751.8960000000741,1371.8880000001634,274.0,0,0.0,16.666666666666668,210,1050,2017-12-18,pct 0.5% 移动止损,immediate,topstep,150k
9,3,3,4,3007.5840000002963,1029.0,1978.5840000002963,751.8960000000741,1371.8880000001634,232.0,0,0.0,16.666666666666668,210,1050,2018-02-20,pct 0.5% 移动止损,immediate,topstep,150k
9,3,3,4,3007.5840000002963,1029.0,1978.5840000002963,751.8960000000741,1371.8880000001634,190.0,0,0.0,16.666666666666668,210,1050,2018-04-20,pct 0.5% 移动止损,immediate,topstep,150k
8,3,3,4,3007.5840000002963,980.0,2027.5840000002963,751.8960000000741,1371.8880000001634,148.0,0,0.0,16.666666666666668,210,1050,2018-06-20,pct 0.5% 移动止损,immediate,topstep,150k
9,2,2,2,937.0440000007628,833.0,104.04400000076282,468.5220000003814,634.7160000004108,505.0,0,0.0,11.666666666666666,147,1113,2018-08-20,pct 0.5% 移动止损,immediate,topstep,150k
7,1,1,0,0.0,441.0,-441.0,0.0,0.0,,0,0.0,3.0952380952380953,39,1221,2018-10-18,pct 0.5% 移动止损,immediate,topstep,150k
9,2,2,0,0.0,686.0,-686.0,0.0,0.0,,0,0.0,6.666666666666667,84,1176,2018-12-19,pct 0.5% 移动止损,immediate,topstep,150k
9,2,2,3,2207.0880000004777,833.0,1374.0880000004777,735.6960000001592,1371.8880000001634,346.0,0,0.0,11.507936507936508,145,1115,2019-02-21,pct 0.5% 移动止损,immediate,topstep,150k
9,2,2,5,4284.503999999972,833.0,3451.5039999999717,856.9007999999943,1585.512000000151,273.0,0,0.0,12.46031746031746,157,1103,2019-04-23,pct 0.5% 移动止损,immediate,topstep,150k
9,2,2,4,3182.9940000006577,833.0,2349.9940000006577,795.7485000001644,1753.344000000239,258.0,0,0.0,11.984126984126984,151,1109,2019-06-21,pct 0.5% 移动止损,immediate,topstep,150k
10,3,3,3,1006.0920000008948,980.0,26.092000000894814,335.3640000002983,634.7160000004108,253.0,0,0.0,13.65079365079365,172,1088,2019-08-21,pct 0.5% 移动止损,immediate,topstep,150k
10,3,3,5,3465.9540000007314,1078.0,2387.9540000007314,693.1908000001463,1371.8880000001634,175.0,0,0.0,17.3015873015873,218,1042,2019-10-21,pct 0.5% 移动止损,immediate,topstep,150k
9,3,3,8,6146.478000001033,1127.0,5019.478000001033,768.309750000129,1873.080000000063,133.0,0,0.0,20.634920634920636,260,1000,2019-12-19,pct 0.5% 移动止损,immediate,topstep,150k
7,2,2,8,5820.948000000918,833.0,4987.948000000918,727.6185000001148,1873.080000000063,1130.0,0,0.0,15.0,189,1071,2020-02-21,pct 0.5% 移动止损,immediate,topstep,150k
9,2,2,10,10204.812000001095,1029.0,9175.812000001095,1020.4812000001095,2712.420000000094,1088.0,0,0.0,18.253968253968253,230,1030,2020-04-22,pct 0.5% 移动止损,immediate,topstep,150k
9,2,2,10,10204.812000001095,1029.0,9175.812000001095,1020.4812000001095,2712.420000000094,1046.0,0,0.0,17.61904761904762,222,1038,2020-06-22,pct 0.5% 移动止损,immediate,topstep,150k
10,2,2,10,10204.812000001095,1078.0,9126.812000001095,1020.4812000001095,2712.420000000094,1004.0,0,0.0,17.61904761904762,222,1038,2020-08-20,pct 0.5% 移动止损,immediate,topstep,150k
10,2,2,10,10204.812000001095,1078.0,9126.812000001095,1020.4812000001095,2712.420000000094,962.0,0,0.0,18.253968253968253,230,1030,2020-10-20,pct 0.5% 移动止损,immediate,topstep,150k
9,2,2,10,10204.812000001095,1029.0,9175.812000001095,1020.4812000001095,2712.420000000094,920.0,0,0.0,18.253968253968253,230,1030,2020-12-18,pct 0.5% 移动止损,immediate,topstep,150k
8,2,2,10,10204.812000001095,980.0,9224.812000001095,1020.4812000001095,2712.420000000094,878.0,0,0.0,18.253968253968253,230,1030,2021-02-22,pct 0.5% 移动止损,immediate,topstep,150k
8,2,2,10,10204.812000001095,980.0,9224.812000001095,1020.4812000001095,2712.420000000094,836.0,0,0.0,17.46031746031746,220,1040,2021-04-22,pct 0.5% 移动止损,immediate,topstep,150k
8,2,2,10,10204.812000001095,980.0,9224.812000001095,1020.4812000001095,2712.420000000094,794.0,0,0.0,18.253968253968253,230,1030,2021-06-22,pct 0.5% 移动止损,immediate,topstep,150k
9,2,2,10,10204.812000001095,1029.0,9175.812000001095,1020.4812000001095,2712.420000000094,752.0,0,0.0,18.253968253968253,230,1030,2021-08-20,pct 0.5% 移动止损,immediate,topstep,150k
10,1,1,1,179.495999999989,588.0,-408.504000000011,179.495999999989,179.495999999989,1245.0,0,0.0,2.857142857142857,36,1224,2010-06-07,pct 0.5% 移动止损,half_buffer,topstep,150k
9,1,1,3,213.6059999999707,637.0,-423.39400000002934,71.20199999999024,179.495999999989,1203.0,0,0.0,6.190476190476191,78,1182,2011-03-15,pct 0.5% 移动止损,half_buffer,topstep,150k
9,1,1,5,487.1384999999078,735.0,-247.86150000009218,97.42769999998157,179.495999999989,1161.0,0,0.0,9.523809523809524,120,1140,2011-09-26,pct 0.5% 移动止损,half_buffer,topstep,150k
9,1,1,7,1540.1216249998135,833.0,707.1216249998135,220.01737499997336,568.218374999956,1119.0,0,0.0,12.857142857142858,162,1098,2012-07-05,pct 0.5% 移动止损,half_buffer,topstep,150k
8,1,1,7,1540.1216249998135,833.0,707.1216249998135,220.01737499997336,568.218374999956,1077.0,0,0.0,13.571428571428571,171,1089,2012-10-16,pct 0.5% 移动止损,half_buffer,topstep,150k
9,1,1,7,1540.1216249998135,882.0,658.1216249998135,220.01737499997336,568.218374999956,1035.0,0,0.0,13.571428571428571,171,1089,2013-01-11,pct 0.5% 移动止损,half_buffer,topstep,150k
8,1,1,7,1540.1216249998135,833.0,707.1216249998135,220.01737499997336,568.218374999956,993.0,0,0.0,13.571428571428571,171,1089,2013-04-11,pct 0.5% 移动止损,half_buffer,topstep,150k
8,1,1,7,1540.1216249998135,833.0,707.1216249998135,220.01737499997336,568.218374999956,951.0,0,0.0,13.571428571428571,171,1089,2013-06-11,pct 0.5% 移动止损,half_buffer,topstep,150k
7,2,2,7,1540.1216249998135,882.0,658.1216249998135,220.01737499997336,568.218374999956,909.0,0,0.0,15.555555555555555,196,1064,2013-08-12,pct 0.5% 移动止损,half_buffer,topstep,150k
6,2,2,8,1940.3696249997229,931.0,1009.3696249997229,242.5462031249654,568.218374999956,867.0,0,0.0,18.88888888888889,238,1022,2013-10-10,pct 0.5% 移动止损,half_buffer,topstep,150k
7,2,2,8,1940.3696249997229,980.0,960.3696249997229,242.5462031249654,568.218374999956,825.0,0,0.0,19.206349206349206,242,1018,2014-01-09,pct 0.5% 移动止损,half_buffer,topstep,150k
8,2,2,8,1940.3696249997229,1029.0,911.3696249997229,242.5462031249654,568.218374999956,783.0,0,0.0,19.206349206349206,242,1018,2014-04-03,pct 0.5% 移动止损,half_buffer,topstep,150k
8,2,2,8,1940.3696249997229,1029.0,911.3696249997229,242.5462031249654,568.218374999956,741.0,0,0.0,19.206349206349206,242,1018,2014-06-06,pct 0.5% 移动止损,half_buffer,topstep,150k
8,2,2,8,1940.3696249997229,1029.0,911.3696249997229,242.5462031249654,568.218374999956,699.0,0,0.0,19.206349206349206,242,1018,2014-08-08,pct 0.5% 移动止损,half_buffer,topstep,150k
8,2,2,8,1940.3696249997229,1029.0,911.3696249997229,242.5462031249654,568.218374999956,657.0,0,0.0,19.206349206349206,242,1018,2014-10-14,pct 0.5% 移动止损,half_buffer,topstep,150k
7,2,2,8,1940.3696249997229,980.0,960.3696249997229,242.5462031249654,568.218374999956,615.0,0,0.0,19.206349206349206,242,1018,2015-01-14,pct 0.5% 移动止损,half_buffer,topstep,150k
7,2,2,8,1940.3696249997229,980.0,960.3696249997229,242.5462031249654,568.218374999956,573.0,0,0.0,19.206349206349206,242,1018,2015-04-07,pct 0.5% 移动止损,half_buffer,topstep,150k
7,3,3,8,1940.3696249997229,1029.0,911.3696249997229,242.5462031249654,568.218374999956,531.0,0,0.0,20.555555555555557,259,1001,2015-06-05,pct 0.5% 移动止损,half_buffer,topstep,150k
7,3,3,9,2361.0239999996993,1127.0,1234.0239999996993,262.33599999996665,668.6549999999319,489.0,0,0.0,23.73015873015873,299,961,2015-08-06,pct 0.5% 移动止损,half_buffer,topstep,150k
6,3,3,13,4380.495750000078,1176.0,3204.4957500000783,336.9612115384676,937.0777500001656,433.0,0,0.0,27.936507936507937,352,908,2015-10-07,pct 0.5% 移动止损,half_buffer,topstep,150k
8,3,3,13,5314.867312500041,1323.0,3991.8673125000414,408.8359471153878,937.0777500001656,384.0,0,0.0,29.126984126984127,367,893,2015-12-17,pct 0.5% 移动止损,half_buffer,topstep,150k
8,3,3,12,3892.2007500001146,1323.0,2569.2007500001146,324.3500625000095,937.0777500001656,363.0,0,0.0,28.253968253968253,356,904,2016-02-19,pct 0.5% 移动止损,half_buffer,topstep,150k
9,3,3,12,3892.2007500001146,1372.0,2520.2007500001146,324.3500625000095,937.0777500001656,321.0,0,0.0,28.253968253968253,356,904,2016-04-20,pct 0.5% 移动止损,half_buffer,topstep,150k
9,3,3,13,5003.507250000105,1372.0,3631.507250000105,384.88517307693115,937.0777500001656,260.0,0,0.0,29.047619047619047,366,894,2016-06-20,pct 0.5% 移动止损,half_buffer,topstep,150k
8,3,3,13,4380.495750000078,1323.0,3057.4957500000783,336.9612115384676,937.0777500001656,223.0,0,0.0,28.96825396825397,365,895,2016-08-18,pct 0.5% 移动止损,half_buffer,topstep,150k
8,3,3,8,3279.445875000145,1176.0,2103.445875000145,409.93073437501806,937.0777500001656,286.0,0,0.0,23.41269841269841,295,965,2016-10-18,pct 0.5% 移动止损,half_buffer,topstep,150k
9,2,2,5,2352.079125000301,931.0,1421.0791250003008,470.4158250000602,937.0777500001656,526.0,0,0.0,14.682539682539682,185,1075,2016-12-16,pct 0.5% 移动止损,half_buffer,topstep,150k
8,2,2,5,2352.079125000301,882.0,1470.0791250003008,470.4158250000602,937.0777500001656,484.0,0,0.0,14.682539682539682,185,1075,2017-02-17,pct 0.5% 移动止损,half_buffer,topstep,150k
9,3,3,5,2352.079125000301,1029.0,1323.0791250003008,470.4158250000602,937.0777500001656,442.0,0,0.0,17.936507936507937,226,1034,2017-04-20,pct 0.5% 移动止损,half_buffer,topstep,150k
9,2,2,5,2352.079125000301,931.0,1421.0791250003008,470.4158250000602,937.0777500001656,400.0,0,0.0,14.682539682539682,185,1075,2017-06-20,pct 0.5% 移动止损,half_buffer,topstep,150k
9,3,3,5,2352.079125000301,1029.0,1323.0791250003008,470.4158250000602,937.0777500001656,358.0,0,0.0,17.77777777777778,224,1036,2017-08-18,pct 0.5% 移动止损,half_buffer,topstep,150k
10,3,3,5,2352.079125000301,1078.0,1274.0791250003008,470.4158250000602,937.0777500001656,316.0,0,0.0,17.77777777777778,224,1036,2017-10-18,pct 0.5% 移动止损,half_buffer,topstep,150k
10,3,3,5,2352.079125000301,1078.0,1274.0791250003008,470.4158250000602,937.0777500001656,274.0,0,0.0,17.77777777777778,224,1036,2017-12-18,pct 0.5% 移动止损,half_buffer,topstep,150k
9,3,3,5,2352.079125000301,1029.0,1323.0791250003008,470.4158250000602,937.0777500001656,232.0,0,0.0,17.77777777777778,224,1036,2018-02-20,pct 0.5% 移动止损,half_buffer,topstep,150k
9,3,3,5,2352.079125000301,1029.0,1323.0791250003008,470.4158250000602,937.0777500001656,190.0,0,0.0,17.77777777777778,224,1036,2018-04-20,pct 0.5% 移动止损,half_buffer,topstep,150k
8,3,3,5,2352.079125000301,980.0,1372.0791250003008,470.4158250000602,937.0777500001656,148.0,0,0.0,17.77777777777778,224,1036,2018-06-20,pct 0.5% 移动止损,half_buffer,topstep,150k
9,2,2,3,594.7425000006392,833.0,-238.2574999993608,198.24750000021308,317.3580000002054,505.0,0,0.0,11.666666666666666,147,1113,2018-08-20,pct 0.5% 移动止损,half_buffer,topstep,150k
7,1,1,0,0.0,441.0,-441.0,0.0,0.0,,0,0.0,3.0952380952380953,39,1221,2018-10-18,pct 0.5% 移动止损,half_buffer,topstep,150k
9,2,2,0,0.0,686.0,-686.0,0.0,0.0,,0,0.0,6.666666666666667,84,1176,2018-12-19,pct 0.5% 移动止损,half_buffer,topstep,150k
9,2,2,4,1721.5920000005283,833.0,888.5920000005283,430.3980000001321,813.8880000001635,346.0,0,0.0,11.507936507936508,145,1115,2019-02-21,pct 0.5% 移动止损,half_buffer,topstep,150k
9,2,2,6,3457.3125937500504,931.0,2526.3125937500504,576.2187656250084,1145.0548125001326,273.0,0,0.0,15.555555555555555,196,1064,2019-04-23,pct 0.5% 移动止损,half_buffer,topstep,150k
9,2,2,5,2663.408250000536,833.0,1830.408250000536,532.6816500001072,1026.4950000001468,258.0,0,0.0,12.142857142857142,153,1107,2019-06-21,pct 0.5% 移动止损,half_buffer,topstep,150k
10,3,3,4,629.2665000007053,980.0,-350.73349999929474,157.31662500017632,317.3580000002054,253.0,0,0.0,13.65079365079365,172,1088,2019-08-21,pct 0.5% 移动止损,half_buffer,topstep,150k
10,3,3,6,2237.131125000588,1078.0,1159.1311250005879,372.855187500098,937.0777500001656,175.0,0,0.0,17.46031746031746,220,1040,2019-10-21,pct 0.5% 移动止损,half_buffer,topstep,150k
9,3,3,9,4253.0951250009075,1127.0,3126.0951250009075,472.56612500010084,1172.6280000001032,133.0,0,0.0,20.793650793650794,262,998,2019-12-19,pct 0.5% 移动止损,half_buffer,topstep,150k
7,2,2,9,6933.5662500008475,833.0,6100.5662500008475,770.3962500000939,1471.533750000084,1130.0,0,0.0,15.0,189,1071,2020-02-21,pct 0.5% 移动止损,half_buffer,topstep,150k
8,2,2,11,9025.857562501033,980.0,8045.857562501033,820.5325056819119,1471.533750000084,1088.0,0,0.0,18.41269841269841,232,1028,2020-04-22,pct 0.5% 移动止损,half_buffer,topstep,150k
9,2,2,13,11032.049390626247,1127.0,9905.049390626247,848.6191838943266,1471.533750000084,1046.0,0,0.0,20.873015873015873,263,997,2020-06-22,pct 0.5% 移动止损,half_buffer,topstep,150k
9,2,2,13,11032.049390626247,1127.0,9905.049390626247,848.6191838943266,1471.533750000084,1004.0,0,0.0,20.873015873015873,263,997,2020-08-20,pct 0.5% 移动止损,half_buffer,topstep,150k
9,2,2,13,11032.049390626247,1127.0,9905.049390626247,848.6191838943266,1471.533750000084,962.0,0,0.0,21.50793650793651,271,989,2020-10-20,pct 0.5% 移动止损,half_buffer,topstep,150k
8,2,2,13,11032.049390626247,1078.0,9954.049390626247,848.6191838943266,1471.533750000084,920.0,0,0.0,21.50793650793651,271,989,2020-12-18,pct 0.5% 移动止损,half_buffer,topstep,150k
7,2,2,13,11032.049390626247,1029.0,10003.049390626247,848.6191838943266,1471.533750000084,878.0,0,0.0,21.50793650793651,271,989,2021-02-22,pct 0.5% 移动止损,half_buffer,topstep,150k
8,2,2,13,11032.049390626247,1078.0,9954.049390626247,848.6191838943266,1471.533750000084,836.0,0,0.0,20.714285714285715,261,999,2021-04-22,pct 0.5% 移动止损,half_buffer,topstep,150k
8,2,2,13,11032.049390626247,1078.0,9954.049390626247,848.6191838943266,1471.533750000084,794.0,0,0.0,21.50793650793651,271,989,2021-06-22,pct 0.5% 移动止损,half_buffer,topstep,150k
8,2,2,13,11032.049390626247,1078.0,9954.049390626247,848.6191838943266,1471.533750000084,752.0,0,0.0,21.50793650793651,271,989,2021-08-20,pct 0.5% 移动止损,half_buffer,topstep,150k
10,1,1,0,0.0,588.0,-588.0,0.0,0.0,,0,0.0,2.857142857142857,36,1224,2010-06-07,pct 0.5% 移动止损,accumulate,topstep,150k
9,1,1,0,0.0,637.0,-637.0,0.0,0.0,,0,0.0,6.190476190476191,78,1182,2011-03-15,pct 0.5% 移动止损,accumulate,topstep,150k
9,1,1,0,0.0,735.0,-735.0,0.0,0.0,,0,0.0,9.523809523809524,120,1140,2011-09-26,pct 0.5% 移动止损,accumulate,topstep,150k
10,1,1,1,1920.4739999997516,882.0,1038.4739999997516,1920.4739999997516,1920.4739999997516,1227.0,0,0.0,12.142857142857142,153,1107,2012-07-05,pct 0.5% 移动止损,accumulate,topstep,150k
8,1,1,1,1920.4739999997516,784.0,1136.4739999997516,1920.4739999997516,1920.4739999997516,1185.0,0,0.0,12.142857142857142,153,1107,2012-10-16,pct 0.5% 移动止损,accumulate,topstep,150k
9,1,1,1,1920.4739999997516,833.0,1087.4739999997516,1920.4739999997516,1920.4739999997516,1143.0,0,0.0,12.142857142857142,153,1107,2013-01-11,pct 0.5% 移动止损,accumulate,topstep,150k
8,1,1,1,1920.4739999997516,784.0,1136.4739999997516,1920.4739999997516,1920.4739999997516,1101.0,0,0.0,12.142857142857142,153,1107,2013-04-11,pct 0.5% 移动止损,accumulate,topstep,150k
8,1,1,1,1920.4739999997516,784.0,1136.4739999997516,1920.4739999997516,1920.4739999997516,1059.0,0,0.0,12.142857142857142,153,1107,2013-06-11,pct 0.5% 移动止损,accumulate,topstep,150k
7,2,2,1,1920.4739999997516,833.0,1087.4739999997516,1920.4739999997516,1920.4739999997516,1017.0,0,0.0,14.126984126984127,178,1082,2013-08-12,pct 0.5% 移动止损,accumulate,topstep,150k
6,2,2,1,1920.4739999997516,882.0,1038.4739999997516,1920.4739999997516,1920.4739999997516,975.0,0,0.0,17.46031746031746,220,1040,2013-10-10,pct 0.5% 移动止损,accumulate,topstep,150k
7,2,2,1,1920.4739999997516,931.0,989.4739999997516,1920.4739999997516,1920.4739999997516,933.0,0,0.0,17.857142857142858,225,1035,2014-01-09,pct 0.5% 移动止损,accumulate,topstep,150k
8,2,2,1,1920.4739999997516,980.0,940.4739999997516,1920.4739999997516,1920.4739999997516,891.0,0,0.0,17.857142857142858,225,1035,2014-04-03,pct 0.5% 移动止损,accumulate,topstep,150k
8,2,2,1,1920.4739999997516,980.0,940.4739999997516,1920.4739999997516,1920.4739999997516,849.0,0,0.0,17.857142857142858,225,1035,2014-06-06,pct 0.5% 移动止损,accumulate,topstep,150k
8,2,2,1,1920.4739999997516,980.0,940.4739999997516,1920.4739999997516,1920.4739999997516,807.0,0,0.0,17.857142857142858,225,1035,2014-08-08,pct 0.5% 移动止损,accumulate,topstep,150k
7,2,2,1,1920.4739999997516,931.0,989.4739999997516,1920.4739999997516,1920.4739999997516,765.0,0,0.0,17.857142857142858,225,1035,2014-10-14,pct 0.5% 移动止损,accumulate,topstep,150k
6,2,2,1,1920.4739999997516,882.0,1038.4739999997516,1920.4739999997516,1920.4739999997516,723.0,0,0.0,17.857142857142858,225,1035,2015-01-14,pct 0.5% 移动止损,accumulate,topstep,150k
7,2,2,1,1920.4739999997516,931.0,989.4739999997516,1920.4739999997516,1920.4739999997516,681.0,0,0.0,17.857142857142858,225,1035,2015-04-07,pct 0.5% 移动止损,accumulate,topstep,150k
7,2,2,1,1920.4739999997516,931.0,989.4739999997516,1920.4739999997516,1920.4739999997516,639.0,0,0.0,17.857142857142858,225,1035,2015-06-05,pct 0.5% 移动止损,accumulate,topstep,150k
7,2,2,1,1864.4939999997412,931.0,933.4939999997412,1864.4939999997412,1864.4939999997412,600.0,0,0.0,17.61904761904762,222,1038,2015-08-06,pct 0.5% 移动止损,accumulate,topstep,150k
6,2,2,1,2082.1139999998095,882.0,1200.1139999998095,2082.1139999998095,2082.1139999998095,539.0,0,0.0,19.047619047619047,240,1020,2015-10-07,pct 0.5% 移动止损,accumulate,topstep,150k
6,2,2,2,3655.4219999997267,882.0,2773.4219999997267,1827.7109999998634,1839.2939999997936,436.0,0,0.0,18.73015873015873,236,1024,2015-12-17,pct 0.5% 移动止损,accumulate,topstep,150k
6,2,2,1,1920.4739999997516,882.0,1038.4739999997516,1920.4739999997516,1920.4739999997516,471.0,0,0.0,17.857142857142858,225,1035,2016-02-19,pct 0.5% 移动止损,accumulate,topstep,150k
7,2,2,1,1920.4739999997516,931.0,989.4739999997516,1920.4739999997516,1920.4739999997516,429.0,0,0.0,17.857142857142858,225,1035,2016-04-20,pct 0.5% 移动止损,accumulate,topstep,150k
7,2,2,1,1851.6959999999235,980.0,871.6959999999235,1851.6959999999235,1851.6959999999235,320.0,0,0.0,20.158730158730158,254,1006,2016-06-20,pct 0.5% 移动止损,accumulate,topstep,150k
6,2,2,1,2082.1139999998095,882.0,1200.1139999998095,2082.1139999998095,2082.1139999998095,329.0,0,0.0,19.047619047619047,240,1020,2016-08-18,pct 0.5% 移动止损,accumulate,topstep,150k
6,2,2,0,0.0,784.0,-784.0,0.0,0.0,,0,0.0,14.444444444444445,182,1078,2016-10-18,pct 0.5% 移动止损,accumulate,topstep,150k
7,1,1,0,0.0,539.0,-539.0,0.0,0.0,,0,0.0,5.714285714285714,72,1188,2016-12-16,pct 0.5% 移动止损,accumulate,topstep,150k
7,1,1,0,0.0,539.0,-539.0,0.0,0.0,,0,0.0,5.714285714285714,72,1188,2017-02-17,pct 0.5% 移动止损,accumulate,topstep,150k
7,2,2,0,0.0,637.0,-637.0,0.0,0.0,,0,0.0,8.968253968253968,113,1147,2017-04-20,pct 0.5% 移动止损,accumulate,topstep,150k
7,1,1,0,0.0,539.0,-539.0,0.0,0.0,,0,0.0,5.714285714285714,72,1188,2017-06-20,pct 0.5% 移动止损,accumulate,topstep,150k
7,2,2,0,0.0,637.0,-637.0,0.0,0.0,,0,0.0,8.80952380952381,111,1149,2017-08-18,pct 0.5% 移动止损,accumulate,topstep,150k
8,2,2,0,0.0,686.0,-686.0,0.0,0.0,,0,0.0,8.80952380952381,111,1149,2017-10-18,pct 0.5% 移动止损,accumulate,topstep,150k
8,2,2,0,0.0,686.0,-686.0,0.0,0.0,,0,0.0,8.80952380952381,111,1149,2017-12-18,pct 0.5% 移动止损,accumulate,topstep,150k
7,2,2,0,0.0,637.0,-637.0,0.0,0.0,,0,0.0,8.80952380952381,111,1149,2018-02-20,pct 0.5% 移动止损,accumulate,topstep,150k
7,2,2,0,0.0,637.0,-637.0,0.0,0.0,,0,0.0,8.80952380952381,111,1149,2018-04-20,pct 0.5% 移动止损,accumulate,topstep,150k
6,2,2,0,0.0,588.0,-588.0,0.0,0.0,,0,0.0,8.80952380952381,111,1149,2018-06-20,pct 0.5% 移动止损,accumulate,topstep,150k
8,2,2,0,0.0,784.0,-784.0,0.0,0.0,,0,0.0,11.428571428571429,144,1116,2018-08-20,pct 0.5% 移动止损,accumulate,topstep,150k
7,1,1,0,0.0,441.0,-441.0,0.0,0.0,,0,0.0,3.0952380952380953,39,1221,2018-10-18,pct 0.5% 移动止损,accumulate,topstep,150k
9,2,2,0,0.0,686.0,-686.0,0.0,0.0,,0,0.0,6.666666666666667,84,1176,2018-12-19,pct 0.5% 移动止损,accumulate,topstep,150k
9,2,2,1,1917.4320000004025,784.0,1133.4320000004025,1917.4320000004025,1917.4320000004025,380.0,0,0.0,11.428571428571429,144,1116,2019-02-21,pct 0.5% 移动止损,accumulate,topstep,150k
9,2,2,2,3639.0959999998713,931.0,2708.0959999998713,1819.5479999999357,1828.962000000413,285.0,0,0.0,16.03174603174603,202,1058,2019-04-23,pct 0.5% 移动止损,accumulate,topstep,150k
9,2,2,1,1968.2100000002306,833.0,1135.2100000002306,1968.2100000002306,1968.2100000002306,289.0,0,0.0,12.222222222222221,154,1106,2019-06-21,pct 0.5% 移动止损,accumulate,topstep,150k
9,3,3,0,0.0,931.0,-931.0,0.0,0.0,,0,0.0,13.412698412698413,169,1091,2019-08-21,pct 0.5% 移动止损,accumulate,topstep,150k
10,3,3,1,2470.4460000003164,1078.0,1392.4460000003164,2470.4460000003164,2470.4460000003164,211.0,0,0.0,17.22222222222222,217,1043,2019-10-21,pct 0.5% 移动止损,accumulate,topstep,150k
9,3,3,3,6792.786000000977,1127.0,5665.786000000977,2264.2620000003258,2470.4460000003164,169.0,0,0.0,20.555555555555557,259,1001,2019-12-19,pct 0.5% 移动止损,accumulate,topstep,150k
7,2,2,4,8405.100000000943,833.0,7572.100000000943,2101.2750000002357,2243.160000000126,1196.0,0,0.0,15.0,189,1071,2020-02-21,pct 0.5% 移动止损,accumulate,topstep,150k
8,2,2,5,10443.240000001131,980.0,9463.240000001131,2088.648000000226,2243.160000000126,1154.0,0,0.0,18.41269841269841,232,1028,2020-04-22,pct 0.5% 移动止损,accumulate,topstep,150k
9,2,2,6,12245.292000001313,1078.0,11167.292000001313,2040.8820000002188,2243.160000000126,1112.0,0,0.0,20.714285714285715,261,999,2020-06-22,pct 0.5% 移动止损,accumulate,topstep,150k
9,2,2,6,12245.292000001313,1078.0,11167.292000001313,2040.8820000002188,2243.160000000126,1070.0,0,0.0,20.714285714285715,261,999,2020-08-20,pct 0.5% 移动止损,accumulate,topstep,150k
9,2,2,6,12245.292000001313,1078.0,11167.292000001313,2040.8820000002188,2243.160000000126,1028.0,0,0.0,21.349206349206348,269,991,2020-10-20,pct 0.5% 移动止损,accumulate,topstep,150k
8,2,2,6,12245.292000001313,1029.0,11216.292000001313,2040.8820000002188,2243.160000000126,986.0,0,0.0,21.349206349206348,269,991,2020-12-18,pct 0.5% 移动止损,accumulate,topstep,150k
7,2,2,6,12245.292000001313,980.0,11265.292000001313,2040.8820000002188,2243.160000000126,944.0,0,0.0,21.349206349206348,269,991,2021-02-22,pct 0.5% 移动止损,accumulate,topstep,150k
8,2,2,6,12245.292000001313,1029.0,11216.292000001313,2040.8820000002188,2243.160000000126,902.0,0,0.0,20.555555555555557,259,1001,2021-04-22,pct 0.5% 移动止损,accumulate,topstep,150k
8,2,2,6,12245.292000001313,1029.0,11216.292000001313,2040.8820000002188,2243.160000000126,860.0,0,0.0,21.349206349206348,269,991,2021-06-22,pct 0.5% 移动止损,accumulate,topstep,150k
8,2,2,6,12245.292000001313,1029.0,11216.292000001313,2040.8820000002188,2243.160000000126,818.0,0,0.0,21.349206349206348,269,991,2021-08-20,pct 0.5% 移动止损,accumulate,topstep,150k
13,2,2,2,1731.2399999998743,882.0,849.2399999998743,865.6199999999371,1643.9219999999623,918.0,0,0.0,6.984126984126984,88,1172,2010-06-07,pct 0.75% 固定止损,immediate,topstep,150k
11,2,2,4,2663.819999999204,882.0,1781.819999999204,665.954999999801,1643.9219999999623,876.0,0,0.0,10.317460317460318,130,1130,2011-03-15,pct 0.75% 固定止损,immediate,topstep,150k
11,2,2,4,2663.819999999204,980.0,1683.819999999204,665.954999999801,1643.9219999999623,834.0,0,0.0,13.65079365079365,172,1088,2011-09-26,pct 0.75% 固定止损,immediate,topstep,150k
11,2,2,5,2791.3499999986907,1029.0,1762.3499999986907,558.2699999997382,1643.9219999999623,792.0,0,0.0,16.428571428571427,207,1053,2012-07-05,pct 0.75% 固定止损,immediate,topstep,150k
9,2,2,5,2791.3499999986907,931.0,1860.3499999986907,558.2699999997382,1643.9219999999623,750.0,0,0.0,16.428571428571427,207,1053,2012-10-16,pct 0.75% 固定止损,immediate,topstep,150k
9,2,2,5,2791.3499999986907,931.0,1860.3499999986907,558.2699999997382,1643.9219999999623,708.0,0,0.0,16.428571428571427,207,1053,2013-01-11,pct 0.75% 固定止损,immediate,topstep,150k
8,3,3,6,4445.261999998842,980.0,3465.261999998842,740.876999999807,1653.912000000151,666.0,0,0.0,18.49206349206349,233,1027,2013-04-11,pct 0.75% 固定止损,immediate,topstep,150k
8,3,3,9,6951.437999999483,1078.0,5873.437999999483,772.3819999999425,1653.912000000151,624.0,0,0.0,21.825396825396826,275,985,2013-06-11,pct 0.75% 固定止损,immediate,topstep,150k
8,3,3,11,13129.685999999772,1127.0,12002.685999999772,1193.6078181817975,3723.264000000176,582.0,0,0.0,23.333333333333332,294,966,2013-08-12,pct 0.75% 固定止损,immediate,topstep,150k
8,3,3,13,14720.83199999967,1225.0,13495.83199999967,1132.3716923076668,3723.264000000176,524.0,0,0.0,25.555555555555557,322,938,2013-10-10,pct 0.75% 固定止损,immediate,topstep,150k
8,3,3,13,14720.83199999967,1225.0,13495.83199999967,1132.3716923076668,3723.264000000176,482.0,0,0.0,25.555555555555557,322,938,2014-01-09,pct 0.75% 固定止损,immediate,topstep,150k
9,3,3,13,14720.83199999967,1274.0,13446.83199999967,1132.3716923076668,3723.264000000176,440.0,0,0.0,25.555555555555557,322,938,2014-04-03,pct 0.75% 固定止损,immediate,topstep,150k
9,3,3,13,14720.83199999967,1274.0,13446.83199999967,1132.3716923076668,3723.264000000176,398.0,0,0.0,25.555555555555557,322,938,2014-06-06,pct 0.75% 固定止损,immediate,topstep,150k
9,3,3,13,14720.83199999967,1274.0,13446.83199999967,1132.3716923076668,3723.264000000176,356.0,0,0.0,25.555555555555557,322,938,2014-08-08,pct 0.75% 固定止损,immediate,topstep,150k
8,3,3,11,13129.685999999772,1127.0,12002.685999999772,1193.6078181817975,3723.264000000176,330.0,0,0.0,23.333333333333332,294,966,2014-10-14,pct 0.75% 固定止损,immediate,topstep,150k
7,3,3,12,14505.983999999748,1078.0,13427.983999999748,1208.831999999979,3723.264000000176,287.0,0,0.0,22.38095238095238,282,978,2015-01-14,pct 0.75% 固定止损,immediate,topstep,150k
8,4,4,12,14505.983999999748,1176.0,13329.983999999748,1208.831999999979,3723.264000000176,245.0,0,0.0,23.253968253968253,293,967,2015-04-07,pct 0.75% 固定止损,immediate,topstep,150k
8,4,4,13,14720.83199999967,1274.0,13446.83199999967,1132.3716923076668,3723.264000000176,188.0,0,0.0,26.428571428571427,333,927,2015-06-05,pct 0.75% 固定止损,immediate,topstep,150k
8,4,4,13,14720.83199999967,1274.0,13446.83199999967,1132.3716923076668,3723.264000000176,146.0,0,0.0,26.428571428571427,333,927,2015-08-06,pct 0.75% 固定止损,immediate,topstep,150k
7,3,3,3,2412.5220000000672,637.0,1775.5220000000672,804.1740000000224,1573.4880000001635,131.0,0,0.0,8.015873015873016,101,1159,2015-10-07,pct 0.75% 固定止损,immediate,topstep,150k
6,3,3,15,13621.013999998473,1274.0,12347.013999998473,908.0675999998982,3723.264000000176,298.0,0,0.0,31.03174603174603,391,869,2015-12-17,pct 0.75% 固定止损,immediate,topstep,150k
7,1,1,4,3854.232000000088,588.0,3266.232000000088,963.558000000022,1296.4139999999666,705.0,0,0.0,7.698412698412699,97,1163,2016-02-19,pct 0.75% 固定止损,immediate,topstep,150k
7,1,1,4,3854.232000000088,588.0,3266.232000000088,963.558000000022,1296.4139999999666,663.0,0,0.0,7.698412698412699,97,1163,2016-04-20,pct 0.75% 固定止损,immediate,topstep,150k
7,3,3,9,11398.445999999898,980.0,10418.445999999898,1266.4939999999888,3723.264000000176,317.0,0,0.0,19.285714285714285,243,1017,2016-06-20,pct 0.75% 固定止损,immediate,topstep,150k
6,2,2,5,8684.42400000093,539.0,8145.42400000093,1736.884800000186,3723.264000000176,509.0,0,0.0,6.825396825396825,86,1174,2016-08-18,pct 0.75% 固定止损,immediate,topstep,150k
6,2,2,2,4019.1120000004653,441.0,3578.1120000004653,2009.5560000002326,4005.2160000002013,496.0,0,0.0,4.0476190476190474,51,1209,2016-10-18,pct 0.75% 固定止损,immediate,topstep,150k
8,2,2,3,4787.784000000742,588.0,4199.784000000742,1595.9280000002473,4005.2160000002013,432.0,0,0.0,5.7936507936507935,73,1187,2016-12-16,pct 0.75% 固定止损,immediate,topstep,150k
10,2,2,3,4787.784000000742,686.0,4101.784000000742,1595.9280000002473,4005.2160000002013,390.0,0,0.0,5.7936507936507935,73,1187,2017-02-17,pct 0.75% 固定止损,immediate,topstep,150k
9,2,2,11,13334.040000001603,882.0,12452.040000001603,1212.1854545456004,3723.264000000176,255.0,0,0.0,14.126984126984127,178,1082,2017-04-20,pct 0.75% 固定止损,immediate,topstep,150k
10,3,3,3,4080.600000000314,686.0,3394.600000000314,1360.2000000001046,2454.984000000113,354.0,0,0.0,5.238095238095238,66,1194,2017-06-20,pct 0.75% 固定止损,immediate,topstep,150k
9,3,3,7,8385.948000001074,882.0,7503.9480000010735,1197.992571428725,4005.2160000002013,255.0,0,0.0,12.619047619047619,159,1101,2017-08-18,pct 0.75% 固定止损,immediate,topstep,150k
10,3,3,7,8867.412000001093,931.0,7936.4120000010935,1266.773142857299,4005.2160000002013,244.0,0,0.0,13.095238095238095,165,1095,2017-10-18,pct 0.75% 固定止损,immediate,topstep,150k
10,3,3,7,8867.412000001093,931.0,7936.4120000010935,1266.773142857299,4005.2160000002013,202.0,0,0.0,13.095238095238095,165,1095,2017-12-18,pct 0.75% 固定止损,immediate,topstep,150k
10,3,3,10,12522.42000000151,1029.0,11493.42000000151,1252.2420000001507,3723.264000000176,134.0,0,0.0,15.555555555555555,196,1064,2018-02-20,pct 0.75% 固定止损,immediate,topstep,150k
11,3,3,8,10958.364000001118,980.0,9978.364000001118,1369.7955000001398,3723.264000000176,121.0,0,0.0,13.095238095238095,165,1095,2018-04-20,pct 0.75% 固定止损,immediate,topstep,150k
11,3,3,6,6780.70800000073,931.0,5849.70800000073,1130.1180000001216,2364.984000000113,101.0,0,0.0,11.428571428571429,144,1116,2018-06-20,pct 0.75% 固定止损,immediate,topstep,150k
11,2,2,9,7350.876000000642,1078.0,6272.876000000642,816.7640000000714,1938.1680000000692,75.0,0,0.0,16.428571428571427,207,1053,2018-08-20,pct 0.75% 固定止损,immediate,topstep,150k
11,3,3,5,4415.724000000616,1029.0,3386.724000000616,883.1448000001232,1938.1680000000692,907.0,0,0.0,14.841269841269842,187,1073,2018-10-18,pct 0.75% 固定止损,immediate,topstep,150k
11,2,2,5,4415.724000000616,882.0,3533.724000000616,883.1448000001232,1938.1680000000692,865.0,0,0.0,9.841269841269842,124,1136,2018-12-19,pct 0.75% 固定止损,immediate,topstep,150k
11,2,2,5,4415.724000000616,882.0,3533.724000000616,883.1448000001232,1938.1680000000692,823.0,0,0.0,9.841269841269842,124,1136,2019-02-21,pct 0.75% 固定止损,immediate,topstep,150k
10,2,2,5,4415.724000000616,833.0,3582.724000000616,883.1448000001232,1938.1680000000692,781.0,0,0.0,9.841269841269842,124,1136,2019-04-23,pct 0.75% 固定止损,immediate,topstep,150k
10,2,2,5,4415.724000000616,833.0,3582.724000000616,883.1448000001232,1938.1680000000692,739.0,0,0.0,9.841269841269842,124,1136,2019-06-21,pct 0.75% 固定止损,immediate,topstep,150k
9,2,2,6,5918.796000000657,833.0,5085.796000000657,986.4660000001095,1938.1680000000692,697.0,0,0.0,11.031746031746032,139,1121,2019-08-21,pct 0.75% 固定止损,immediate,topstep,150k
11,2,2,6,5918.796000000657,980.0,4938.796000000657,986.4660000001095,1938.1680000000692,655.0,0,0.0,12.698412698412698,160,1100,2019-10-21,pct 0.75% 固定止损,immediate,topstep,150k
10,2,2,6,5918.796000000657,931.0,4987.796000000657,986.4660000001095,1938.1680000000692,613.0,0,0.0,12.698412698412698,160,1100,2019-12-19,pct 0.75% 固定止损,immediate,topstep,150k
11,2,2,6,5918.796000000657,980.0,4938.796000000657,986.4660000001095,1938.1680000000692,571.0,0,0.0,12.698412698412698,160,1100,2020-02-21,pct 0.75% 固定止损,immediate,topstep,150k
9,3,3,7,7457.130000000691,931.0,6526.130000000691,1065.3042857143844,1938.1680000000692,529.0,0,0.0,13.571428571428571,171,1089,2020-04-22,pct 0.75% 固定止损,immediate,topstep,150k
10,3,3,8,8075.232000000717,1078.0,6997.232000000717,1009.4040000000896,1938.1680000000692,487.0,0,0.0,16.904761904761905,213,1047,2020-06-22,pct 0.75% 固定止损,immediate,topstep,150k
10,3,3,9,8120.250000000943,1176.0,6944.250000000943,902.2500000001048,1938.1680000000692,445.0,0,0.0,20.238095238095237,255,1005,2020-08-20,pct 0.75% 固定止损,immediate,topstep,150k
10,3,3,11,9351.39600000105,1274.0,8077.39600000105,850.1269090910046,1938.1680000000692,403.0,0,0.0,23.571428571428573,297,963,2020-10-20,pct 0.75% 固定止损,immediate,topstep,150k
8,3,3,15,11662.290000001209,1274.0,10388.290000001209,777.4860000000806,1938.1680000000692,361.0,0,0.0,26.904761904761905,339,921,2020-12-18,pct 0.75% 固定止损,immediate,topstep,150k
8,3,3,19,14882.526000001348,1372.0,13510.526000001348,783.2908421053341,1938.1680000000692,319.0,0,0.0,30.238095238095237,381,879,2021-02-22,pct 0.75% 固定止损,immediate,topstep,150k
8,3,3,22,19379.034000001448,1470.0,17909.034000001448,880.8651818182478,2604.6900000000314,277.0,0,0.0,33.57142857142857,423,837,2021-04-22,pct 0.75% 固定止损,immediate,topstep,150k
10,3,3,24,20624.166000001536,1617.0,19007.166000001536,859.3402500000642,2604.6900000000314,235.0,0,0.0,35.476190476190474,447,813,2021-06-22,pct 0.75% 固定止损,immediate,topstep,150k
9,3,3,28,22919.472000001926,1666.0,21253.472000001926,818.5525714286402,2604.6900000000314,206.0,0,0.0,39.523809523809526,498,762,2021-08-20,pct 0.75% 固定止损,immediate,topstep,150k
13,2,2,3,1613.6347499999,882.0,731.6347499998999,537.8782499999667,821.9609999999811,918.0,0,0.0,6.984126984126984,88,1172,2010-06-07,pct 0.75% 固定止损,half_buffer,topstep,150k
11,2,2,5,2091.5572499994364,882.0,1209.5572499994364,418.31144999988726,821.9609999999811,876.0,0,0.0,10.317460317460318,130,1130,2011-03-15,pct 0.75% 固定止损,half_buffer,topstep,150k
11,2,2,6,2108.3309999991325,980.0,1128.3309999991325,351.3884999998554,821.9609999999811,834.0,0,0.0,13.65079365079365,172,1088,2011-09-26,pct 0.75% 固定止损,half_buffer,topstep,150k
11,2,2,7,2391.0378749989177,1029.0,1362.0378749989177,341.5768392855597,821.9609999999811,792.0,0,0.0,16.50793650793651,208,1052,2012-07-05,pct 0.75% 固定止损,half_buffer,topstep,150k
9,2,2,7,2391.0378749989177,931.0,1460.0378749989177,341.5768392855597,821.9609999999811,750.0,0,0.0,16.50793650793651,208,1052,2012-10-16,pct 0.75% 固定止损,half_buffer,topstep,150k
9,2,2,7,2391.0378749989177,931.0,1460.0378749989177,341.5768392855597,821.9609999999811,708.0,0,0.0,16.50793650793651,208,1052,2013-01-11,pct 0.75% 固定止损,half_buffer,topstep,150k
8,3,3,7,2391.0378749989177,931.0,1460.0378749989177,341.5768392855597,821.9609999999811,666.0,0,0.0,17.61904761904762,222,1038,2013-04-11,pct 0.75% 固定止损,half_buffer,topstep,150k
8,3,3,10,3327.2988749993306,1029.0,2298.2988749993306,332.72988749993306,821.9609999999811,624.0,0,0.0,20.952380952380953,264,996,2013-06-11,pct 0.75% 固定止损,half_buffer,topstep,150k
7,3,3,14,9820.500187499878,1078.0,8742.500187499878,701.4642991071341,2429.4487500001546,582.0,0,0.0,24.285714285714285,306,954,2013-08-12,pct 0.75% 固定止损,half_buffer,topstep,150k
8,3,3,16,11287.259999999733,1176.0,10111.259999999733,705.4537499999833,2429.4487500001546,524.0,0,0.0,26.11111111111111,329,931,2013-10-10,pct 0.75% 固定止损,half_buffer,topstep,150k
8,3,3,16,11287.259999999733,1176.0,10111.259999999733,705.4537499999833,2429.4487500001546,482.0,0,0.0,26.11111111111111,329,931,2014-01-09,pct 0.75% 固定止损,half_buffer,topstep,150k
9,3,3,16,11287.259999999733,1225.0,10062.259999999733,705.4537499999833,2429.4487500001546,440.0,0,0.0,26.11111111111111,329,931,2014-04-03,pct 0.75% 固定止损,half_buffer,topstep,150k
9,3,3,16,11287.259999999733,1225.0,10062.259999999733,705.4537499999833,2429.4487500001546,398.0,0,0.0,26.11111111111111,329,931,2014-06-06,pct 0.75% 固定止损,half_buffer,topstep,150k
9,3,3,16,11287.259999999733,1225.0,10062.259999999733,705.4537499999833,2429.4487500001546,356.0,0,0.0,26.11111111111111,329,931,2014-08-08,pct 0.75% 固定止损,half_buffer,topstep,150k
8,3,3,14,9820.500187499878,1127.0,8693.500187499878,701.4642991071341,2429.4487500001546,330.0,0,0.0,24.444444444444443,308,952,2014-10-14,pct 0.75% 固定止损,half_buffer,topstep,150k
7,3,3,14,10413.471937499877,1078.0,9335.471937499877,743.8194241071341,2429.4487500001546,287.0,0,0.0,24.126984126984127,304,956,2015-01-14,pct 0.75% 固定止损,half_buffer,topstep,150k
8,4,4,14,10413.471937499877,1176.0,9237.471937499877,743.8194241071341,2429.4487500001546,245.0,0,0.0,25.0,315,945,2015-04-07,pct 0.75% 固定止损,half_buffer,topstep,150k
8,4,4,16,11287.259999999733,1225.0,10062.259999999733,705.4537499999833,2429.4487500001546,188.0,0,0.0,26.984126984126984,340,920,2015-06-05,pct 0.75% 固定止损,half_buffer,topstep,150k
8,4,4,16,11287.259999999733,1225.0,10062.259999999733,705.4537499999833,2429.4487500001546,146.0,0,0.0,26.984126984126984,340,920,2015-08-06,pct 0.75% 固定止损,half_buffer,topstep,150k
6,3,3,7,3169.0625625000594,784.0,2385.0625625000594,452.7232232142942,926.7828750000205,131.0,0,0.0,14.761904761904763,186,1074,2015-10-07,pct 0.75% 固定止损,half_buffer,topstep,150k
6,3,3,18,12370.759910155097,1372.0,10998.759910155097,687.264439453061,2455.2911250001503,298.0,0,0.0,33.333333333333336,420,840,2015-12-17,pct 0.75% 固定止损,half_buffer,topstep,150k
7,2,2,5,2818.827562500144,637.0,2181.827562500144,563.7655125000288,931.7688750000278,705.0,0,0.0,9.047619047619047,114,1146,2016-02-19,pct 0.75% 固定止损,half_buffer,topstep,150k
7,2,2,5,2818.827562500144,637.0,2181.827562500144,563.7655125000288,931.7688750000278,663.0,0,0.0,9.047619047619047,114,1146,2016-04-20,pct 0.75% 固定止损,half_buffer,topstep,150k
7,3,3,11,8206.865437499979,980.0,7226.865437499979,746.0786761363617,2429.4487500001546,317.0,0,0.0,20.396825396825395,257,1003,2016-06-20,pct 0.75% 固定止损,half_buffer,topstep,150k
6,2,2,7,7429.46231250096,588.0,6841.46231250096,1061.3517589287087,2429.4487500001546,509.0,0,0.0,8.80952380952381,111,1149,2016-08-18,pct 0.75% 固定止损,half_buffer,topstep,150k
6,2,2,5,6495.059250000601,539.0,5956.059250000601,1299.0118500001204,2185.53300000014,496.0,0,0.0,6.984126984126984,88,1172,2016-10-18,pct 0.75% 固定止损,half_buffer,topstep,150k
8,2,2,6,6641.878500000857,686.0,5955.878500000857,1106.9797500001428,2421.86400000015,432.0,0,0.0,8.412698412698413,106,1154,2016-12-16,pct 0.75% 固定止损,half_buffer,topstep,150k
10,2,2,6,6641.878500000857,784.0,5857.878500000857,1106.9797500001428,2421.86400000015,390.0,0,0.0,8.412698412698413,106,1154,2017-02-17,pct 0.75% 固定止损,half_buffer,topstep,150k
9,2,2,13,12070.244197267295,980.0,11090.244197267295,928.480322866715,2464.7852109376604,255.0,0,0.0,16.11111111111111,203,1057,2017-04-20,pct 0.75% 固定止损,half_buffer,topstep,150k
9,2,2,7,4802.427000000249,735.0,4067.427000000249,686.0610000000355,1227.4920000000566,354.0,0,0.0,9.682539682539682,122,1138,2017-06-20,pct 0.75% 固定止损,half_buffer,topstep,150k
9,3,3,11,9241.962750001223,931.0,8310.962750001223,840.1784318182928,2393.4420000001614,255.0,0,0.0,15.317460317460318,193,1067,2017-08-18,pct 0.75% 固定止损,half_buffer,topstep,150k
9,3,3,12,9971.968218751208,980.0,8991.968218751208,830.9973515626007,2239.6050000001414,244.0,0,0.0,16.746031746031747,211,1049,2017-10-18,pct 0.75% 固定止损,half_buffer,topstep,150k
9,3,3,16,12781.86593554847,1078.0,11703.86593554847,798.8666209717793,2239.6050000001414,202.0,0,0.0,20.07936507936508,253,1007,2017-12-18,pct 0.75% 固定止损,half_buffer,topstep,150k
10,3,3,17,12654.614592775282,1176.0,11478.614592775282,744.3890936926636,2285.088750000147,134.0,0,0.0,22.22222222222222,280,980,2018-02-20,pct 0.75% 固定止损,half_buffer,topstep,150k
11,3,3,15,11171.790342774899,1176.0,9995.790342774899,744.7860228516599,2203.8570000001273,121.0,0,0.0,19.761904761904763,249,1011,2018-04-20,pct 0.75% 固定止损,half_buffer,topstep,150k
10,2,2,18,11089.50728027471,1176.0,9913.50728027471,616.0837377930394,1182.4920000000566,101.0,0,0.0,23.095238095238095,291,969,2018-06-20,pct 0.75% 固定止损,half_buffer,topstep,150k
11,3,3,17,8761.47615527458,1274.0,7487.47615527458,515.3809503102694,1177.68531445321,75.0,0,0.0,23.571428571428573,297,963,2018-08-20,pct 0.75% 固定止损,half_buffer,topstep,150k
11,3,3,12,6833.007342774521,1176.0,5657.007342774521,569.4172785645434,1177.68531445321,907.0,0,0.0,20.793650793650794,262,998,2018-10-18,pct 0.75% 固定止损,half_buffer,topstep,150k
11,2,2,12,6833.007342774521,1029.0,5804.007342774521,569.4172785645434,1177.68531445321,865.0,0,0.0,15.793650793650794,199,1061,2018-12-19,pct 0.75% 固定止损,half_buffer,topstep,150k
11,2,2,12,6833.007342774521,1029.0,5804.007342774521,569.4172785645434,1177.68531445321,823.0,0,0.0,15.793650793650794,199,1061,2019-02-21,pct 0.75% 固定止损,half_buffer,topstep,150k
10,2,2,12,6833.007342774521,980.0,5853.007342774521,569.4172785645434,1177.68531445321,781.0,0,0.0,15.793650793650794,199,1061,2019-04-23,pct 0.75% 固定止损,half_buffer,topstep,150k
10,2,2,12,6833.007342774521,980.0,5853.007342774521,569.4172785645434,1177.68531445321,739.0,0,0.0,15.793650793650794,199,1061,2019-06-21,pct 0.75% 固定止损,half_buffer,topstep,150k
9,2,2,13,7584.543342774541,980.0,6604.543342774541,583.426410982657,1177.68531445321,697.0,0,0.0,16.984126984126984,214,1046,2019-08-21,pct 0.75% 固定止损,half_buffer,topstep,150k
11,2,2,13,7584.543342774541,1127.0,6457.543342774541,583.426410982657,1177.68531445321,655.0,0,0.0,19.603174603174605,247,1013,2019-10-21,pct 0.75% 固定止损,half_buffer,topstep,150k
10,2,2,13,7584.543342774541,1078.0,6506.543342774541,583.426410982657,1177.68531445321,613.0,0,0.0,19.603174603174605,247,1013,2019-12-19,pct 0.75% 固定止损,half_buffer,topstep,150k
11,2,2,13,7584.543342774541,1127.0,6457.543342774541,583.426410982657,1177.68531445321,571.0,0,0.0,19.603174603174605,247,1013,2020-02-21,pct 0.75% 固定止损,half_buffer,topstep,150k
9,3,3,14,8353.710342774559,1078.0,7275.710342774559,596.6935959124685,1177.68531445321,529.0,0,0.0,20.476190476190474,258,1002,2020-04-22,pct 0.75% 固定止损,half_buffer,topstep,150k
10,3,3,16,9141.577092774613,1225.0,7916.5770927746125,571.3485682984133,1177.68531445321,487.0,0,0.0,23.80952380952381,300,960,2020-06-22,pct 0.75% 固定止损,half_buffer,topstep,150k
10,3,3,17,9204.317217774698,1323.0,7881.317217774698,541.4304245749822,1177.68531445321,445.0,0,0.0,27.142857142857142,342,918,2020-08-20,pct 0.75% 固定止损,half_buffer,topstep,150k
10,3,3,20,10350.3568271499,1421.0,8929.3568271499,517.5178413574951,1177.68531445321,403.0,0,0.0,30.476190476190474,384,876,2020-10-20,pct 0.75% 固定止损,half_buffer,topstep,150k
8,3,3,23,11616.573278321917,1421.0,10195.573278321917,505.0684034053007,1177.68531445321,361.0,0,0.0,33.80952380952381,426,834,2020-12-18,pct 0.75% 固定止损,half_buffer,topstep,150k
8,3,3,27,15440.45621374687,1519.0,13921.45621374687,571.8687486572913,1177.68531445321,319.0,0,0.0,37.142857142857146,468,792,2021-02-22,pct 0.75% 固定止损,half_buffer,topstep,150k
8,3,3,31,20360.737022211044,1617.0,18743.737022211044,656.7979684584207,1728.7823205642999,277.0,0,0.0,40.476190476190474,510,750,2021-04-22,pct 0.75% 固定止损,half_buffer,topstep,150k
10,3,3,33,21577.23276263432,1764.0,19813.23276263432,653.8555382616458,1728.7823205642999,235.0,0,0.0,42.38095238095238,534,726,2021-06-22,pct 0.75% 固定止损,half_buffer,topstep,150k
9,3,3,32,20649.22791790758,1666.0,18983.22791790758,645.2883724346118,1728.7823205642999,206.0,0,0.0,40.714285714285715,513,747,2021-08-20,pct 0.75% 固定止损,half_buffer,topstep,150k
13,2,2,1,2100.6719999998577,882.0,1218.6719999998577,2100.6719999998577,2100.6719999998577,943.0,0,0.0,6.349206349206349,80,1180,2010-06-07,pct 0.75% 固定止损,accumulate,topstep,150k
11,2,2,1,2100.6719999998577,882.0,1218.6719999998577,2100.6719999998577,2100.6719999998577,901.0,0,0.0,9.682539682539682,122,1138,2011-03-15,pct 0.75% 固定止损,accumulate,topstep,150k
11,2,2,1,2100.6719999998577,980.0,1120.6719999998577,2100.6719999998577,2100.6719999998577,859.0,0,0.0,13.015873015873016,164,1096,2011-09-26,pct 0.75% 固定止损,accumulate,topstep,150k
10,2,2,1,2100.6719999998577,1029.0,1071.6719999998577,2100.6719999998577,2100.6719999998577,817.0,0,0.0,16.349206349206348,206,1054,2012-07-05,pct 0.75% 固定止损,accumulate,topstep,150k
8,2,2,2,4346.135999998829,1029.0,3317.135999998829,2173.0679999994145,2245.4639999989713,775.0,0,0.0,19.682539682539684,248,1012,2012-10-16,pct 0.75% 固定止损,accumulate,topstep,150k
8,2,2,3,6409.5119999989465,1127.0,5282.5119999989465,2136.503999999649,2245.4639999989713,733.0,0,0.0,23.015873015873016,290,970,2013-01-11,pct 0.75% 固定止损,accumulate,topstep,150k
7,2,2,5,10515.239999999665,1176.0,9339.239999999665,2103.047999999933,2245.4639999989713,691.0,0,0.0,26.349206349206348,332,928,2013-04-11,pct 0.75% 固定止损,accumulate,topstep,150k
7,2,2,6,12443.68800000027,1274.0,11169.68800000027,2073.948000000045,2245.4639999989713,649.0,0,0.0,29.682539682539684,374,886,2013-06-11,pct 0.75% 固定止损,accumulate,topstep,150k
7,2,2,8,18621.936000000558,1323.0,17298.936000000558,2327.7420000000693,3723.264000000176,607.0,0,0.0,31.19047619047619,393,867,2013-08-12,pct 0.75% 固定止损,accumulate,topstep,150k
7,2,2,9,20766.34800000045,1372.0,19394.34800000045,2307.3720000000494,3723.264000000176,531.0,0,0.0,33.41269841269841,421,839,2013-10-10,pct 0.75% 固定止损,accumulate,topstep,150k
7,2,2,9,20766.34800000045,1372.0,19394.34800000045,2307.3720000000494,3723.264000000176,489.0,0,0.0,33.41269841269841,421,839,2014-01-09,pct 0.75% 固定止损,accumulate,topstep,150k
8,2,2,9,20766.34800000045,1421.0,19345.34800000045,2307.3720000000494,3723.264000000176,447.0,0,0.0,33.41269841269841,421,839,2014-04-03,pct 0.75% 固定止损,accumulate,topstep,150k
8,2,2,9,20766.34800000045,1421.0,19345.34800000045,2307.3720000000494,3723.264000000176,405.0,0,0.0,33.41269841269841,421,839,2014-06-06,pct 0.75% 固定止损,accumulate,topstep,150k
8,2,2,9,20766.34800000045,1421.0,19345.34800000045,2307.3720000000494,3723.264000000176,363.0,0,0.0,33.41269841269841,421,839,2014-08-08,pct 0.75% 固定止损,accumulate,topstep,150k
7,2,2,8,18621.936000000558,1323.0,17298.936000000558,2327.7420000000693,3723.264000000176,355.0,0,0.0,31.19047619047619,393,867,2014-10-14,pct 0.75% 固定止损,accumulate,topstep,150k
6,2,2,8,18919.04400000066,1274.0,17645.04400000066,2364.880500000082,3723.264000000176,287.0,0,0.0,31.428571428571427,396,864,2015-01-14,pct 0.75% 固定止损,accumulate,topstep,150k
7,3,3,8,18919.04400000066,1372.0,17547.04400000066,2364.880500000082,3723.264000000176,245.0,0,0.0,32.301587301587304,407,853,2015-04-07,pct 0.75% 固定止损,accumulate,topstep,150k
7,3,3,9,20766.34800000045,1421.0,19345.34800000045,2307.3720000000494,3723.264000000176,195.0,0,0.0,34.285714285714285,432,828,2015-06-05,pct 0.75% 固定止损,accumulate,topstep,150k
7,3,3,9,20766.34800000045,1421.0,19345.34800000045,2307.3720000000494,3723.264000000176,153.0,0,0.0,34.285714285714285,432,828,2015-08-06,pct 0.75% 固定止损,accumulate,topstep,150k
7,3,3,1,2122.2360000001386,686.0,1436.2360000001386,2122.2360000001386,2122.2360000001386,790.0,0,0.0,9.285714285714286,117,1143,2015-10-07,pct 0.75% 固定止损,accumulate,topstep,150k
6,3,3,5,11408.507999998346,1274.0,10134.507999998346,2281.7015999996693,3267.9360000001384,386.0,0,0.0,30.952380952380953,390,870,2015-12-17,pct 0.75% 固定止损,accumulate,topstep,150k
8,2,2,1,2122.2360000001386,539.0,1583.2360000001386,2122.2360000001386,2122.2360000001386,706.0,0,0.0,3.4126984126984126,43,1217,2016-02-19,pct 0.75% 固定止损,accumulate,topstep,150k
8,2,2,1,2122.2360000001386,539.0,1583.2360000001386,2122.2360000001386,2122.2360000001386,664.0,0,0.0,3.4126984126984126,43,1217,2016-04-20,pct 0.75% 固定止损,accumulate,topstep,150k
6,2,2,7,16521.2640000007,1176.0,15345.264000000701,2360.1805714286716,3723.264000000176,430.0,0,0.0,27.77777777777778,350,910,2016-06-20,pct 0.75% 固定止损,accumulate,topstep,150k
6,2,2,2,4085.85600000039,686.0,3399.85600000039,2042.928000000195,2141.7840000004276,524.0,0,0.0,10.793650793650794,136,1124,2016-08-18,pct 0.75% 固定止损,accumulate,topstep,150k
6,2,2,2,5465.016000000516,490.0,4975.016000000516,2732.508000000258,3267.9360000001384,505.0,0,0.0,5.396825396825397,68,1192,2016-10-18,pct 0.75% 固定止损,accumulate,topstep,150k
8,2,2,2,5967.936000000767,588.0,5379.936000000767,2983.9680000003837,3906.9360000001384,461.0,0,0.0,5.9523809523809526,75,1185,2016-12-16,pct 0.75% 固定止损,accumulate,topstep,150k
10,2,2,2,5967.936000000767,686.0,5281.936000000767,2983.9680000003837,3906.9360000001384,419.0,0,0.0,5.9523809523809526,75,1185,2017-02-17,pct 0.75% 固定止损,accumulate,topstep,150k
9,2,2,5,11672.784000001528,931.0,10741.784000001528,2334.5568000003054,3267.9360000001384,260.0,0,0.0,14.841269841269842,187,1073,2017-04-20,pct 0.75% 固定止损,accumulate,topstep,150k
10,3,3,2,4261.536000000296,686.0,3575.5360000002956,2130.768000000148,2454.984000000113,354.0,0,0.0,5.238095238095238,66,1194,2017-06-20,pct 0.75% 固定止损,accumulate,topstep,150k
9,3,3,4,9307.29600000105,931.0,8376.29600000105,2326.8240000002625,3267.9360000001384,265.0,0,0.0,13.968253968253968,176,1084,2017-08-18,pct 0.75% 固定止损,accumulate,topstep,150k
10,3,3,4,9706.788000001106,931.0,8775.788000001106,2426.6970000002766,3828.960000000126,252.0,0,0.0,13.253968253968255,167,1093,2017-10-18,pct 0.75% 固定止损,accumulate,topstep,150k
10,3,3,4,9706.788000001106,931.0,8775.788000001106,2426.6970000002766,3828.960000000126,210.0,0,0.0,13.253968253968255,167,1093,2017-12-18,pct 0.75% 固定止损,accumulate,topstep,150k
10,3,3,5,12181.644000001495,1029.0,11152.644000001495,2436.328800000299,3723.264000000176,163.0,0,0.0,15.555555555555555,196,1064,2018-02-20,pct 0.75% 固定止损,accumulate,topstep,150k
11,3,3,4,9424.26000000107,1029.0,8395.26000000107,2356.0650000002674,3162.960000000126,131.0,0,0.0,13.73015873015873,173,1087,2018-04-20,pct 0.75% 固定止损,accumulate,topstep,150k
11,3,3,3,6439.932000000717,931.0,5508.932000000717,2146.644000000239,2364.984000000113,101.0,0,0.0,11.428571428571429,144,1116,2018-06-20,pct 0.75% 固定止损,accumulate,topstep,150k
11,2,2,3,6604.146000000526,1029.0,5575.146000000526,2201.3820000001756,2529.1979999999226,106.0,0,0.0,14.920634920634921,188,1072,2018-08-20,pct 0.75% 固定止损,accumulate,topstep,150k
11,3,3,2,4074.9480000006033,1029.0,3045.9480000006033,2037.4740000003017,2268.3960000004213,915.0,0,0.0,14.841269841269842,187,1073,2018-10-18,pct 0.75% 固定止损,accumulate,topstep,150k
11,2,2,2,4074.9480000006033,882.0,3192.9480000006033,2037.4740000003017,2268.3960000004213,873.0,0,0.0,9.841269841269842,124,1136,2018-12-19,pct 0.75% 固定止损,accumulate,topstep,150k
11,2,2,2,4074.9480000006033,882.0,3192.9480000006033,2037.4740000003017,2268.3960000004213,831.0,0,0.0,9.841269841269842,124,1136,2019-02-21,pct 0.75% 固定止损,accumulate,topstep,150k
10,2,2,2,4074.9480000006033,833.0,3241.9480000006033,2037.4740000003017,2268.3960000004213,789.0,0,0.0,9.841269841269842,124,1136,2019-04-23,pct 0.75% 固定止损,accumulate,topstep,150k
10,2,2,2,4074.9480000006033,833.0,3241.9480000006033,2037.4740000003017,2268.3960000004213,747.0,0,0.0,9.841269841269842,124,1136,2019-06-21,pct 0.75% 固定止损,accumulate,topstep,150k
9,2,2,2,4074.9480000006033,833.0,3241.9480000006033,2037.4740000003017,2268.3960000004213,705.0,0,0.0,11.031746031746032,139,1121,2019-08-21,pct 0.75% 固定止损,accumulate,topstep,150k
11,2,2,2,4074.9480000006033,980.0,3094.9480000006033,2037.4740000003017,2268.3960000004213,663.0,0,0.0,13.968253968253968,176,1084,2019-10-21,pct 0.75% 固定止损,accumulate,topstep,150k
10,2,2,2,4074.9480000006033,931.0,3143.9480000006033,2037.4740000003017,2268.3960000004213,621.0,0,0.0,13.968253968253968,176,1084,2019-12-19,pct 0.75% 固定止损,accumulate,topstep,150k
11,2,2,2,4074.9480000006033,980.0,3094.9480000006033,2037.4740000003017,2268.3960000004213,579.0,0,0.0,13.968253968253968,176,1084,2020-02-21,pct 0.75% 固定止损,accumulate,topstep,150k
9,3,3,2,4074.9480000006033,931.0,3143.9480000006033,2037.4740000003017,2268.3960000004213,537.0,0,0.0,14.841269841269842,187,1073,2020-04-22,pct 0.75% 固定止损,accumulate,topstep,150k
10,3,3,3,5941.170000000644,1078.0,4863.170000000644,1980.3900000002147,2268.3960000004213,495.0,0,0.0,18.174603174603174,229,1031,2020-06-22,pct 0.75% 固定止损,accumulate,topstep,150k
10,3,3,3,5941.170000000644,1176.0,4765.170000000644,1980.3900000002147,2268.3960000004213,453.0,0,0.0,21.50793650793651,271,989,2020-08-20,pct 0.75% 固定止损,accumulate,topstep,150k
10,3,3,4,7804.008000000965,1274.0,6530.008000000965,1951.0020000002412,2268.3960000004213,411.0,0,0.0,24.841269841269842,313,947,2020-10-20,pct 0.75% 固定止损,accumulate,topstep,150k
8,3,3,5,9818.442000001156,1274.0,8544.442000001156,1963.6884000002312,2268.3960000004213,369.0,0,0.0,28.174603174603174,355,905,2020-12-18,pct 0.75% 固定止损,accumulate,topstep,150k
8,3,3,7,14041.476000001268,1372.0,12669.476000001268,2005.925142857324,2416.302000000025,327.0,0,0.0,31.50793650793651,397,863,2021-02-22,pct 0.75% 固定止损,accumulate,topstep,150k
8,3,3,9,18579.9240000014,1470.0,17109.9240000014,2064.4360000001557,2435.9580000001006,285.0,0,0.0,34.84126984126984,439,821,2021-04-22,pct 0.75% 固定止损,accumulate,topstep,150k
10,3,3,9,18579.9240000014,1568.0,17011.9240000014,2064.4360000001557,2435.9580000001006,243.0,0,0.0,34.84126984126984,439,821,2021-06-22,pct 0.75% 固定止损,accumulate,topstep,150k
9,3,3,8,17492.688000001264,1470.0,16022.688000001264,2186.586000000158,2987.712000000465,268.0,0,0.0,32.61904761904762,411,849,2021-08-20,pct 0.75% 固定止损,accumulate,topstep,150k
6,0,0,0,0.0,294.0,-294.0,0.0,0.0,,0,0.0,0.0,0,1260,2010-06-07,fixed N=2 移动止损,immediate,topstep,150k
6,0,0,0,0.0,294.0,-294.0,0.0,0.0,,0,0.0,0.0,0,1260,2011-03-15,fixed N=2 移动止损,immediate,topstep,150k
6,0,0,0,0.0,294.0,-294.0,0.0,0.0,,0,0.0,0.0,0,1260,2011-09-26,fixed N=2 移动止损,immediate,topstep,150k
6,0,0,0,0.0,294.0,-294.0,0.0,0.0,,0,0.0,0.0,0,1260,2012-07-05,fixed N=2 移动止损,immediate,topstep,150k
6,0,0,0,0.0,294.0,-294.0,0.0,0.0,,0,0.0,0.0,0,1260,2012-10-16,fixed N=2 移动止损,immediate,topstep,150k
6,0,0,0,0.0,294.0,-294.0,0.0,0.0,,0,0.0,0.0,0,1260,2013-01-11,fixed N=2 移动止损,immediate,topstep,150k
6,0,0,0,0.0,294.0,-294.0,0.0,0.0,,0,0.0,0.0,0,1260,2013-04-11,fixed N=2 移动止损,immediate,topstep,150k
6,0,0,0,0.0,294.0,-294.0,0.0,0.0,,0,0.0,0.0,0,1260,2013-06-11,fixed N=2 移动止损,immediate,topstep,150k
6,0,0,0,0.0,294.0,-294.0,0.0,0.0,,0,0.0,0.0,0,1260,2013-08-12,fixed N=2 移动止损,immediate,topstep,150k
5,1,1,2,277.38000000022004,392.0,-114.61999999977996,138.69000000011002,141.1200000000943,1230.0,0,0.0,3.9682539682539684,50,1210,2013-10-10,fixed N=2 移动止损,immediate,topstep,150k
5,1,1,0,0.0,392.0,-392.0,0.0,0.0,,0,0.0,3.888888888888889,49,1211,2014-01-09,fixed N=2 移动止损,immediate,topstep,150k
6,0,0,0,0.0,294.0,-294.0,0.0,0.0,,0,0.0,0.0,0,1260,2014-04-03,fixed N=2 移动止损,immediate,topstep,150k
6,0,0,0,0.0,294.0,-294.0,0.0,0.0,,0,0.0,0.0,0,1260,2014-06-06,fixed N=2 移动止损,immediate,topstep,150k
6,0,0,0,0.0,294.0,-294.0,0.0,0.0,,0,0.0,0.0,0,1260,2014-08-08,fixed N=2 移动止损,immediate,topstep,150k
6,0,0,0,0.0,294.0,-294.0,0.0,0.0,,0,0.0,0.0,0,1260,2014-10-14,fixed N=2 移动止损,immediate,topstep,150k
4,1,1,5,2516.2920000016284,833.0,1683.2920000016284,503.25840000032565,1153.5840000001133,1131.0,0,0.0,21.58730158730159,272,988,2015-01-14,fixed N=2 移动止损,immediate,topstep,150k
4,1,1,8,4881.780000001949,931.0,3950.780000001949,610.2225000002436,1646.2080000001006,1089.0,0,0.0,24.92063492063492,314,946,2015-04-07,fixed N=2 移动止损,immediate,topstep,150k
6,0,0,0,0.0,294.0,-294.0,0.0,0.0,,0,0.0,0.0,0,1260,2015-06-05,fixed N=2 移动止损,immediate,topstep,150k
6,0,0,0,0.0,294.0,-294.0,0.0,0.0,,0,0.0,0.0,0,1260,2015-08-06,fixed N=2 移动止损,immediate,topstep,150k
5,1,1,1,906.1560000000754,294.0,612.1560000000754,906.1560000000754,906.1560000000754,1254.0,0,0.0,1.4285714285714286,18,1242,2015-10-07,fixed N=2 移动止损,immediate,topstep,150k
6,1,1,1,1284.4440000000818,441.0,843.4440000000818,1284.4440000000818,1284.4440000000818,1210.0,0,0.0,3.4126984126984126,43,1217,2015-12-17,fixed N=2 移动止损,immediate,topstep,150k
4,1,1,13,7030.296000002307,1078.0,5952.296000002307,540.7920000001775,1646.2080000001006,734.0,0,0.0,29.92063492063492,377,883,2016-02-19,fixed N=2 移动止损,immediate,topstep,150k
4,1,1,11,6542.1000000022,1078.0,5464.1000000022,594.7363636365636,1646.2080000001006,837.0,0,0.0,28.571428571428573,360,900,2016-04-20,fixed N=2 移动止损,immediate,topstep,150k
6,0,0,0,0.0,294.0,-294.0,0.0,0.0,,0,0.0,0.0,0,1260,2016-06-20,fixed N=2 移动止损,immediate,topstep,150k
6,0,0,0,0.0,294.0,-294.0,0.0,0.0,,0,0.0,0.0,0,1260,2016-08-18,fixed N=2 移动止损,immediate,topstep,150k
5,1,1,1,906.1560000000754,343.0,563.1560000000754,906.1560000000754,906.1560000000754,1002.0,0,0.0,3.253968253968254,41,1219,2016-10-18,fixed N=2 移动止损,immediate,topstep,150k
7,1,1,1,1284.4440000000818,490.0,794.4440000000818,1284.4440000000818,1284.4440000000818,958.0,0,0.0,3.4126984126984126,43,1217,2016-12-16,fixed N=2 移动止损,immediate,topstep,150k
7,1,1,0,0.0,441.0,-441.0,0.0,0.0,,0,0.0,2.857142857142857,36,1224,2017-02-17,fixed N=2 移动止损,immediate,topstep,150k
6,2,2,14,7068.960000002483,1421.0,5647.960000002483,504.92571428589173,1646.2080000001006,440.0,0,0.0,36.904761904761905,465,795,2017-04-20,fixed N=2 移动止损,immediate,topstep,150k
7,1,1,5,4099.932000000559,637.0,3462.932000000559,819.9864000001119,1966.6800000000628,795.0,0,0.0,8.73015873015873,110,1150,2017-06-20,fixed N=2 移动止损,immediate,topstep,150k
7,1,1,1,25.848000000132014,441.0,-415.151999999868,25.848000000132014,25.848000000132014,1242.0,0,0.0,3.0952380952380953,39,1221,2017-08-18,fixed N=2 移动止损,immediate,topstep,150k
6,1,1,1,906.1560000000754,392.0,514.1560000000754,906.1560000000754,906.1560000000754,750.0,0,0.0,3.253968253968254,41,1219,2017-10-18,fixed N=2 移动止损,immediate,topstep,150k
7,2,2,7,5650.056000000861,784.0,4866.056000000861,807.1508571429802,1833.480000000063,696.0,0,0.0,13.88888888888889,175,1085,2017-12-18,fixed N=2 移动止损,immediate,topstep,150k
6,3,3,19,11270.232000003232,1813.0,9457.232000003232,593.170105263328,1833.480000000063,375.0,0,0.0,47.301587301587304,596,664,2018-02-20,fixed N=2 移动止损,immediate,topstep,150k
7,3,3,22,11885.47200000342,1911.0,9974.47200000342,540.2487272728828,1833.480000000063,180.0,0,0.0,49.682539682539684,626,634,2018-04-20,fixed N=2 移动止损,immediate,topstep,150k
8,2,2,12,8789.400000001415,1078.0,7711.400000001415,732.4500000001179,1966.6800000000628,543.0,0,0.0,20.476190476190474,258,1002,2018-06-20,fixed N=2 移动止损,immediate,topstep,150k
8,1,1,7,4689.468000000855,784.0,3905.4680000008548,669.9240000001221,1833.480000000063,990.0,0,0.0,11.746031746031745,148,1112,2018-08-20,fixed N=2 移动止损,immediate,topstep,150k
7,2,2,4,4050.6480000002894,588.0,3462.6480000002894,1012.6620000000723,1833.480000000063,498.0,0,0.0,6.904761904761905,87,1173,2018-10-18,fixed N=2 移动止损,immediate,topstep,150k
8,2,2,9,6961.068000001012,931.0,6030.068000001012,773.4520000001125,1833.480000000063,444.0,0,0.0,15.873015873015873,200,1060,2018-12-19,fixed N=2 移动止损,immediate,topstep,150k
7,1,1,7,4689.468000000855,735.0,3954.4680000008548,669.9240000001221,1833.480000000063,864.0,0,0.0,11.746031746031745,148,1112,2019-02-21,fixed N=2 移动止损,immediate,topstep,150k
9,1,1,7,4689.468000000855,833.0,3856.4680000008548,669.9240000001221,1833.480000000063,822.0,0,0.0,11.746031746031745,148,1112,2019-04-23,fixed N=2 移动止损,immediate,topstep,150k
8,2,2,12,8789.400000001415,1078.0,7711.400000001415,732.4500000001179,1966.6800000000628,291.0,0,0.0,20.476190476190474,258,1002,2019-06-21,fixed N=2 移动止损,immediate,topstep,150k
8,2,2,7,4689.468000000855,833.0,3856.4680000008548,669.9240000001221,1833.480000000063,738.0,0,0.0,13.412698412698413,169,1091,2019-08-21,fixed N=2 移动止损,immediate,topstep,150k
8,3,3,4,4050.6480000002894,735.0,3315.6480000002894,1012.6620000000723,1833.480000000063,246.0,0,0.0,8.88888888888889,112,1148,2019-10-21,fixed N=2 移动止损,immediate,topstep,150k
9,3,3,9,6961.068000001012,1078.0,5883.068000001012,773.4520000001125,1833.480000000063,192.0,0,0.0,17.857142857142858,225,1035,2019-12-19,fixed N=2 移动止损,immediate,topstep,150k
8,4,4,7,4689.468000000855,1029.0,3660.4680000008548,669.9240000001221,1833.480000000063,612.0,0,0.0,17.063492063492063,215,1045,2020-02-21,fixed N=2 移动止损,immediate,topstep,150k
8,3,3,8,5466.168000001012,1029.0,4437.168000001012,683.2710000001266,1833.480000000063,570.0,0,0.0,17.22222222222222,217,1043,2020-04-22,fixed N=2 移动止损,immediate,topstep,150k
9,3,3,10,7023.0240000012445,1127.0,5896.0240000012445,702.3024000001245,1833.480000000063,528.0,0,0.0,20.158730158730158,254,1006,2020-06-22,fixed N=2 移动止损,immediate,topstep,150k
9,3,3,10,7023.0240000012445,1127.0,5896.0240000012445,702.3024000001245,1833.480000000063,486.0,0,0.0,20.158730158730158,254,1006,2020-08-20,fixed N=2 移动止损,immediate,topstep,150k
9,3,3,10,7023.0240000012445,1127.0,5896.0240000012445,702.3024000001245,1833.480000000063,444.0,0,0.0,20.158730158730158,254,1006,2020-10-20,fixed N=2 移动止损,immediate,topstep,150k
8,3,3,10,7023.0240000012445,1078.0,5945.0240000012445,702.3024000001245,1833.480000000063,402.0,0,0.0,20.158730158730158,254,1006,2020-12-18,fixed N=2 移动止损,immediate,topstep,150k
8,4,4,11,9163.332000001345,1127.0,8036.332000001345,833.0301818183042,2140.3080000001005,360.0,0,0.0,21.428571428571427,270,990,2021-02-22,fixed N=2 移动止损,immediate,topstep,150k
9,4,4,11,9163.332000001345,1225.0,7938.332000001345,833.0301818183042,2140.3080000001005,318.0,0,0.0,22.3015873015873,281,979,2021-04-22,fixed N=2 移动止损,immediate,topstep,150k
10,4,4,11,9163.332000001345,1274.0,7889.332000001345,833.0301818183042,2140.3080000001005,276.0,0,0.0,22.3015873015873,281,979,2021-06-22,fixed N=2 移动止损,immediate,topstep,150k
10,4,4,11,9163.332000001345,1274.0,7889.332000001345,833.0301818183042,2140.3080000001005,234.0,0,0.0,22.3015873015873,281,979,2021-08-20,fixed N=2 移动止损,immediate,topstep,150k
6,0,0,0,0.0,294.0,-294.0,0.0,0.0,,0,0.0,0.0,0,1260,2010-06-07,fixed N=2 移动止损,half_buffer,topstep,150k
6,0,0,0,0.0,294.0,-294.0,0.0,0.0,,0,0.0,0.0,0,1260,2011-03-15,fixed N=2 移动止损,half_buffer,topstep,150k
6,0,0,0,0.0,294.0,-294.0,0.0,0.0,,0,0.0,0.0,0,1260,2011-09-26,fixed N=2 移动止损,half_buffer,topstep,150k
6,0,0,0,0.0,294.0,-294.0,0.0,0.0,,0,0.0,0.0,0,1260,2012-07-05,fixed N=2 移动止损,half_buffer,topstep,150k
6,0,0,0,0.0,294.0,-294.0,0.0,0.0,,0,0.0,0.0,0,1260,2012-10-16,fixed N=2 移动止损,half_buffer,topstep,150k
6,0,0,0,0.0,294.0,-294.0,0.0,0.0,,0,0.0,0.0,0,1260,2013-01-11,fixed N=2 移动止损,half_buffer,topstep,150k
6,0,0,0,0.0,294.0,-294.0,0.0,0.0,,0,0.0,0.0,0,1260,2013-04-11,fixed N=2 移动止损,half_buffer,topstep,150k
6,0,0,0,0.0,294.0,-294.0,0.0,0.0,,0,0.0,0.0,0,1260,2013-06-11,fixed N=2 移动止损,half_buffer,topstep,150k
6,0,0,0,0.0,294.0,-294.0,0.0,0.0,,0,0.0,0.0,0,1260,2013-08-12,fixed N=2 移动止损,half_buffer,topstep,150k
5,1,1,2,172.75500000014145,392.0,-219.24499999985855,86.37750000007073,104.62500000007859,1230.0,0,0.0,3.9682539682539684,50,1210,2013-10-10,fixed N=2 移动止损,half_buffer,topstep,150k
5,1,1,0,0.0,392.0,-392.0,0.0,0.0,,0,0.0,3.888888888888889,49,1211,2014-01-09,fixed N=2 移动止损,half_buffer,topstep,150k
6,0,0,0,0.0,294.0,-294.0,0.0,0.0,,0,0.0,0.0,0,1260,2014-04-03,fixed N=2 移动止损,half_buffer,topstep,150k
6,0,0,0,0.0,294.0,-294.0,0.0,0.0,,0,0.0,0.0,0,1260,2014-06-06,fixed N=2 移动止损,half_buffer,topstep,150k
6,0,0,0,0.0,294.0,-294.0,0.0,0.0,,0,0.0,0.0,0,1260,2014-08-08,fixed N=2 移动止损,half_buffer,topstep,150k
6,0,0,0,0.0,294.0,-294.0,0.0,0.0,,0,0.0,0.0,0,1260,2014-10-14,fixed N=2 移动止损,half_buffer,topstep,150k
4,1,1,5,1562.0613750013872,833.0,729.0613750013872,312.4122750002774,684.5906250002226,1131.0,0,0.0,21.58730158730159,272,988,2015-01-14,fixed N=2 移动止损,half_buffer,topstep,150k
4,1,1,8,3881.3516718768005,931.0,2950.3516718768005,485.16895898460007,853.9326562501388,1089.0,0,0.0,24.92063492063492,314,946,2015-04-07,fixed N=2 移动止损,half_buffer,topstep,150k
6,0,0,0,0.0,294.0,-294.0,0.0,0.0,,0,0.0,0.0,0,1260,2015-06-05,fixed N=2 移动止损,half_buffer,topstep,150k
6,0,0,0,0.0,294.0,-294.0,0.0,0.0,,0,0.0,0.0,0,1260,2015-08-06,fixed N=2 移动止损,half_buffer,topstep,150k
5,1,1,1,453.0780000000377,294.0,159.07800000003772,453.0780000000377,453.0780000000377,1254.0,0,0.0,1.4285714285714286,18,1242,2015-10-07,fixed N=2 移动止损,half_buffer,topstep,150k
6,1,1,2,661.8870000001116,441.0,220.88700000011158,330.9435000000558,642.2220000000409,1210.0,0,0.0,3.7301587301587302,47,1213,2015-12-17,fixed N=2 移动止损,half_buffer,topstep,150k
4,1,1,20,10295.926953726696,1323.0,8972.926953726696,514.7963476863348,1430.2460925522537,734.0,0,0.0,37.857142857142854,477,783,2016-02-19,fixed N=2 移动止损,half_buffer,topstep,150k
4,1,1,18,9328.024663744787,1274.0,8054.024663744787,518.2235924302659,1530.6266725159426,837.0,0,0.0,36.58730158730159,461,799,2016-04-20,fixed N=2 移动止损,half_buffer,topstep,150k
6,0,0,0,0.0,294.0,-294.0,0.0,0.0,,0,0.0,0.0,0,1260,2016-06-20,fixed N=2 移动止损,half_buffer,topstep,150k
6,0,0,0,0.0,294.0,-294.0,0.0,0.0,,0,0.0,0.0,0,1260,2016-08-18,fixed N=2 移动止损,half_buffer,topstep,150k
5,1,1,1,453.0780000000377,392.0,61.07800000003772,453.0780000000377,453.0780000000377,1002.0,0,0.0,3.492063492063492,44,1216,2016-10-18,fixed N=2 移动止损,half_buffer,topstep,150k
6,1,1,2,661.8870000001116,441.0,220.88700000011158,330.9435000000558,642.2220000000409,958.0,0,0.0,3.7301587301587302,47,1213,2016-12-16,fixed N=2 移动止损,half_buffer,topstep,150k
7,1,1,0,0.0,441.0,-441.0,0.0,0.0,,0,0.0,2.857142857142857,36,1224,2017-02-17,fixed N=2 移动止损,half_buffer,topstep,150k
6,1,1,20,10295.926953726696,1421.0,8874.926953726696,514.7963476863348,1430.2460925522537,440.0,0,0.0,37.857142857142854,477,783,2017-04-20,fixed N=2 移动止损,half_buffer,topstep,150k
7,1,1,5,3310.534125000495,637.0,2673.534125000495,662.106825000099,1340.4397500000807,795.0,0,0.0,8.73015873015873,110,1150,2017-06-20,fixed N=2 移动止损,half_buffer,topstep,150k
7,1,1,1,12.924000000066007,441.0,-428.07599999993397,12.924000000066007,12.924000000066007,1242.0,0,0.0,3.0952380952380953,39,1221,2017-08-18,fixed N=2 移动止损,half_buffer,topstep,150k
6,2,2,1,453.0780000000377,539.0,-85.92199999996228,453.0780000000377,453.0780000000377,750.0,0,0.0,5.555555555555555,70,1190,2017-10-18,fixed N=2 移动止损,half_buffer,topstep,150k
6,2,2,3,2393.901000000131,490.0,1903.9010000001308,797.9670000000436,916.7400000000315,696.0,0,0.0,5.9523809523809526,75,1185,2017-12-18,fixed N=2 移动止损,half_buffer,topstep,150k
5,2,2,26,13464.931476245678,1715.0,11749.931476245678,517.8819798556029,1530.6266725159426,375.0,0,0.0,49.682539682539684,626,634,2018-02-20,fixed N=2 移动止损,half_buffer,topstep,150k
6,3,3,24,10492.789868045294,1960.0,8532.789868045294,437.1995778352205,1108.7415000001026,180.0,0,0.0,53.25396825396825,671,589,2018-04-20,fixed N=2 移动止损,half_buffer,topstep,150k
7,2,2,13,7447.4409375013865,1078.0,6369.4409375013865,572.8800721154912,1340.4397500000807,543.0,0,0.0,22.936507936507937,289,971,2018-06-20,fixed N=2 移动止损,half_buffer,topstep,150k
7,1,1,8,4136.906812500891,784.0,3352.9068125008907,517.1133515626113,1108.7415000001026,990.0,0,0.0,14.206349206349206,179,1081,2018-08-20,fixed N=2 移动止损,half_buffer,topstep,150k
6,2,2,7,3441.975750000586,735.0,2706.975750000586,491.7108214286551,1001.2860000000859,498.0,0,0.0,13.492063492063492,170,1090,2018-10-18,fixed N=2 移动止损,half_buffer,topstep,150k
6,2,2,6,4031.9910000003324,637.0,3394.9910000003324,671.9985000000554,916.7400000000315,444.0,0,0.0,10.555555555555555,133,1127,2018-12-19,fixed N=2 移动止损,half_buffer,topstep,150k
6,1,1,8,4136.906812500891,735.0,3401.9068125008907,517.1133515626113,1108.7415000001026,864.0,0,0.0,14.206349206349206,179,1081,2019-02-21,fixed N=2 移动止损,half_buffer,topstep,150k
8,1,1,8,4136.906812500891,833.0,3303.9068125008907,517.1133515626113,1108.7415000001026,822.0,0,0.0,14.206349206349206,179,1081,2019-04-23,fixed N=2 移动止损,half_buffer,topstep,150k
7,2,2,13,7447.4409375013865,1078.0,6369.4409375013865,572.8800721154912,1340.4397500000807,291.0,0,0.0,22.936507936507937,289,971,2019-06-21,fixed N=2 移动止损,half_buffer,topstep,150k
7,2,2,8,4136.906812500891,833.0,3303.9068125008907,517.1133515626113,1108.7415000001026,738.0,0,0.0,15.873015873015873,200,1060,2019-08-21,fixed N=2 移动止损,half_buffer,topstep,150k
7,3,3,7,3441.975750000586,882.0,2559.975750000586,491.7108214286551,1001.2860000000859,246.0,0,0.0,15.476190476190476,195,1065,2019-10-21,fixed N=2 移动止损,half_buffer,topstep,150k
7,3,3,6,4031.9910000003324,784.0,3247.9910000003324,671.9985000000554,916.7400000000315,192.0,0,0.0,12.53968253968254,158,1102,2019-12-19,fixed N=2 移动止损,half_buffer,topstep,150k
7,4,4,8,4136.906812500891,1029.0,3107.9068125008907,517.1133515626113,1108.7415000001026,612.0,0,0.0,19.523809523809526,246,1014,2020-02-21,fixed N=2 移动止损,half_buffer,topstep,150k
7,3,3,9,4525.256812500969,1029.0,3496.2568125009693,502.8063125001077,1108.7415000001026,570.0,0,0.0,19.682539682539684,248,1012,2020-04-22,fixed N=2 移动止损,half_buffer,topstep,150k
7,3,3,11,5299.91831250118,1127.0,4172.91831250118,481.8107556819254,1108.7415000001026,528.0,0,0.0,23.015873015873016,290,970,2020-06-22,fixed N=2 移动止损,half_buffer,topstep,150k
8,3,3,11,5299.91831250118,1176.0,4123.91831250118,481.8107556819254,1108.7415000001026,486.0,0,0.0,23.095238095238095,291,969,2020-08-20,fixed N=2 移动止损,half_buffer,topstep,150k
8,3,3,11,5299.91831250118,1176.0,4123.91831250118,481.8107556819254,1108.7415000001026,444.0,0,0.0,23.095238095238095,291,969,2020-10-20,fixed N=2 移动止损,half_buffer,topstep,150k
7,3,3,11,5299.91831250118,1127.0,4172.91831250118,481.8107556819254,1108.7415000001026,402.0,0,0.0,23.095238095238095,291,969,2020-12-18,fixed N=2 移动止损,half_buffer,topstep,150k
7,4,4,12,6361.07231250123,1176.0,5185.07231250123,530.0893593751025,1108.7415000001026,360.0,0,0.0,24.444444444444443,308,952,2021-02-22,fixed N=2 移动止损,half_buffer,topstep,150k
8,4,4,12,6361.07231250123,1274.0,5087.07231250123,530.0893593751025,1108.7415000001026,318.0,0,0.0,25.873015873015873,326,934,2021-04-22,fixed N=2 移动止损,half_buffer,topstep,150k
9,4,4,12,6361.07231250123,1323.0,5038.07231250123,530.0893593751025,1108.7415000001026,276.0,0,0.0,25.873015873015873,326,934,2021-06-22,fixed N=2 移动止损,half_buffer,topstep,150k
9,4,4,12,6361.07231250123,1323.0,5038.07231250123,530.0893593751025,1108.7415000001026,234.0,0,0.0,25.873015873015873,326,934,2021-08-20,fixed N=2 移动止损,half_buffer,topstep,150k
6,0,0,0,0.0,294.0,-294.0,0.0,0.0,,0,0.0,0.0,0,1260,2010-06-07,fixed N=2 移动止损,accumulate,topstep,150k
6,0,0,0,0.0,294.0,-294.0,0.0,0.0,,0,0.0,0.0,0,1260,2011-03-15,fixed N=2 移动止损,accumulate,topstep,150k
6,0,0,0,0.0,294.0,-294.0,0.0,0.0,,0,0.0,0.0,0,1260,2011-09-26,fixed N=2 移动止损,accumulate,topstep,150k
6,0,0,0,0.0,294.0,-294.0,0.0,0.0,,0,0.0,0.0,0,1260,2012-07-05,fixed N=2 移动止损,accumulate,topstep,150k
6,0,0,0,0.0,294.0,-294.0,0.0,0.0,,0,0.0,0.0,0,1260,2012-10-16,fixed N=2 移动止损,accumulate,topstep,150k
6,0,0,0,0.0,294.0,-294.0,0.0,0.0,,0,0.0,0.0,0,1260,2013-01-11,fixed N=2 移动止损,accumulate,topstep,150k
6,0,0,0,0.0,294.0,-294.0,0.0,0.0,,0,0.0,0.0,0,1260,2013-04-11,fixed N=2 移动止损,accumulate,topstep,150k
6,0,0,0,0.0,294.0,-294.0,0.0,0.0,,0,0.0,0.0,0,1260,2013-06-11,fixed N=2 移动止损,accumulate,topstep,150k
6,0,0,0,0.0,294.0,-294.0,0.0,0.0,,0,0.0,0.0,0,1260,2013-08-12,fixed N=2 移动止损,accumulate,topstep,150k
5,1,1,0,0.0,392.0,-392.0,0.0,0.0,,0,0.0,3.9682539682539684,50,1210,2013-10-10,fixed N=2 移动止损,accumulate,topstep,150k
5,1,1,0,0.0,392.0,-392.0,0.0,0.0,,0,0.0,3.888888888888889,49,1211,2014-01-09,fixed N=2 移动止损,accumulate,topstep,150k
6,0,0,0,0.0,294.0,-294.0,0.0,0.0,,0,0.0,0.0,0,1260,2014-04-03,fixed N=2 移动止损,accumulate,topstep,150k
6,0,0,0,0.0,294.0,-294.0,0.0,0.0,,0,0.0,0.0,0,1260,2014-06-06,fixed N=2 移动止损,accumulate,topstep,150k
6,0,0,0,0.0,294.0,-294.0,0.0,0.0,,0,0.0,0.0,0,1260,2014-08-08,fixed N=2 移动止损,accumulate,topstep,150k
6,0,0,0,0.0,294.0,-294.0,0.0,0.0,,0,0.0,0.0,0,1260,2014-10-14,fixed N=2 移动止损,accumulate,topstep,150k
4,1,1,1,1988.7480000015464,833.0,1155.7480000015464,1988.7480000015464,1988.7480000015464,1234.0,0,0.0,21.58730158730159,272,988,2015-01-14,fixed N=2 移动止损,accumulate,topstep,150k
4,1,1,2,4162.500000001729,931.0,3231.500000001729,2081.2500000008645,2173.7520000001823,1192.0,0,0.0,24.92063492063492,314,946,2015-04-07,fixed N=2 移动止损,accumulate,topstep,150k
6,0,0,0,0.0,294.0,-294.0,0.0,0.0,,0,0.0,0.0,0,1260,2015-06-05,fixed N=2 移动止损,accumulate,topstep,150k
6,0,0,0,0.0,294.0,-294.0,0.0,0.0,,0,0.0,0.0,0,1260,2015-08-06,fixed N=2 移动止损,accumulate,topstep,150k
5,1,1,0,0.0,294.0,-294.0,0.0,0.0,,0,0.0,1.4285714285714286,18,1242,2015-10-07,fixed N=2 移动止损,accumulate,topstep,150k
6,1,1,0,0.0,441.0,-441.0,0.0,0.0,,0,0.0,4.0476190476190474,51,1209,2015-12-17,fixed N=2 移动止损,accumulate,topstep,150k
4,1,1,5,9856.368000002742,1323.0,8533.368000002742,1971.2736000005484,2322.9360000001384,916.0,0,0.0,38.17460317460318,481,779,2016-02-19,fixed N=2 移动止损,accumulate,topstep,150k
4,1,1,3,6542.1000000022,1078.0,5464.1000000022,2180.7000000007333,2379.6000000004715,940.0,0,0.0,28.41269841269841,358,902,2016-04-20,fixed N=2 移动止损,accumulate,topstep,150k
6,0,0,0,0.0,294.0,-294.0,0.0,0.0,,0,0.0,0.0,0,1260,2016-06-20,fixed N=2 移动止损,accumulate,topstep,150k
6,0,0,0,0.0,294.0,-294.0,0.0,0.0,,0,0.0,0.0,0,1260,2016-08-18,fixed N=2 移动止损,accumulate,topstep,150k
5,1,1,0,0.0,392.0,-392.0,0.0,0.0,,0,0.0,3.8095238095238093,48,1212,2016-10-18,fixed N=2 移动止损,accumulate,topstep,150k
6,1,1,0,0.0,441.0,-441.0,0.0,0.0,,0,0.0,4.0476190476190474,51,1209,2016-12-16,fixed N=2 移动止损,accumulate,topstep,150k
7,1,1,0,0.0,441.0,-441.0,0.0,0.0,,0,0.0,2.857142857142857,36,1224,2017-02-17,fixed N=2 移动止损,accumulate,topstep,150k
5,1,1,5,9856.368000002742,1372.0,8484.368000002742,1971.2736000005484,2322.9360000001384,622.0,0,0.0,38.17460317460318,481,779,2017-04-20,fixed N=2 移动止损,accumulate,topstep,150k
7,1,1,2,4247.640000000503,637.0,3610.6400000005033,2123.8200000002516,2180.592000000371,809.0,0,0.0,8.412698412698413,106,1154,2017-06-20,fixed N=2 移动止损,accumulate,topstep,150k
7,1,1,0,0.0,441.0,-441.0,0.0,0.0,,0,0.0,3.0952380952380953,39,1221,2017-08-18,fixed N=2 移动止损,accumulate,topstep,150k
6,2,2,0,0.0,637.0,-637.0,0.0,0.0,,0,0.0,10.238095238095237,129,1131,2017-10-18,fixed N=2 移动止损,accumulate,topstep,150k
7,2,2,3,5932.2960000008925,784.0,5148.2960000008925,1977.4320000002974,2067.048000000132,704.0,0,0.0,13.492063492063492,170,1090,2017-12-18,fixed N=2 移动止损,accumulate,topstep,150k
5,3,3,5,10407.348000002961,1764.0,8643.348000002961,2081.4696000005924,2379.6000000004715,478.0,0,0.0,48.492063492063494,611,649,2018-02-20,fixed N=2 移动止损,accumulate,topstep,150k
6,2,2,8,15270.228000003652,1911.0,13359.228000003652,1908.7785000004565,2067.048000000132,368.0,0,0.0,53.01587301587302,668,592,2018-04-20,fixed N=2 移动止损,accumulate,topstep,150k
7,2,2,4,8112.888000001264,1078.0,7034.888000001264,2028.222000000316,2180.592000000371,557.0,0,0.0,22.857142857142858,288,972,2018-06-20,fixed N=2 移动止损,accumulate,topstep,150k
7,1,1,2,3865.248000000761,784.0,3081.248000000761,1932.6240000003804,1990.1520000006537,1073.0,0,0.0,14.444444444444445,182,1078,2018-08-20,fixed N=2 移动止损,accumulate,topstep,150k
6,2,2,2,3865.248000000761,882.0,2983.248000000761,1932.6240000003804,1990.1520000006537,1031.0,0,0.0,18.253968253968253,230,1030,2018-10-18,fixed N=2 移动止损,accumulate,topstep,150k
7,2,2,3,5932.2960000008925,931.0,5001.2960000008925,1977.4320000002974,2067.048000000132,452.0,0,0.0,18.174603174603174,229,1031,2018-12-19,fixed N=2 移动止损,accumulate,topstep,150k
6,1,1,2,3865.248000000761,735.0,3130.248000000761,1932.6240000003804,1990.1520000006537,947.0,0,0.0,14.444444444444445,182,1078,2019-02-21,fixed N=2 移动止损,accumulate,topstep,150k
8,1,1,2,3865.248000000761,833.0,3032.248000000761,1932.6240000003804,1990.1520000006537,905.0,0,0.0,14.444444444444445,182,1078,2019-04-23,fixed N=2 移动止损,accumulate,topstep,150k
7,2,2,4,8112.888000001264,1078.0,7034.888000001264,2028.222000000316,2180.592000000371,305.0,0,0.0,22.857142857142858,288,972,2019-06-21,fixed N=2 移动止损,accumulate,topstep,150k
7,2,2,2,3865.248000000761,833.0,3032.248000000761,1932.6240000003804,1990.1520000006537,821.0,0,0.0,16.11111111111111,203,1057,2019-08-21,fixed N=2 移动止损,accumulate,topstep,150k
7,3,3,2,3865.248000000761,1029.0,2836.248000000761,1932.6240000003804,1990.1520000006537,779.0,0,0.0,20.238095238095237,255,1005,2019-10-21,fixed N=2 移动止损,accumulate,topstep,150k
8,3,3,3,5932.2960000008925,1078.0,4854.2960000008925,1977.4320000002974,2067.048000000132,200.0,0,0.0,20.158730158730158,254,1006,2019-12-19,fixed N=2 移动止损,accumulate,topstep,150k
7,4,4,2,3865.248000000761,1029.0,2836.248000000761,1932.6240000003804,1990.1520000006537,695.0,0,0.0,19.761904761904763,249,1011,2020-02-21,fixed N=2 移动止损,accumulate,topstep,150k
7,3,3,2,3865.248000000761,1029.0,2836.248000000761,1932.6240000003804,1990.1520000006537,653.0,0,0.0,19.92063492063492,251,1009,2020-04-22,fixed N=2 移动止损,accumulate,topstep,150k
8,3,3,3,5735.628000001138,1127.0,4608.628000001138,1911.8760000003795,1990.1520000006537,611.0,0,0.0,22.857142857142858,288,972,2020-06-22,fixed N=2 移动止损,accumulate,topstep,150k
8,3,3,3,5735.628000001138,1127.0,4608.628000001138,1911.8760000003795,1990.1520000006537,569.0,0,0.0,22.857142857142858,288,972,2020-08-20,fixed N=2 移动止损,accumulate,topstep,150k
8,3,3,3,5735.628000001138,1127.0,4608.628000001138,1911.8760000003795,1990.1520000006537,527.0,0,0.0,22.857142857142858,288,972,2020-10-20,fixed N=2 移动止损,accumulate,topstep,150k
7,3,3,3,5735.628000001138,1078.0,4657.628000001138,1911.8760000003795,1990.1520000006537,485.0,0,0.0,22.857142857142858,288,972,2020-12-18,fixed N=2 移动止损,accumulate,topstep,150k
7,4,4,4,7875.936000001238,1127.0,6748.936000001238,1968.9840000003096,2140.3080000001005,443.0,0,0.0,24.126984126984127,304,956,2021-02-22,fixed N=2 移动止损,accumulate,topstep,150k
8,4,4,4,7875.936000001238,1225.0,6650.936000001238,1968.9840000003096,2140.3080000001005,401.0,0,0.0,25.0,315,945,2021-04-22,fixed N=2 移动止损,accumulate,topstep,150k
9,4,4,4,7875.936000001238,1274.0,6601.936000001238,1968.9840000003096,2140.3080000001005,359.0,0,0.0,25.0,315,945,2021-06-22,fixed N=2 移动止损,accumulate,topstep,150k
9,4,4,4,7875.936000001238,1274.0,6601.936000001238,1968.9840000003096,2140.3080000001005,317.0,0,0.0,25.0,315,945,2021-08-20,fixed N=2 移动止损,accumulate,topstep,150k
6,0,0,0,0.0,294.0,-294.0,0.0,0.0,,0,0.0,0.0,0,1260,2010-06-07,fixed N=1 移动止损,immediate,topstep,150k
6,0,0,0,0.0,294.0,-294.0,0.0,0.0,,0,0.0,0.0,0,1260,2011-03-15,fixed N=1 移动止损,immediate,topstep,150k
6,0,0,0,0.0,294.0,-294.0,0.0,0.0,,0,0.0,0.0,0,1260,2011-09-26,fixed N=1 移动止损,immediate,topstep,150k
6,0,0,0,0.0,294.0,-294.0,0.0,0.0,,0,0.0,0.0,0,1260,2012-07-05,fixed N=1 移动止损,immediate,topstep,150k
6,0,0,0,0.0,294.0,-294.0,0.0,0.0,,0,0.0,0.0,0,1260,2012-10-16,fixed N=1 移动止损,immediate,topstep,150k
6,0,0,0,0.0,294.0,-294.0,0.0,0.0,,0,0.0,0.0,0,1260,2013-01-11,fixed N=1 移动止损,immediate,topstep,150k
6,0,0,0,0.0,294.0,-294.0,0.0,0.0,,0,0.0,0.0,0,1260,2013-04-11,fixed N=1 移动止损,immediate,topstep,150k
6,0,0,0,0.0,294.0,-294.0,0.0,0.0,,0,0.0,0.0,0,1260,2013-06-11,fixed N=1 移动止损,immediate,topstep,150k
6,0,0,0,0.0,294.0,-294.0,0.0,0.0,,0,0.0,0.0,0,1260,2013-08-12,fixed N=1 移动止损,immediate,topstep,150k
6,0,0,0,0.0,294.0,-294.0,0.0,0.0,,0,0.0,0.0,0,1260,2013-10-10,fixed N=1 移动止损,immediate,topstep,150k
6,0,0,0,0.0,294.0,-294.0,0.0,0.0,,0,0.0,0.0,0,1260,2014-01-09,fixed N=1 移动止损,immediate,topstep,150k
6,0,0,0,0.0,294.0,-294.0,0.0,0.0,,0,0.0,0.0,0,1260,2014-04-03,fixed N=1 移动止损,immediate,topstep,150k
6,0,0,0,0.0,294.0,-294.0,0.0,0.0,,0,0.0,0.0,0,1260,2014-06-06,fixed N=1 移动止损,immediate,topstep,150k
6,0,0,0,0.0,294.0,-294.0,0.0,0.0,,0,0.0,0.0,0,1260,2014-08-08,fixed N=1 移动止损,immediate,topstep,150k
6,0,0,0,0.0,294.0,-294.0,0.0,0.0,,0,0.0,0.0,0,1260,2014-10-14,fixed N=1 移动止损,immediate,topstep,150k
6,0,0,0,0.0,294.0,-294.0,0.0,0.0,,0,0.0,0.0,0,1260,2015-01-14,fixed N=1 移动止损,immediate,topstep,150k
6,0,0,0,0.0,294.0,-294.0,0.0,0.0,,0,0.0,0.0,0,1260,2015-04-07,fixed N=1 移动止损,immediate,topstep,150k
6,0,0,0,0.0,294.0,-294.0,0.0,0.0,,0,0.0,0.0,0,1260,2015-06-05,fixed N=1 移动止损,immediate,topstep,150k
6,0,0,0,0.0,294.0,-294.0,0.0,0.0,,0,0.0,0.0,0,1260,2015-08-06,fixed N=1 移动止损,immediate,topstep,150k
6,0,0,0,0.0,294.0,-294.0,0.0,0.0,,0,0.0,0.0,0,1260,2015-10-07,fixed N=1 移动止损,immediate,topstep,150k
6,0,0,0,0.0,294.0,-294.0,0.0,0.0,,0,0.0,0.0,0,1260,2015-12-17,fixed N=1 移动止损,immediate,topstep,150k
6,0,0,0,0.0,294.0,-294.0,0.0,0.0,,0,0.0,0.0,0,1260,2016-02-19,fixed N=1 移动止损,immediate,topstep,150k
6,0,0,0,0.0,294.0,-294.0,0.0,0.0,,0,0.0,0.0,0,1260,2016-04-20,fixed N=1 移动止损,immediate,topstep,150k
6,0,0,0,0.0,294.0,-294.0,0.0,0.0,,0,0.0,0.0,0,1260,2016-06-20,fixed N=1 移动止损,immediate,topstep,150k
6,0,0,0,0.0,294.0,-294.0,0.0,0.0,,0,0.0,0.0,0,1260,2016-08-18,fixed N=1 移动止损,immediate,topstep,150k
6,0,0,0,0.0,294.0,-294.0,0.0,0.0,,0,0.0,0.0,0,1260,2016-10-18,fixed N=1 移动止损,immediate,topstep,150k
6,0,0,0,0.0,294.0,-294.0,0.0,0.0,,0,0.0,0.0,0,1260,2016-12-16,fixed N=1 移动止损,immediate,topstep,150k
6,0,0,0,0.0,294.0,-294.0,0.0,0.0,,0,0.0,0.0,0,1260,2017-02-17,fixed N=1 移动止损,immediate,topstep,150k
6,0,0,0,0.0,294.0,-294.0,0.0,0.0,,0,0.0,0.0,0,1260,2017-04-20,fixed N=1 移动止损,immediate,topstep,150k
6,0,0,0,0.0,294.0,-294.0,0.0,0.0,,0,0.0,0.0,0,1260,2017-06-20,fixed N=1 移动止损,immediate,topstep,150k
6,0,0,0,0.0,294.0,-294.0,0.0,0.0,,0,0.0,0.0,0,1260,2017-08-18,fixed N=1 移动止损,immediate,topstep,150k
6,0,0,0,0.0,294.0,-294.0,0.0,0.0,,0,0.0,0.0,0,1260,2017-10-18,fixed N=1 移动止损,immediate,topstep,150k
6,0,0,0,0.0,294.0,-294.0,0.0,0.0,,0,0.0,0.0,0,1260,2017-12-18,fixed N=1 移动止损,immediate,topstep,150k
6,0,0,0,0.0,294.0,-294.0,0.0,0.0,,0,0.0,0.0,0,1260,2018-02-20,fixed N=1 移动止损,immediate,topstep,150k
6,0,0,0,0.0,294.0,-294.0,0.0,0.0,,0,0.0,0.0,0,1260,2018-04-20,fixed N=1 移动止损,immediate,topstep,150k
6,0,0,0,0.0,294.0,-294.0,0.0,0.0,,0,0.0,0.0,0,1260,2018-06-20,fixed N=1 移动止损,immediate,topstep,150k
6,0,0,0,0.0,294.0,-294.0,0.0,0.0,,0,0.0,0.0,0,1260,2018-08-20,fixed N=1 移动止损,immediate,topstep,150k
6,0,0,0,0.0,294.0,-294.0,0.0,0.0,,0,0.0,0.0,0,1260,2018-10-18,fixed N=1 移动止损,immediate,topstep,150k
6,0,0,0,0.0,294.0,-294.0,0.0,0.0,,0,0.0,0.0,0,1260,2018-12-19,fixed N=1 移动止损,immediate,topstep,150k
6,0,0,0,0.0,294.0,-294.0,0.0,0.0,,0,0.0,0.0,0,1260,2019-02-21,fixed N=1 移动止损,immediate,topstep,150k
6,0,0,0,0.0,294.0,-294.0,0.0,0.0,,0,0.0,0.0,0,1260,2019-04-23,fixed N=1 移动止损,immediate,topstep,150k
6,0,0,0,0.0,294.0,-294.0,0.0,0.0,,0,0.0,0.0,0,1260,2019-06-21,fixed N=1 移动止损,immediate,topstep,150k
6,0,0,0,0.0,294.0,-294.0,0.0,0.0,,0,0.0,0.0,0,1260,2019-08-21,fixed N=1 移动止损,immediate,topstep,150k
6,0,0,0,0.0,294.0,-294.0,0.0,0.0,,0,0.0,0.0,0,1260,2019-10-21,fixed N=1 移动止损,immediate,topstep,150k
6,0,0,0,0.0,294.0,-294.0,0.0,0.0,,0,0.0,0.0,0,1260,2019-12-19,fixed N=1 移动止损,immediate,topstep,150k
6,0,0,0,0.0,294.0,-294.0,0.0,0.0,,0,0.0,0.0,0,1260,2020-02-21,fixed N=1 移动止损,immediate,topstep,150k
6,0,0,0,0.0,294.0,-294.0,0.0,0.0,,0,0.0,0.0,0,1260,2020-04-22,fixed N=1 移动止损,immediate,topstep,150k
6,0,0,0,0.0,294.0,-294.0,0.0,0.0,,0,0.0,0.0,0,1260,2020-06-22,fixed N=1 移动止损,immediate,topstep,150k
6,0,0,0,0.0,294.0,-294.0,0.0,0.0,,0,0.0,0.0,0,1260,2020-08-20,fixed N=1 移动止损,immediate,topstep,150k
5,1,1,10,4519.6560000005475,686.0,3833.6560000005475,451.96560000005474,1331.622000000041,1101.0,0,0.0,13.80952380952381,174,1086,2020-10-20,fixed N=1 移动止损,immediate,topstep,150k
5,1,1,4,2337.318000000226,441.0,1896.3180000002262,584.3295000000566,1307.7720000000409,1196.0,0,0.0,6.111111111111111,77,1183,2020-12-18,fixed N=1 移动止损,immediate,topstep,150k
5,1,1,7,6544.890000000345,539.0,6005.890000000345,934.984285714335,1699.1280000000377,1154.0,0,0.0,9.444444444444445,119,1141,2021-02-22,fixed N=1 移动止损,immediate,topstep,150k
5,1,1,10,9961.794000000473,637.0,9324.794000000473,996.1794000000475,2322.5400000000313,1112.0,0,0.0,12.777777777777779,161,1099,2021-04-22,fixed N=1 移动止损,immediate,topstep,150k
5,1,1,13,13822.380000000612,735.0,13087.380000000612,1063.2600000000473,2851.4160000000443,1070.0,0,0.0,16.11111111111111,203,1057,2021-06-22,fixed N=1 移动止损,immediate,topstep,150k
6,1,1,14,14175.10800000065,833.0,13342.10800000065,1012.5077142857608,2851.4160000000443,1028.0,0,0.0,16.984126984126984,214,1046,2021-08-20,fixed N=1 移动止损,immediate,topstep,150k
6,0,0,0,0.0,294.0,-294.0,0.0,0.0,,0,0.0,0.0,0,1260,2010-06-07,fixed N=1 移动止损,half_buffer,topstep,150k
6,0,0,0,0.0,294.0,-294.0,0.0,0.0,,0,0.0,0.0,0,1260,2011-03-15,fixed N=1 移动止损,half_buffer,topstep,150k
6,0,0,0,0.0,294.0,-294.0,0.0,0.0,,0,0.0,0.0,0,1260,2011-09-26,fixed N=1 移动止损,half_buffer,topstep,150k
6,0,0,0,0.0,294.0,-294.0,0.0,0.0,,0,0.0,0.0,0,1260,2012-07-05,fixed N=1 移动止损,half_buffer,topstep,150k
6,0,0,0,0.0,294.0,-294.0,0.0,0.0,,0,0.0,0.0,0,1260,2012-10-16,fixed N=1 移动止损,half_buffer,topstep,150k
6,0,0,0,0.0,294.0,-294.0,0.0,0.0,,0,0.0,0.0,0,1260,2013-01-11,fixed N=1 移动止损,half_buffer,topstep,150k
6,0,0,0,0.0,294.0,-294.0,0.0,0.0,,0,0.0,0.0,0,1260,2013-04-11,fixed N=1 移动止损,half_buffer,topstep,150k
6,0,0,0,0.0,294.0,-294.0,0.0,0.0,,0,0.0,0.0,0,1260,2013-06-11,fixed N=1 移动止损,half_buffer,topstep,150k
6,0,0,0,0.0,294.0,-294.0,0.0,0.0,,0,0.0,0.0,0,1260,2013-08-12,fixed N=1 移动止损,half_buffer,topstep,150k
6,0,0,0,0.0,294.0,-294.0,0.0,0.0,,0,0.0,0.0,0,1260,2013-10-10,fixed N=1 移动止损,half_buffer,topstep,150k
6,0,0,0,0.0,294.0,-294.0,0.0,0.0,,0,0.0,0.0,0,1260,2014-01-09,fixed N=1 移动止损,half_buffer,topstep,150k
6,0,0,0,0.0,294.0,-294.0,0.0,0.0,,0,0.0,0.0,0,1260,2014-04-03,fixed N=1 移动止损,half_buffer,topstep,150k
6,0,0,0,0.0,294.0,-294.0,0.0,0.0,,0,0.0,0.0,0,1260,2014-06-06,fixed N=1 移动止损,half_buffer,topstep,150k
6,0,0,0,0.0,294.0,-294.0,0.0,0.0,,0,0.0,0.0,0,1260,2014-08-08,fixed N=1 移动止损,half_buffer,topstep,150k
6,0,0,0,0.0,294.0,-294.0,0.0,0.0,,0,0.0,0.0,0,1260,2014-10-14,fixed N=1 移动止损,half_buffer,topstep,150k
6,0,0,0,0.0,294.0,-294.0,0.0,0.0,,0,0.0,0.0,0,1260,2015-01-14,fixed N=1 移动止损,half_buffer,topstep,150k
6,0,0,0,0.0,294.0,-294.0,0.0,0.0,,0,0.0,0.0,0,1260,2015-04-07,fixed N=1 移动止损,half_buffer,topstep,150k
6,0,0,0,0.0,294.0,-294.0,0.0,0.0,,0,0.0,0.0,0,1260,2015-06-05,fixed N=1 移动止损,half_buffer,topstep,150k
6,0,0,0,0.0,294.0,-294.0,0.0,0.0,,0,0.0,0.0,0,1260,2015-08-06,fixed N=1 移动止损,half_buffer,topstep,150k
6,0,0,0,0.0,294.0,-294.0,0.0,0.0,,0,0.0,0.0,0,1260,2015-10-07,fixed N=1 移动止损,half_buffer,topstep,150k
6,0,0,0,0.0,294.0,-294.0,0.0,0.0,,0,0.0,0.0,0,1260,2015-12-17,fixed N=1 移动止损,half_buffer,topstep,150k
6,0,0,0,0.0,294.0,-294.0,0.0,0.0,,0,0.0,0.0,0,1260,2016-02-19,fixed N=1 移动止损,half_buffer,topstep,150k
6,0,0,0,0.0,294.0,-294.0,0.0,0.0,,0,0.0,0.0,0,1260,2016-04-20,fixed N=1 移动止损,half_buffer,topstep,150k
6,0,0,0,0.0,294.0,-294.0,0.0,0.0,,0,0.0,0.0,0,1260,2016-06-20,fixed N=1 移动止损,half_buffer,topstep,150k
6,0,0,0,0.0,294.0,-294.0,0.0,0.0,,0,0.0,0.0,0,1260,2016-08-18,fixed N=1 移动止损,half_buffer,topstep,150k
6,0,0,0,0.0,294.0,-294.0,0.0,0.0,,0,0.0,0.0,0,1260,2016-10-18,fixed N=1 移动止损,half_buffer,topstep,150k
6,0,0,0,0.0,294.0,-294.0,0.0,0.0,,0,0.0,0.0,0,1260,2016-12-16,fixed N=1 移动止损,half_buffer,topstep,150k
6,0,0,0,0.0,294.0,-294.0,0.0,0.0,,0,0.0,0.0,0,1260,2017-02-17,fixed N=1 移动止损,half_buffer,topstep,150k
6,0,0,0,0.0,294.0,-294.0,0.0,0.0,,0,0.0,0.0,0,1260,2017-04-20,fixed N=1 移动止损,half_buffer,topstep,150k
6,0,0,0,0.0,294.0,-294.0,0.0,0.0,,0,0.0,0.0,0,1260,2017-06-20,fixed N=1 移动止损,half_buffer,topstep,150k
6,0,0,0,0.0,294.0,-294.0,0.0,0.0,,0,0.0,0.0,0,1260,2017-08-18,fixed N=1 移动止损,half_buffer,topstep,150k
6,0,0,0,0.0,294.0,-294.0,0.0,0.0,,0,0.0,0.0,0,1260,2017-10-18,fixed N=1 移动止损,half_buffer,topstep,150k
6,0,0,0,0.0,294.0,-294.0,0.0,0.0,,0,0.0,0.0,0,1260,2017-12-18,fixed N=1 移动止损,half_buffer,topstep,150k
6,0,0,0,0.0,294.0,-294.0,0.0,0.0,,0,0.0,0.0,0,1260,2018-02-20,fixed N=1 移动止损,half_buffer,topstep,150k
6,0,0,0,0.0,294.0,-294.0,0.0,0.0,,0,0.0,0.0,0,1260,2018-04-20,fixed N=1 移动止损,half_buffer,topstep,150k
6,0,0,0,0.0,294.0,-294.0,0.0,0.0,,0,0.0,0.0,0,1260,2018-06-20,fixed N=1 移动止损,half_buffer,topstep,150k
6,0,0,0,0.0,294.0,-294.0,0.0,0.0,,0,0.0,0.0,0,1260,2018-08-20,fixed N=1 移动止损,half_buffer,topstep,150k
6,0,0,0,0.0,294.0,-294.0,0.0,0.0,,0,0.0,0.0,0,1260,2018-10-18,fixed N=1 移动止损,half_buffer,topstep,150k
6,0,0,0,0.0,294.0,-294.0,0.0,0.0,,0,0.0,0.0,0,1260,2018-12-19,fixed N=1 移动止损,half_buffer,topstep,150k
6,0,0,0,0.0,294.0,-294.0,0.0,0.0,,0,0.0,0.0,0,1260,2019-02-21,fixed N=1 移动止损,half_buffer,topstep,150k
6,0,0,0,0.0,294.0,-294.0,0.0,0.0,,0,0.0,0.0,0,1260,2019-04-23,fixed N=1 移动止损,half_buffer,topstep,150k
6,0,0,0,0.0,294.0,-294.0,0.0,0.0,,0,0.0,0.0,0,1260,2019-06-21,fixed N=1 移动止损,half_buffer,topstep,150k
6,0,0,0,0.0,294.0,-294.0,0.0,0.0,,0,0.0,0.0,0,1260,2019-08-21,fixed N=1 移动止损,half_buffer,topstep,150k
6,0,0,0,0.0,294.0,-294.0,0.0,0.0,,0,0.0,0.0,0,1260,2019-10-21,fixed N=1 移动止损,half_buffer,topstep,150k
6,0,0,0,0.0,294.0,-294.0,0.0,0.0,,0,0.0,0.0,0,1260,2019-12-19,fixed N=1 移动止损,half_buffer,topstep,150k
6,0,0,0,0.0,294.0,-294.0,0.0,0.0,,0,0.0,0.0,0,1260,2020-02-21,fixed N=1 移动止损,half_buffer,topstep,150k
6,0,0,0,0.0,294.0,-294.0,0.0,0.0,,0,0.0,0.0,0,1260,2020-04-22,fixed N=1 移动止损,half_buffer,topstep,150k
6,0,0,0,0.0,294.0,-294.0,0.0,0.0,,0,0.0,0.0,0,1260,2020-06-22,fixed N=1 移动止损,half_buffer,topstep,150k
6,0,0,0,0.0,294.0,-294.0,0.0,0.0,,0,0.0,0.0,0,1260,2020-08-20,fixed N=1 移动止损,half_buffer,topstep,150k
5,1,1,10,4100.696648437929,686.0,3414.696648437929,410.0696648437929,698.4630000000325,1101.0,0,0.0,13.80952380952381,174,1086,2020-10-20,fixed N=1 移动止损,half_buffer,topstep,150k
5,1,1,5,1935.850500000216,441.0,1494.850500000216,387.1701000000432,653.8860000000204,1196.0,0,0.0,6.111111111111111,77,1183,2020-12-18,fixed N=1 移动止损,half_buffer,topstep,150k
5,1,1,9,5028.788531250383,539.0,4489.788531250383,558.7542812500426,1050.2977500000504,1154.0,0,0.0,9.444444444444445,119,1141,2021-02-22,fixed N=1 移动止损,half_buffer,topstep,150k
5,1,1,12,7864.87756640675,637.0,7227.87756640675,655.4064638672291,1644.0724335937878,1112.0,0,0.0,12.777777777777779,161,1099,2021-04-22,fixed N=1 移动止损,half_buffer,topstep,150k
5,1,1,15,11595.293195801421,735.0,10860.293195801421,773.0195463867615,1644.0724335937878,1070.0,0,0.0,16.11111111111111,203,1057,2021-06-22,fixed N=1 移动止损,half_buffer,topstep,150k
6,1,1,16,13124.834597901072,833.0,12291.834597901072,820.3021623688169,1644.0724335937878,1028.0,0,0.0,16.984126984126984,214,1046,2021-08-20,fixed N=1 移动止损,half_buffer,topstep,150k
6,0,0,0,0.0,294.0,-294.0,0.0,0.0,,0,0.0,0.0,0,1260,2010-06-07,fixed N=1 移动止损,accumulate,topstep,150k
6,0,0,0,0.0,294.0,-294.0,0.0,0.0,,0,0.0,0.0,0,1260,2011-03-15,fixed N=1 移动止损,accumulate,topstep,150k
6,0,0,0,0.0,294.0,-294.0,0.0,0.0,,0,0.0,0.0,0,1260,2011-09-26,fixed N=1 移动止损,accumulate,topstep,150k
6,0,0,0,0.0,294.0,-294.0,0.0,0.0,,0,0.0,0.0,0,1260,2012-07-05,fixed N=1 移动止损,accumulate,topstep,150k
6,0,0,0,0.0,294.0,-294.0,0.0,0.0,,0,0.0,0.0,0,1260,2012-10-16,fixed N=1 移动止损,accumulate,topstep,150k
6,0,0,0,0.0,294.0,-294.0,0.0,0.0,,0,0.0,0.0,0,1260,2013-01-11,fixed N=1 移动止损,accumulate,topstep,150k
6,0,0,0,0.0,294.0,-294.0,0.0,0.0,,0,0.0,0.0,0,1260,2013-04-11,fixed N=1 移动止损,accumulate,topstep,150k
6,0,0,0,0.0,294.0,-294.0,0.0,0.0,,0,0.0,0.0,0,1260,2013-06-11,fixed N=1 移动止损,accumulate,topstep,150k
6,0,0,0,0.0,294.0,-294.0,0.0,0.0,,0,0.0,0.0,0,1260,2013-08-12,fixed N=1 移动止损,accumulate,topstep,150k
6,0,0,0,0.0,294.0,-294.0,0.0,0.0,,0,0.0,0.0,0,1260,2013-10-10,fixed N=1 移动止损,accumulate,topstep,150k
6,0,0,0,0.0,294.0,-294.0,0.0,0.0,,0,0.0,0.0,0,1260,2014-01-09,fixed N=1 移动止损,accumulate,topstep,150k
6,0,0,0,0.0,294.0,-294.0,0.0,0.0,,0,0.0,0.0,0,1260,2014-04-03,fixed N=1 移动止损,accumulate,topstep,150k
6,0,0,0,0.0,294.0,-294.0,0.0,0.0,,0,0.0,0.0,0,1260,2014-06-06,fixed N=1 移动止损,accumulate,topstep,150k
6,0,0,0,0.0,294.0,-294.0,0.0,0.0,,0,0.0,0.0,0,1260,2014-08-08,fixed N=1 移动止损,accumulate,topstep,150k
6,0,0,0,0.0,294.0,-294.0,0.0,0.0,,0,0.0,0.0,0,1260,2014-10-14,fixed N=1 移动止损,accumulate,topstep,150k
6,0,0,0,0.0,294.0,-294.0,0.0,0.0,,0,0.0,0.0,0,1260,2015-01-14,fixed N=1 移动止损,accumulate,topstep,150k
6,0,0,0,0.0,294.0,-294.0,0.0,0.0,,0,0.0,0.0,0,1260,2015-04-07,fixed N=1 移动止损,accumulate,topstep,150k
6,0,0,0,0.0,294.0,-294.0,0.0,0.0,,0,0.0,0.0,0,1260,2015-06-05,fixed N=1 移动止损,accumulate,topstep,150k
6,0,0,0,0.0,294.0,-294.0,0.0,0.0,,0,0.0,0.0,0,1260,2015-08-06,fixed N=1 移动止损,accumulate,topstep,150k
6,0,0,0,0.0,294.0,-294.0,0.0,0.0,,0,0.0,0.0,0,1260,2015-10-07,fixed N=1 移动止损,accumulate,topstep,150k
6,0,0,0,0.0,294.0,-294.0,0.0,0.0,,0,0.0,0.0,0,1260,2015-12-17,fixed N=1 移动止损,accumulate,topstep,150k
6,0,0,0,0.0,294.0,-294.0,0.0,0.0,,0,0.0,0.0,0,1260,2016-02-19,fixed N=1 移动止损,accumulate,topstep,150k
6,0,0,0,0.0,294.0,-294.0,0.0,0.0,,0,0.0,0.0,0,1260,2016-04-20,fixed N=1 移动止损,accumulate,topstep,150k
6,0,0,0,0.0,294.0,-294.0,0.0,0.0,,0,0.0,0.0,0,1260,2016-06-20,fixed N=1 移动止损,accumulate,topstep,150k
6,0,0,0,0.0,294.0,-294.0,0.0,0.0,,0,0.0,0.0,0,1260,2016-08-18,fixed N=1 移动止损,accumulate,topstep,150k
6,0,0,0,0.0,294.0,-294.0,0.0,0.0,,0,0.0,0.0,0,1260,2016-10-18,fixed N=1 移动止损,accumulate,topstep,150k
6,0,0,0,0.0,294.0,-294.0,0.0,0.0,,0,0.0,0.0,0,1260,2016-12-16,fixed N=1 移动止损,accumulate,topstep,150k
6,0,0,0,0.0,294.0,-294.0,0.0,0.0,,0,0.0,0.0,0,1260,2017-02-17,fixed N=1 移动止损,accumulate,topstep,150k
6,0,0,0,0.0,294.0,-294.0,0.0,0.0,,0,0.0,0.0,0,1260,2017-04-20,fixed N=1 移动止损,accumulate,topstep,150k
6,0,0,0,0.0,294.0,-294.0,0.0,0.0,,0,0.0,0.0,0,1260,2017-06-20,fixed N=1 移动止损,accumulate,topstep,150k
6,0,0,0,0.0,294.0,-294.0,0.0,0.0,,0,0.0,0.0,0,1260,2017-08-18,fixed N=1 移动止损,accumulate,topstep,150k
6,0,0,0,0.0,294.0,-294.0,0.0,0.0,,0,0.0,0.0,0,1260,2017-10-18,fixed N=1 移动止损,accumulate,topstep,150k
6,0,0,0,0.0,294.0,-294.0,0.0,0.0,,0,0.0,0.0,0,1260,2017-12-18,fixed N=1 移动止损,accumulate,topstep,150k
6,0,0,0,0.0,294.0,-294.0,0.0,0.0,,0,0.0,0.0,0,1260,2018-02-20,fixed N=1 移动止损,accumulate,topstep,150k
6,0,0,0,0.0,294.0,-294.0,0.0,0.0,,0,0.0,0.0,0,1260,2018-04-20,fixed N=1 移动止损,accumulate,topstep,150k
6,0,0,0,0.0,294.0,-294.0,0.0,0.0,,0,0.0,0.0,0,1260,2018-06-20,fixed N=1 移动止损,accumulate,topstep,150k
6,0,0,0,0.0,294.0,-294.0,0.0,0.0,,0,0.0,0.0,0,1260,2018-08-20,fixed N=1 移动止损,accumulate,topstep,150k
6,0,0,0,0.0,294.0,-294.0,0.0,0.0,,0,0.0,0.0,0,1260,2018-10-18,fixed N=1 移动止损,accumulate,topstep,150k
6,0,0,0,0.0,294.0,-294.0,0.0,0.0,,0,0.0,0.0,0,1260,2018-12-19,fixed N=1 移动止损,accumulate,topstep,150k
6,0,0,0,0.0,294.0,-294.0,0.0,0.0,,0,0.0,0.0,0,1260,2019-02-21,fixed N=1 移动止损,accumulate,topstep,150k
6,0,0,0,0.0,294.0,-294.0,0.0,0.0,,0,0.0,0.0,0,1260,2019-04-23,fixed N=1 移动止损,accumulate,topstep,150k
6,0,0,0,0.0,294.0,-294.0,0.0,0.0,,0,0.0,0.0,0,1260,2019-06-21,fixed N=1 移动止损,accumulate,topstep,150k
6,0,0,0,0.0,294.0,-294.0,0.0,0.0,,0,0.0,0.0,0,1260,2019-08-21,fixed N=1 移动止损,accumulate,topstep,150k
6,0,0,0,0.0,294.0,-294.0,0.0,0.0,,0,0.0,0.0,0,1260,2019-10-21,fixed N=1 移动止损,accumulate,topstep,150k
6,0,0,0,0.0,294.0,-294.0,0.0,0.0,,0,0.0,0.0,0,1260,2019-12-19,fixed N=1 移动止损,accumulate,topstep,150k
6,0,0,0,0.0,294.0,-294.0,0.0,0.0,,0,0.0,0.0,0,1260,2020-02-21,fixed N=1 移动止损,accumulate,topstep,150k
6,0,0,0,0.0,294.0,-294.0,0.0,0.0,,0,0.0,0.0,0,1260,2020-04-22,fixed N=1 移动止损,accumulate,topstep,150k
6,0,0,0,0.0,294.0,-294.0,0.0,0.0,,0,0.0,0.0,0,1260,2020-06-22,fixed N=1 移动止损,accumulate,topstep,150k
6,0,0,0,0.0,294.0,-294.0,0.0,0.0,,0,0.0,0.0,0,1260,2020-08-20,fixed N=1 移动止损,accumulate,topstep,150k
5,1,1,2,3932.89200000045,686.0,3246.89200000045,1966.446000000225,2122.8480000001323,1128.0,0,0.0,13.80952380952381,174,1086,2020-10-20,fixed N=1 移动止损,accumulate,topstep,150k
5,1,1,1,1951.956000000154,441.0,1510.956000000154,1951.956000000154,1951.956000000154,1232.0,0,0.0,6.111111111111111,77,1183,2020-12-18,fixed N=1 移动止损,accumulate,topstep,150k
5,1,1,3,5601.564000000333,539.0,5062.564000000333,1867.188000000111,1951.956000000154,1190.0,0,0.0,9.444444444444445,119,1141,2021-02-22,fixed N=1 移动止损,accumulate,topstep,150k
5,1,1,5,9961.794000000475,637.0,9324.794000000475,1992.358800000095,2322.5400000000313,1148.0,0,0.0,12.777777777777779,161,1099,2021-04-22,fixed N=1 移动止损,accumulate,topstep,150k
5,1,1,7,14112.162000000622,735.0,13377.162000000622,2016.0231428572317,2322.5400000000313,1106.0,0,0.0,16.11111111111111,203,1057,2021-06-22,fixed N=1 移动止损,accumulate,topstep,150k
6,1,1,7,14112.162000000622,833.0,13279.162000000622,2016.0231428572317,2322.5400000000313,1064.0,0,0.0,17.142857142857142,216,1044,2021-08-20,fixed N=1 移动止损,accumulate,topstep,150k
23,2,2,2,3592.8000000000266,1323.0,2269.8000000000266,1796.4000000000133,1952.603999999998,1199.0,0,0.0,5.714285714285714,72,1188,2010-06-07,ATR k=4 移动止损,immediate,topstep,150k
23,2,2,2,3592.8000000000266,1323.0,2269.8000000000266,1796.4000000000133,1952.603999999998,1157.0,0,0.0,5.714285714285714,72,1188,2011-03-15,ATR k=4 移动止损,immediate,topstep,150k
22,2,2,2,3592.8000000000266,1274.0,2318.8000000000266,1796.4000000000133,1952.603999999998,1115.0,0,0.0,5.714285714285714,72,1188,2011-09-26,ATR k=4 移动止损,immediate,topstep,150k
22,2,2,2,3592.8000000000266,1274.0,2318.8000000000266,1796.4000000000133,1952.603999999998,1073.0,0,0.0,5.714285714285714,72,1188,2012-07-05,ATR k=4 移动止损,immediate,topstep,150k
19,2,2,2,3592.8000000000266,1127.0,2465.8000000000266,1796.4000000000133,1952.603999999998,1031.0,0,0.0,5.714285714285714,72,1188,2012-10-16,ATR k=4 移动止损,immediate,topstep,150k
19,2,2,2,3592.8000000000266,1127.0,2465.8000000000266,1796.4000000000133,1952.603999999998,989.0,0,0.0,5.714285714285714,72,1188,2013-01-11,ATR k=4 移动止损,immediate,topstep,150k
17,2,2,2,3592.8000000000266,1029.0,2563.8000000000266,1796.4000000000133,1952.603999999998,947.0,0,0.0,5.714285714285714,72,1188,2013-04-11,ATR k=4 移动止损,immediate,topstep,150k
17,2,2,2,3592.8000000000266,1029.0,2563.8000000000266,1796.4000000000133,1952.603999999998,905.0,0,0.0,5.714285714285714,72,1188,2013-06-11,ATR k=4 移动止损,immediate,topstep,150k
17,2,2,2,3592.8000000000266,1029.0,2563.8000000000266,1796.4000000000133,1952.603999999998,863.0,0,0.0,5.714285714285714,72,1188,2013-08-12,ATR k=4 移动止损,immediate,topstep,150k
16,2,2,2,3592.8000000000266,980.0,2612.8000000000266,1796.4000000000133,1952.603999999998,821.0,0,0.0,5.714285714285714,72,1188,2013-10-10,ATR k=4 移动止损,immediate,topstep,150k
15,2,2,2,3592.8000000000266,931.0,2661.8000000000266,1796.4000000000133,1952.603999999998,779.0,0,0.0,5.714285714285714,72,1188,2014-01-09,ATR k=4 移动止损,immediate,topstep,150k
15,2,2,2,3592.8000000000266,931.0,2661.8000000000266,1796.4000000000133,1952.603999999998,737.0,0,0.0,5.714285714285714,72,1188,2014-04-03,ATR k=4 移动止损,immediate,topstep,150k
14,2,2,2,3592.8000000000266,882.0,2710.8000000000266,1796.4000000000133,1952.603999999998,695.0,0,0.0,5.714285714285714,72,1188,2014-06-06,ATR k=4 移动止损,immediate,topstep,150k
13,2,2,2,3592.8000000000266,833.0,2759.8000000000266,1796.4000000000133,1952.603999999998,653.0,0,0.0,5.714285714285714,72,1188,2014-08-08,ATR k=4 移动止损,immediate,topstep,150k
12,3,3,2,3592.8000000000266,833.0,2759.8000000000266,1796.4000000000133,1952.603999999998,611.0,0,0.0,6.26984126984127,79,1181,2014-10-14,ATR k=4 移动止损,immediate,topstep,150k
11,3,3,4,5609.303999999972,882.0,4727.303999999972,1402.325999999993,1952.603999999998,569.0,0,0.0,9.603174603174603,121,1139,2015-01-14,ATR k=4 移动止损,immediate,topstep,150k
9,2,2,9,8231.23799999998,931.0,7300.237999999979,914.581999999998,1903.1760000000127,483.0,0,0.0,14.523809523809524,183,1077,2015-04-07,ATR k=4 移动止损,immediate,topstep,150k
11,3,3,9,11072.070000000198,1078.0,9994.070000000198,1230.2300000000223,1982.0699999999633,485.0,0,0.0,16.26984126984127,205,1055,2015-06-05,ATR k=4 移动止损,immediate,topstep,150k
11,3,3,9,11072.070000000198,1078.0,9994.070000000198,1230.2300000000223,1982.0699999999633,443.0,0,0.0,16.50793650793651,208,1052,2015-08-06,ATR k=4 移动止损,immediate,topstep,150k
10,3,3,9,11072.070000000198,1029.0,10043.070000000198,1230.2300000000223,1982.0699999999633,401.0,0,0.0,16.50793650793651,208,1052,2015-10-07,ATR k=4 移动止损,immediate,topstep,150k
9,3,3,9,11072.070000000198,980.0,10092.070000000198,1230.2300000000223,1982.0699999999633,359.0,0,0.0,16.50793650793651,208,1052,2015-12-17,ATR k=4 移动止损,immediate,topstep,150k
9,2,2,12,11578.554000000127,1029.0,10549.554000000127,964.8795000000108,1982.0699999999633,273.0,0,0.0,18.095238095238095,228,1032,2016-02-19,ATR k=4 移动止损,immediate,topstep,150k
9,2,2,9,11072.070000000198,882.0,10190.070000000198,1230.2300000000223,1982.0699999999633,275.0,0,0.0,14.047619047619047,177,1083,2016-04-20,ATR k=4 移动止损,immediate,topstep,150k
9,3,3,9,11072.070000000198,931.0,10141.070000000198,1230.2300000000223,1982.0699999999633,233.0,0,0.0,15.634920634920634,197,1063,2016-06-20,ATR k=4 移动止损,immediate,topstep,150k
8,3,3,10,10649.790000000083,980.0,9669.790000000083,1064.9790000000085,1982.0699999999633,192.0,0,0.0,18.88888888888889,238,1022,2016-08-18,ATR k=4 移动止损,immediate,topstep,150k
7,3,3,10,10090.296000000211,1029.0,9061.296000000211,1009.0296000000213,1982.0699999999633,804.0,0,0.0,22.38095238095238,282,978,2016-10-18,ATR k=4 移动止损,immediate,topstep,150k
8,3,3,10,10090.296000000211,1078.0,9012.296000000211,1009.0296000000213,1982.0699999999633,762.0,0,0.0,22.38095238095238,282,978,2016-12-16,ATR k=4 移动止损,immediate,topstep,150k
8,2,2,10,10090.296000000211,980.0,9110.296000000211,1009.0296000000213,1982.0699999999633,720.0,0,0.0,19.047619047619047,240,1020,2017-02-17,ATR k=4 移动止损,immediate,topstep,150k
9,2,2,10,10090.296000000211,1029.0,9061.296000000211,1009.0296000000213,1982.0699999999633,678.0,0,0.0,19.047619047619047,240,1020,2017-04-20,ATR k=4 移动止损,immediate,topstep,150k
9,2,2,10,10090.296000000211,1029.0,9061.296000000211,1009.0296000000213,1982.0699999999633,636.0,0,0.0,19.047619047619047,240,1020,2017-06-20,ATR k=4 移动止损,immediate,topstep,150k
8,2,2,10,10090.296000000211,980.0,9110.296000000211,1009.0296000000213,1982.0699999999633,594.0,0,0.0,19.047619047619047,240,1020,2017-08-18,ATR k=4 移动止损,immediate,topstep,150k
9,4,4,11,10120.248000000212,1323.0,8797.248000000212,920.0225454545648,2760.3179999999907,475.0,0,0.0,27.6984126984127,349,911,2017-10-18,ATR k=4 移动止损,immediate,topstep,150k
10,4,4,11,10120.248000000212,1372.0,8748.248000000212,920.0225454545648,2760.3179999999907,433.0,0,0.0,27.22222222222222,343,917,2017-12-18,ATR k=4 移动止损,immediate,topstep,150k
11,5,5,11,10120.248000000212,1519.0,8601.248000000212,920.0225454545648,2760.3179999999907,391.0,0,0.0,30.158730158730158,380,880,2018-02-20,ATR k=4 移动止损,immediate,topstep,150k
10,5,5,11,10120.248000000212,1470.0,8650.248000000212,920.0225454545648,2760.3179999999907,349.0,0,0.0,30.158730158730158,380,880,2018-04-20,ATR k=4 移动止损,immediate,topstep,150k
9,5,5,11,10120.248000000212,1421.0,8699.248000000212,920.0225454545648,2760.3179999999907,307.0,0,0.0,30.634920634920636,386,874,2018-06-20,ATR k=4 移动止损,immediate,topstep,150k
6,5,5,10,10102.824000000197,980.0,9122.824000000197,1010.2824000000197,2534.5799999999845,247.0,0,0.0,19.761904761904763,249,1011,2018-08-20,ATR k=4 移动止损,immediate,topstep,150k
10,5,5,12,13202.69400000032,1421.0,11781.69400000032,1100.2245000000266,3082.446000000107,223.0,0,0.0,27.6984126984127,349,911,2018-10-18,ATR k=4 移动止损,immediate,topstep,150k
10,4,4,14,15826.842000000319,1421.0,14405.842000000319,1130.4887142857372,3082.446000000107,204.0,0,0.0,28.095238095238095,354,906,2018-12-19,ATR k=4 移动止损,immediate,topstep,150k
11,5,5,12,13202.69400000032,1470.0,11732.69400000032,1100.2245000000266,3082.446000000107,139.0,0,0.0,27.6984126984127,349,911,2019-02-21,ATR k=4 移动止损,immediate,topstep,150k
9,4,4,14,15826.842000000319,1372.0,14454.842000000319,1130.4887142857372,3082.446000000107,120.0,0,0.0,28.095238095238095,354,906,2019-04-23,ATR k=4 移动止损,immediate,topstep,150k
9,4,4,11,13586.65200000034,1225.0,12361.65200000034,1235.1501818182128,3082.446000000107,131.0,0,0.0,23.80952380952381,300,960,2019-06-21,ATR k=4 移动止损,immediate,topstep,150k
8,4,4,8,8722.656000000574,1078.0,7644.656000000574,1090.3320000000717,3082.446000000107,177.0,0,0.0,18.49206349206349,233,1027,2019-08-21,ATR k=4 移动止损,immediate,topstep,150k
8,4,4,7,7642.818000000358,1029.0,6613.818000000358,1091.831142857194,3082.446000000107,165.0,0,0.0,17.3015873015873,218,1042,2019-10-21,ATR k=4 移动止损,immediate,topstep,150k
9,5,5,13,13617.342000000737,1323.0,12294.342000000737,1047.4878461539029,3082.446000000107,131.0,0,0.0,25.238095238095237,318,942,2019-12-19,ATR k=4 移动止损,immediate,topstep,150k
10,5,5,8,10482.930000000533,1225.0,9257.930000000533,1310.3662500000669,3082.446000000107,150.0,0,0.0,21.26984126984127,268,992,2020-02-21,ATR k=4 移动止损,immediate,topstep,150k
8,4,4,6,8087.7600000004395,931.0,7156.7600000004395,1347.9600000000733,3082.446000000107,386.0,0,0.0,13.73015873015873,173,1087,2020-04-23,ATR k=4 移动止损,immediate,topstep,150k
8,5,5,7,8986.932000000532,1078.0,7908.932000000532,1283.8474285715045,3082.446000000107,324.0,0,0.0,18.650793650793652,235,1025,2020-06-23,ATR k=4 移动止损,immediate,topstep,150k
8,5,5,7,8626.69800000055,1176.0,7450.69800000055,1232.3854285715072,3082.446000000107,282.0,0,0.0,21.58730158730159,272,988,2020-08-21,ATR k=4 移动止损,immediate,topstep,150k
8,5,5,8,8883.55800000133,1274.0,7609.558000001331,1110.4447500001666,3082.446000000107,240.0,0,0.0,24.92063492063492,314,946,2020-10-21,ATR k=4 移动止损,immediate,topstep,150k
10,5,5,7,9758.07000000109,1372.0,8386.07000000109,1394.0100000001555,3082.446000000107,157.0,0,0.0,26.428571428571427,333,927,2020-12-21,ATR k=4 移动止损,immediate,topstep,150k
9,5,5,7,9978.822000000957,1274.0,8704.822000000957,1425.5460000001367,3082.446000000107,88.0,0,0.0,24.365079365079364,307,953,2021-02-23,ATR k=4 移动止损,immediate,topstep,150k
8,5,5,7,8344.62000000122,1274.0,7070.6200000012195,1192.0885714287456,3082.446000000107,134.0,0,0.0,24.761904761904763,312,948,2021-04-23,ATR k=4 移动止损,immediate,topstep,150k
7,4,4,5,6152.508000001934,1323.0,4829.508000001934,1230.5016000003868,3001.914000000071,368.0,0,0.0,29.285714285714285,369,891,2021-06-23,ATR k=4 移动止损,immediate,topstep,150k
23,2,2,2,2284.5510000000127,1323.0,961.5510000000127,1142.2755000000063,1308.2490000000137,1199.0,0,0.0,5.7936507936507935,73,1187,2010-06-07,ATR k=4 移动止损,half_buffer,topstep,150k
23,2,2,2,2284.5510000000127,1323.0,961.5510000000127,1142.2755000000063,1308.2490000000137,1157.0,0,0.0,5.7936507936507935,73,1187,2011-03-15,ATR k=4 移动止损,half_buffer,topstep,150k
22,2,2,2,2284.5510000000127,1274.0,1010.5510000000127,1142.2755000000063,1308.2490000000137,1115.0,0,0.0,5.7936507936507935,73,1187,2011-09-26,ATR k=4 移动止损,half_buffer,topstep,150k
22,2,2,2,2284.5510000000127,1274.0,1010.5510000000127,1142.2755000000063,1308.2490000000137,1073.0,0,0.0,5.7936507936507935,73,1187,2012-07-05,ATR k=4 移动止损,half_buffer,topstep,150k
19,2,2,2,2284.5510000000127,1127.0,1157.5510000000127,1142.2755000000063,1308.2490000000137,1031.0,0,0.0,5.7936507936507935,73,1187,2012-10-16,ATR k=4 移动止损,half_buffer,topstep,150k
19,2,2,2,2284.5510000000127,1127.0,1157.5510000000127,1142.2755000000063,1308.2490000000137,989.0,0,0.0,5.7936507936507935,73,1187,2013-01-11,ATR k=4 移动止损,half_buffer,topstep,150k
17,2,2,2,2284.5510000000127,1029.0,1255.5510000000127,1142.2755000000063,1308.2490000000137,947.0,0,0.0,5.7936507936507935,73,1187,2013-04-11,ATR k=4 移动止损,half_buffer,topstep,150k
17,2,2,2,2284.5510000000127,1029.0,1255.5510000000127,1142.2755000000063,1308.2490000000137,905.0,0,0.0,5.7936507936507935,73,1187,2013-06-11,ATR k=4 移动止损,half_buffer,topstep,150k
17,2,2,2,2284.5510000000127,1029.0,1255.5510000000127,1142.2755000000063,1308.2490000000137,863.0,0,0.0,5.7936507936507935,73,1187,2013-08-12,ATR k=4 移动止损,half_buffer,topstep,150k
16,2,2,2,2284.5510000000127,980.0,1304.5510000000127,1142.2755000000063,1308.2490000000137,821.0,0,0.0,5.7936507936507935,73,1187,2013-10-10,ATR k=4 移动止损,half_buffer,topstep,150k
15,2,2,2,2284.5510000000127,931.0,1353.5510000000127,1142.2755000000063,1308.2490000000137,779.0,0,0.0,5.7936507936507935,73,1187,2014-01-09,ATR k=4 移动止损,half_buffer,topstep,150k
15,2,2,2,2284.5510000000127,931.0,1353.5510000000127,1142.2755000000063,1308.2490000000137,737.0,0,0.0,5.7936507936507935,73,1187,2014-04-03,ATR k=4 移动止损,half_buffer,topstep,150k
14,2,2,2,2284.5510000000127,882.0,1402.5510000000127,1142.2755000000063,1308.2490000000137,695.0,0,0.0,5.7936507936507935,73,1187,2014-06-06,ATR k=4 移动止损,half_buffer,topstep,150k
13,2,2,2,2284.5510000000127,833.0,1451.5510000000127,1142.2755000000063,1308.2490000000137,653.0,0,0.0,5.7936507936507935,73,1187,2014-08-08,ATR k=4 移动止损,half_buffer,topstep,150k
12,3,3,2,2284.5510000000127,833.0,1451.5510000000127,1142.2755000000063,1308.2490000000137,611.0,0,0.0,6.349206349206349,80,1180,2014-10-14,ATR k=4 移动止损,half_buffer,topstep,150k
11,3,3,4,3659.8409999999653,882.0,2777.8409999999653,914.9602499999913,1308.2490000000137,569.0,0,0.0,9.682539682539682,122,1138,2015-01-14,ATR k=4 移动止损,half_buffer,topstep,150k
9,2,2,9,5881.175437499934,931.0,4950.175437499934,653.4639374999927,1200.5150624999994,483.0,0,0.0,14.603174603174603,184,1076,2015-04-07,ATR k=4 移动止损,half_buffer,topstep,150k
11,3,3,9,8346.55781250017,1078.0,7268.55781250017,927.3953125000189,1417.2631875000152,485.0,0,0.0,16.349206349206348,206,1054,2015-06-05,ATR k=4 移动止损,half_buffer,topstep,150k
10,3,3,11,9966.11020312517,1127.0,8839.11020312517,906.0100184659245,1417.2631875000152,443.0,0,0.0,19.682539682539684,248,1012,2015-08-06,ATR k=4 移动止损,half_buffer,topstep,150k
9,3,3,14,12583.094150390842,1176.0,11407.094150390842,898.7924393136316,1417.2631875000152,401.0,0,0.0,23.015873015873016,290,970,2015-10-07,ATR k=4 移动止损,half_buffer,topstep,150k
9,3,3,15,12925.586575195592,1225.0,11700.586575195592,861.7057716797061,1417.2631875000152,359.0,0,0.0,24.682539682539684,311,949,2015-12-17,ATR k=4 移动止损,half_buffer,topstep,150k
9,2,2,18,13539.80451269555,1274.0,12265.80451269555,752.2113618164192,1417.2631875000152,273.0,0,0.0,26.26984126984127,331,929,2016-02-19,ATR k=4 移动止损,half_buffer,topstep,150k
9,2,2,15,12925.586575195592,1127.0,11798.586575195592,861.7057716797061,1417.2631875000152,275.0,0,0.0,22.22222222222222,280,980,2016-04-20,ATR k=4 移动止损,half_buffer,topstep,150k
9,3,3,15,12925.586575195592,1176.0,11749.586575195592,861.7057716797061,1417.2631875000152,233.0,0,0.0,23.73015873015873,299,961,2016-06-20,ATR k=4 移动止损,half_buffer,topstep,150k
10,5,5,14,8881.503609375024,1470.0,7411.503609375024,634.3931149553589,1813.149562499988,192.0,0,0.0,30.793650793650794,388,872,2016-08-18,ATR k=4 移动止损,half_buffer,topstep,150k
7,3,3,15,12050.660575195563,1274.0,10776.660575195563,803.3773716797042,1417.2631875000152,804.0,0,0.0,30.396825396825395,383,877,2016-10-18,ATR k=4 移动止损,half_buffer,topstep,150k
7,3,3,17,13420.57982519557,1372.0,12048.57982519557,789.4458720703277,1417.2631875000152,762.0,0,0.0,33.73015873015873,425,835,2016-12-16,ATR k=4 移动止损,half_buffer,topstep,150k
8,2,2,18,13457.59570019565,1421.0,12036.59570019565,747.6442055664252,1417.2631875000152,720.0,0,0.0,33.25396825396825,419,841,2017-02-17,ATR k=4 移动止损,half_buffer,topstep,150k
8,2,2,18,13457.59570019565,1421.0,12036.59570019565,747.6442055664252,1417.2631875000152,678.0,0,0.0,33.25396825396825,419,841,2017-04-20,ATR k=4 移动止损,half_buffer,topstep,150k
8,2,2,18,13457.59570019565,1421.0,12036.59570019565,747.6442055664252,1417.2631875000152,636.0,0,0.0,33.25396825396825,419,841,2017-06-20,ATR k=4 移动止损,half_buffer,topstep,150k
7,2,2,18,13457.59570019565,1372.0,12085.59570019565,747.6442055664252,1417.2631875000152,594.0,0,0.0,33.25396825396825,419,841,2017-08-18,ATR k=4 移动止损,half_buffer,topstep,150k
8,4,4,16,9732.272203125123,1519.0,8213.272203125123,608.2670126953203,1813.149562499988,475.0,0,0.0,36.58730158730159,461,799,2017-10-18,ATR k=4 移动止损,half_buffer,topstep,150k
9,4,4,16,9732.272203125123,1568.0,8164.272203125123,608.2670126953203,1813.149562499988,433.0,0,0.0,36.111111111111114,455,805,2017-12-18,ATR k=4 移动止损,half_buffer,topstep,150k
10,5,5,16,9732.272203125123,1715.0,8017.272203125123,608.2670126953203,1813.149562499988,391.0,0,0.0,38.73015873015873,488,772,2018-02-20,ATR k=4 移动止损,half_buffer,topstep,150k
9,5,5,16,9732.272203125123,1666.0,8066.272203125123,608.2670126953203,1813.149562499988,349.0,0,0.0,38.73015873015873,488,772,2018-04-20,ATR k=4 移动止损,half_buffer,topstep,150k
8,5,5,16,9732.272203125123,1617.0,8115.272203125123,608.2670126953203,1813.149562499988,307.0,0,0.0,39.20634920634921,494,766,2018-06-20,ATR k=4 移动止损,half_buffer,topstep,150k
6,5,5,17,11464.954136718858,1421.0,10043.954136718858,674.4090668658154,1793.9178281249901,247.0,0,0.0,35.476190476190474,447,813,2018-08-20,ATR k=4 移动止损,half_buffer,topstep,150k
8,5,5,17,11273.495203125176,1568.0,9705.495203125176,663.1467766544222,1813.149562499988,223.0,0,0.0,37.857142857142854,477,783,2018-10-18,ATR k=4 移动止损,half_buffer,topstep,150k
8,4,4,22,17652.76250811813,1764.0,15888.762508118129,802.3982958235512,1541.2230000000534,204.0,0,0.0,44.04761904761905,555,705,2018-12-19,ATR k=4 移动止损,half_buffer,topstep,150k
9,5,5,17,11273.495203125176,1666.0,9607.495203125176,663.1467766544222,1813.149562499988,139.0,0,0.0,38.17460317460318,481,779,2019-02-21,ATR k=4 移动止损,half_buffer,topstep,150k
7,4,4,22,17652.76250811813,1715.0,15937.762508118129,802.3982958235512,1541.2230000000534,120.0,0,0.0,44.04761904761905,555,705,2019-04-23,ATR k=4 移动止损,half_buffer,topstep,150k
7,4,4,20,15655.064563477064,1617.0,14038.064563477064,782.7532281738534,1541.2230000000534,131.0,0,0.0,39.682539682539684,500,760,2019-06-21,ATR k=4 移动止损,half_buffer,topstep,150k
7,4,4,10,6787.537593750287,1225.0,5562.537593750287,678.7537593750286,1569.8565000000162,177.0,0,0.0,26.19047619047619,330,930,2019-08-21,ATR k=4 移动止损,half_buffer,topstep,150k
7,4,4,13,8558.122218750277,1323.0,7235.122218750277,658.3170937500213,1541.2230000000534,165.0,0,0.0,30.793650793650794,388,872,2019-10-21,ATR k=4 移动止损,half_buffer,topstep,150k
7,5,5,15,10428.11704687546,1421.0,9007.11704687546,695.2078031250308,1541.2230000000534,131.0,0,0.0,32.46031746031746,409,851,2019-12-19,ATR k=4 移动止损,half_buffer,topstep,150k
7,5,5,13,9019.248468750608,1421.0,7598.248468750608,693.7883437500467,1541.2230000000534,150.0,0,0.0,32.46031746031746,409,851,2020-02-21,ATR k=4 移动止损,half_buffer,topstep,150k
6,4,4,10,9755.709468750705,1078.0,8677.709468750705,975.5709468750705,1742.4320625001085,386.0,0,0.0,22.46031746031746,283,977,2020-04-23,ATR k=4 移动止损,half_buffer,topstep,150k
7,4,4,13,12269.709492188558,1225.0,11044.709492188558,943.8238070914275,1742.4320625001085,324.0,0,0.0,27.3015873015873,344,916,2020-06-23,ATR k=4 移动止损,half_buffer,topstep,150k
7,4,4,13,11931.990117188576,1225.0,10706.990117188576,917.8453936298906,1742.4320625001085,282.0,0,0.0,26.904761904761905,339,921,2020-08-21,ATR k=4 移动止损,half_buffer,topstep,150k
7,4,4,13,11931.990117188576,1225.0,10706.990117188576,917.8453936298906,1742.4320625001085,240.0,0,0.0,26.904761904761905,339,921,2020-10-21,ATR k=4 移动止损,half_buffer,topstep,150k
8,4,4,15,13502.890335938459,1421.0,12081.890335938459,900.1926890625639,1742.4320625001085,157.0,0,0.0,32.301587301587304,407,853,2020-12-21,ATR k=4 移动止损,half_buffer,topstep,150k
7,4,4,16,14259.006210938423,1372.0,12887.006210938423,891.1878881836514,1742.4320625001085,88.0,0,0.0,32.46031746031746,409,851,2021-02-23,ATR k=4 移动止损,half_buffer,topstep,150k
7,4,4,12,11432.88274218847,1176.0,10256.88274218847,952.7402285157059,1742.4320625001085,134.0,0,0.0,24.92063492063492,314,946,2021-04-23,ATR k=4 移动止损,half_buffer,topstep,150k
7,3,3,11,11228.357742189099,1176.0,10052.357742189099,1020.7597947444635,1742.4320625001085,368.0,0,0.0,27.61904761904762,348,912,2021-06-23,ATR k=4 移动止损,half_buffer,topstep,150k
22,2,2,1,1952.603999999998,1323.0,629.603999999998,1952.603999999998,1952.603999999998,1199.0,0,0.0,7.142857142857143,90,1170,2010-06-07,ATR k=4 移动止损,accumulate,topstep,150k
22,2,2,1,1952.603999999998,1323.0,629.603999999998,1952.603999999998,1952.603999999998,1157.0,0,0.0,7.142857142857143,90,1170,2011-03-15,ATR k=4 移动止损,accumulate,topstep,150k
21,2,2,1,1952.603999999998,1274.0,678.603999999998,1952.603999999998,1952.603999999998,1115.0,0,0.0,7.142857142857143,90,1170,2011-09-26,ATR k=4 移动止损,accumulate,topstep,150k
21,2,2,1,1952.603999999998,1274.0,678.603999999998,1952.603999999998,1952.603999999998,1073.0,0,0.0,7.142857142857143,90,1170,2012-07-05,ATR k=4 移动止损,accumulate,topstep,150k
18,2,2,1,1952.603999999998,1127.0,825.603999999998,1952.603999999998,1952.603999999998,1031.0,0,0.0,7.142857142857143,90,1170,2012-10-16,ATR k=4 移动止损,accumulate,topstep,150k
18,2,2,1,1952.603999999998,1127.0,825.603999999998,1952.603999999998,1952.603999999998,989.0,0,0.0,7.142857142857143,90,1170,2013-01-11,ATR k=4 移动止损,accumulate,topstep,150k
16,2,2,1,1952.603999999998,1029.0,923.603999999998,1952.603999999998,1952.603999999998,947.0,0,0.0,7.142857142857143,90,1170,2013-04-11,ATR k=4 移动止损,accumulate,topstep,150k
16,2,2,1,1952.603999999998,1029.0,923.603999999998,1952.603999999998,1952.603999999998,905.0,0,0.0,7.142857142857143,90,1170,2013-06-11,ATR k=4 移动止损,accumulate,topstep,150k
16,2,2,1,1952.603999999998,1029.0,923.603999999998,1952.603999999998,1952.603999999998,863.0,0,0.0,7.142857142857143,90,1170,2013-08-12,ATR k=4 移动止损,accumulate,topstep,150k
15,2,2,1,1952.603999999998,980.0,972.603999999998,1952.603999999998,1952.603999999998,821.0,0,0.0,7.142857142857143,90,1170,2013-10-10,ATR k=4 移动止损,accumulate,topstep,150k
14,2,2,1,1952.603999999998,931.0,1021.603999999998,1952.603999999998,1952.603999999998,779.0,0,0.0,7.142857142857143,90,1170,2014-01-09,ATR k=4 移动止损,accumulate,topstep,150k
14,2,2,1,1952.603999999998,931.0,1021.603999999998,1952.603999999998,1952.603999999998,737.0,0,0.0,7.142857142857143,90,1170,2014-04-03,ATR k=4 移动止损,accumulate,topstep,150k
13,2,2,1,1952.603999999998,882.0,1070.603999999998,1952.603999999998,1952.603999999998,695.0,0,0.0,7.142857142857143,90,1170,2014-06-06,ATR k=4 移动止损,accumulate,topstep,150k
12,2,2,1,1952.603999999998,833.0,1119.603999999998,1952.603999999998,1952.603999999998,653.0,0,0.0,7.142857142857143,90,1170,2014-08-08,ATR k=4 移动止损,accumulate,topstep,150k
11,3,3,1,1952.603999999998,833.0,1119.603999999998,1952.603999999998,1952.603999999998,611.0,0,0.0,7.698412698412699,97,1163,2014-10-14,ATR k=4 移动止损,accumulate,topstep,150k
11,3,3,2,4313.483999999957,882.0,3431.4839999999567,2156.7419999999784,2360.8799999999583,569.0,0,0.0,9.920634920634921,125,1135,2015-01-14,ATR k=4 移动止损,accumulate,topstep,150k
10,2,2,3,6503.813999999941,833.0,5670.813999999941,2167.9379999999805,2360.8799999999583,525.0,0,0.0,9.682539682539682,122,1138,2015-04-07,ATR k=4 移动止损,accumulate,topstep,150k
11,3,3,2,4313.483999999957,882.0,3431.4839999999567,2156.7419999999784,2360.8799999999583,485.0,0,0.0,9.920634920634921,125,1135,2015-06-05,ATR k=4 移动止损,accumulate,topstep,150k
10,4,4,2,4313.483999999957,931.0,3382.4839999999567,2156.7419999999784,2360.8799999999583,443.0,0,0.0,12.698412698412698,160,1100,2015-08-06,ATR k=4 移动止损,accumulate,topstep,150k
9,4,4,3,6612.119999999964,980.0,5632.119999999964,2204.039999999988,2360.8799999999583,401.0,0,0.0,16.03174603174603,202,1058,2015-10-07,ATR k=4 移动止损,accumulate,topstep,150k
9,4,4,3,6612.119999999964,1029.0,5583.119999999964,2204.039999999988,2360.8799999999583,359.0,0,0.0,17.61904761904762,222,1038,2015-12-17,ATR k=4 移动止损,accumulate,topstep,150k
10,3,3,4,8802.449999999948,1078.0,7724.449999999948,2200.612499999987,2360.8799999999583,315.0,0,0.0,17.38095238095238,219,1041,2016-02-19,ATR k=4 移动止损,accumulate,topstep,150k
9,3,3,3,6612.119999999964,931.0,5681.119999999964,2204.039999999988,2360.8799999999583,275.0,0,0.0,15.158730158730158,191,1069,2016-04-20,ATR k=4 移动止损,accumulate,topstep,150k
9,4,4,3,6612.119999999964,980.0,5632.119999999964,2204.039999999988,2360.8799999999583,233.0,0,0.0,16.666666666666668,210,1050,2016-06-20,ATR k=4 移动止损,accumulate,topstep,150k
8,4,4,3,6562.691999999979,1029.0,5533.691999999979,2187.563999999993,2360.8799999999583,192.0,0,0.0,19.841269841269842,250,1010,2016-08-18,ATR k=4 移动止损,accumulate,topstep,150k
9,4,4,3,6638.633999999904,1078.0,5560.633999999904,2212.877999999968,2360.8799999999583,805.0,0,0.0,20.476190476190474,258,1002,2016-10-18,ATR k=4 移动止损,accumulate,topstep,150k
9,4,4,3,6638.633999999904,1078.0,5560.633999999904,2212.877999999968,2360.8799999999583,763.0,0,0.0,20.476190476190474,258,1002,2016-12-16,ATR k=4 移动止损,accumulate,topstep,150k
9,3,3,3,6638.633999999904,980.0,5658.633999999904,2212.877999999968,2360.8799999999583,721.0,0,0.0,17.142857142857142,216,1044,2017-02-17,ATR k=4 移动止损,accumulate,topstep,150k
10,3,3,3,6638.633999999904,1029.0,5609.633999999904,2212.877999999968,2360.8799999999583,679.0,0,0.0,17.142857142857142,216,1044,2017-04-20,ATR k=4 移动止损,accumulate,topstep,150k
10,3,3,3,6638.633999999904,1029.0,5609.633999999904,2212.877999999968,2360.8799999999583,637.0,0,0.0,17.142857142857142,216,1044,2017-06-20,ATR k=4 移动止损,accumulate,topstep,150k
9,3,3,3,6638.633999999904,980.0,5658.633999999904,2212.877999999968,2360.8799999999583,595.0,0,0.0,17.142857142857142,216,1044,2017-08-18,ATR k=4 移动止损,accumulate,topstep,150k
9,4,4,5,10805.255999999892,1323.0,9482.255999999892,2161.0511999999785,2360.8799999999583,499.0,0,0.0,28.253968253968253,356,904,2017-10-18,ATR k=4 移动止损,accumulate,topstep,150k
10,4,4,5,10805.255999999892,1372.0,9433.255999999892,2161.0511999999785,2360.8799999999583,457.0,0,0.0,27.77777777777778,350,910,2017-12-18,ATR k=4 移动止损,accumulate,topstep,150k
11,5,5,5,10805.255999999892,1519.0,9286.255999999892,2161.0511999999785,2360.8799999999583,415.0,0,0.0,30.714285714285715,387,873,2018-02-20,ATR k=4 移动止损,accumulate,topstep,150k
10,5,5,5,10805.255999999892,1470.0,9335.255999999892,2161.0511999999785,2360.8799999999583,373.0,0,0.0,30.714285714285715,387,873,2018-04-20,ATR k=4 移动止损,accumulate,topstep,150k
9,5,5,5,10805.255999999892,1421.0,9384.255999999892,2161.0511999999785,2360.8799999999583,331.0,0,0.0,31.19047619047619,393,867,2018-06-20,ATR k=4 移动止损,accumulate,topstep,150k
7,5,5,6,12533.129999999881,1225.0,11308.129999999881,2088.85499999998,2360.8799999999583,249.0,0,0.0,27.46031746031746,346,914,2018-08-20,ATR k=4 移动止损,accumulate,topstep,150k
10,5,5,6,13887.702,1421.0,12466.702,2314.6169999999997,3082.446000000107,247.0,0,0.0,28.253968253968253,356,904,2018-10-18,ATR k=4 移动止损,accumulate,topstep,150k
10,5,5,5,12226.950000000157,1470.0,10756.950000000157,2445.3900000000313,3161.2860000000337,244.0,0,0.0,26.58730158730159,335,925,2018-12-19,ATR k=4 移动止损,accumulate,topstep,150k
11,5,5,6,13887.702,1470.0,12417.702,2314.6169999999997,3082.446000000107,163.0,0,0.0,28.253968253968253,356,904,2019-02-21,ATR k=4 移动止损,accumulate,topstep,150k
9,5,5,5,12226.950000000157,1421.0,10805.950000000157,2445.3900000000313,3161.2860000000337,160.0,0,0.0,26.58730158730159,335,925,2019-04-23,ATR k=4 移动止损,accumulate,topstep,150k
9,5,5,4,10133.730000000169,1274.0,8859.730000000169,2533.432500000042,3161.2860000000337,132.0,0,0.0,22.3015873015873,281,979,2019-06-21,ATR k=4 移动止损,accumulate,topstep,150k
9,4,4,4,9525.096000000369,1127.0,8398.096000000369,2381.274000000092,3082.446000000107,192.0,0,0.0,18.73015873015873,236,1024,2019-08-21,ATR k=4 移动止损,accumulate,topstep,150k
9,4,4,3,7522.3980000001575,1029.0,6493.3980000001575,2507.4660000000526,3082.446000000107,175.0,0,0.0,14.841269841269842,187,1073,2019-10-21,ATR k=4 移动止损,accumulate,topstep,150k
9,5,5,4,9824.148000000238,1127.0,8697.148000000238,2456.0370000000594,3082.446000000107,133.0,0,0.0,17.22222222222222,217,1043,2019-12-19,ATR k=4 移动止损,accumulate,topstep,150k
8,5,5,5,12632.436000000715,1274.0,11358.436000000715,2526.487200000143,3082.446000000107,434.0,0,0.0,24.841269841269842,313,947,2020-02-21,ATR k=4 移动止损,accumulate,topstep,150k
8,4,4,4,10771.470000000645,1078.0,9693.470000000645,2692.8675000001613,3082.446000000107,856.0,0,0.0,19.603174603174605,247,1013,2020-04-23,ATR k=4 移动止损,accumulate,topstep,150k
9,4,4,5,12992.670000000697,1127.0,11865.670000000697,2598.5340000001393,3082.446000000107,350.0,0,0.0,18.095238095238095,228,1032,2020-06-23,ATR k=4 移动止损,accumulate,topstep,150k
9,4,4,5,12632.436000000715,1127.0,11505.436000000715,2526.487200000143,3082.446000000107,308.0,0,0.0,17.857142857142858,225,1035,2020-08-21,ATR k=4 移动止损,accumulate,topstep,150k
9,4,4,5,12632.436000000715,1127.0,11505.436000000715,2526.487200000143,3082.446000000107,266.0,0,0.0,17.857142857142858,225,1035,2020-10-21,ATR k=4 移动止损,accumulate,topstep,150k
9,4,4,5,12843.558000000572,1127.0,11716.558000000572,2568.7116000001142,3082.446000000107,174.0,0,0.0,18.174603174603174,229,1031,2020-12-21,ATR k=4 移动止损,accumulate,topstep,150k
8,4,4,5,13243.014000000569,1078.0,12165.014000000569,2648.602800000114,3082.446000000107,127.0,0,0.0,18.333333333333332,231,1029,2021-02-23,ATR k=4 移动止损,accumulate,topstep,150k
8,4,4,4,10771.470000000645,1078.0,9693.470000000645,2692.8675000001613,3082.446000000107,604.0,0,0.0,19.603174603174605,247,1013,2021-04-23,ATR k=4 移动止损,accumulate,topstep,150k
7,3,3,4,9776.934000001527,1127.0,8649.934000001527,2444.233500000382,3001.914000000071,384.0,0,0.0,22.46031746031746,283,977,2021-06-23,ATR k=4 移动止损,accumulate,topstep,150k
